Accession,Title,Automated_Decision,Automated_Score,Automated_Reason,Final_Decision,Final_Reason,Decision_Source,Stage1_Pass,Scope_Category,Skin_Terms,Aging_Terms,Sample_Terms,Age_Contrast_Terms,Intervention_Terms,Incidental_Signals,Off_Topic_Signals,Central_Sentences,Submission_Date,GEO_Link
GSE301192,"XRCC1 Deficiency Drives Telomeric Chromatin Leakage, Inflammatory signaling and Senescence in Cancer Cells",exclude,-1,第一阶段未同时发现皮肤对象和老化概念,exclude,第一阶段未同时发现皮肤对象和老化概念,two_stage_rule,False,cellular_senescence,,senescence,,,,,cancer,0,2026/07/08,https://www.ncbi.nlm.nih.gov/geo/query/acc.cgi?acc=GSE301192
GSE315794,Non-ablative fractional laser 1940nm treatment series modulates epigenetic pathways and signs of skin aging: a split face investigation,include,12,标题明确以皮肤老化为研究主问题，实验设计未发现相反证据,include,标题明确以皮肤老化为研究主问题，实验设计未发现相反证据,two_stage_rule,True,rejuvenation_intervention,skin; cutaneous; epidermis,skin_aging; age_related; aging_generic; rejuvenation,,,aged_skin_treatment,,,2,2026/07/08,https://www.ncbi.nlm.nih.gov/geo/query/acc.cgi?acc=GSE315794
GSE280255,In vivo single-cell ribosome profiling reveals cell-type-specific translational programs during aging,include,18,明确包含皮肤样本，并设置年龄、衰老或光老化对照,include,明确包含皮肤样本，并设置年龄、衰老或光老化对照,two_stage_rule,True,intrinsic_skin_aging,skin; epidermis; skin_stem_cell,aged_skin; aging_generic; aged; young_vs_old,skin_direct; skin_tissue; epidermal_sample,young_vs_old; age_groups,,,,1,2026/07/01,https://www.ncbi.nlm.nih.gov/geo/query/acc.cgi?acc=GSE280255
GSE280330,In vivo single-cell ribosome profiling reveals cell-type-specific translational programs during aging [scRNA-Seq],include,13,明确包含皮肤样本，并设置年龄、衰老或光老化对照,include,明确包含皮肤样本，并设置年龄、衰老或光老化对照,two_stage_rule,True,intrinsic_skin_aging,skin; epidermis; skin_stem_cell,aged_skin; aging_generic; aged; young_vs_old,skin_direct; epidermal_sample,young_vs_old,,,,1,2026/07/01,https://www.ncbi.nlm.nih.gov/geo/query/acc.cgi?acc=GSE280330
GSE336400,Age-related changes in the phenotype and function of mouse skin macrophages,include,8,标题明确以老化/细胞衰老为主题，Overall Design 验证了皮肤来源样本,include,标题明确以老化/细胞衰老为主题，Overall Design 验证了皮肤来源样本,two_stage_rule,True,intrinsic_skin_aging,skin; dermis,skin_aging; aged_skin; age_related; aging_generic; aged; young_vs_old,skin_direct,,aged_skin_treatment,,blood,1,2026/07/01,https://www.ncbi.nlm.nih.gov/geo/query/acc.cgi?acc=GSE336400
GSE294336,BMAL1 and YAP cooperate to hijack enhancers and promote inflammation in the aged epidermis [RNA-seq Aged_adult],include,14,明确包含皮肤样本，并设置年龄、衰老或光老化对照,include,明确包含皮肤样本，并设置年龄、衰老或光老化对照,two_stage_rule,True,aged_skin_repair,skin; epidermis,skin_aging; aged_skin; age_related; aging_generic; aged,skin_direct,young_vs_old,,,,1,2026/06/25,https://www.ncbi.nlm.nih.gov/geo/query/acc.cgi?acc=GSE294336
GSE294339,BMAL1 and YAP cooperate to hijack enhancers and promote inflammation in the aged epidermis [RNA-seq Col14],include,8,标题明确以皮肤老化为研究主问题，实验设计未发现相反证据,include,标题明确以皮肤老化为研究主问题，实验设计未发现相反证据,two_stage_rule,True,aged_skin_repair,skin; epidermis,skin_aging; aged_skin; age_related; aging_generic; aged,,,,,,1,2026/06/25,https://www.ncbi.nlm.nih.gov/geo/query/acc.cgi?acc=GSE294339
GSE294069,BMAL1 and YAP cooperate to hijack enhancers and promote inflammation in the aged epidermis [ChIP-Seq 1],include,14,明确包含皮肤样本，并设置年龄、衰老或光老化对照,include,明确包含皮肤样本，并设置年龄、衰老或光老化对照,two_stage_rule,True,aged_skin_repair,skin; epidermis,skin_aging; aged_skin; age_related; aging_generic; aged,skin_direct,young_vs_old,,,,1,2026/06/23,https://www.ncbi.nlm.nih.gov/geo/query/acc.cgi?acc=GSE294069
GSE294070,BMAL1 and YAP cooperate to hijack enhancers and promote inflammation in the aged epidermis [ChIP-Seq 2],include,14,明确包含皮肤样本，并设置年龄、衰老或光老化对照,include,明确包含皮肤样本，并设置年龄、衰老或光老化对照,two_stage_rule,True,aged_skin_repair,skin; epidermis,skin_aging; aged_skin; age_related; aging_generic; aged,skin_direct,young_vs_old,,,,1,2026/06/23,https://www.ncbi.nlm.nih.gov/geo/query/acc.cgi?acc=GSE294070
GSE329010,BMAL1 and YAP cooperate to hijack enhancers and promote inflammation in the aged epidermis [RNA-Seq],include,14,明确包含皮肤样本，并设置年龄、衰老或光老化对照,include,明确包含皮肤样本，并设置年龄、衰老或光老化对照,two_stage_rule,True,aged_skin_repair,skin; epidermis,skin_aging; aged_skin; age_related; aging_generic; aged,skin_direct,young_vs_old,,,,1,2026/06/23,https://www.ncbi.nlm.nih.gov/geo/query/acc.cgi?acc=GSE329010
GSE329011,BMAL1 and YAP cooperate to hijack enhancers and promote inflammation in the aged epidermis [ChIP-Seq],include,14,明确包含皮肤样本，并设置年龄、衰老或光老化对照,include,明确包含皮肤样本，并设置年龄、衰老或光老化对照,two_stage_rule,True,aged_skin_repair,skin; epidermis,skin_aging; aged_skin; age_related; aging_generic; aged,skin_direct,young_vs_old,,,,1,2026/06/23,https://www.ncbi.nlm.nih.gov/geo/query/acc.cgi?acc=GSE329011
GSE206070,ZNF512B protects critical regulatory regions to safeguard long term genomic integrity. [CUT&RUN],exclude,0,同时命中皮肤和老化词，但缺少主研究问题与样本证据,exclude,同时命中皮肤和老化词，但缺少主研究问题与样本证据,two_stage_rule,True,cellular_senescence,cutaneous,age_related; aging_generic; senescence,,,,,,0,2026/06/22,https://www.ncbi.nlm.nih.gov/geo/query/acc.cgi?acc=GSE206070
GSE206071,ZNF512B protects critical regulatory regions to safeguard long term genomic integrity. [RNA-Seq],exclude,-3,Overall Design 的实际样本属于其他器官、肿瘤或非皮肤细胞,exclude,Overall Design 的实际样本属于其他器官、肿瘤或非皮肤细胞,two_stage_rule,True,cellular_senescence,cutaneous,age_related; aging_generic; senescence,,,,,lung,0,2026/06/22,https://www.ncbi.nlm.nih.gov/geo/query/acc.cgi?acc=GSE206071
GSE206077,ZNF512B protects critical regulatory regions to safeguard long term genomic integrity. [screening],exclude,0,同时命中皮肤和老化词，但缺少主研究问题与样本证据,exclude,同时命中皮肤和老化词，但缺少主研究问题与样本证据,two_stage_rule,True,cellular_senescence,cutaneous,age_related; aging_generic; senescence,,,,,,0,2026/06/22,https://www.ncbi.nlm.nih.gov/geo/query/acc.cgi?acc=GSE206077
GSE329112,Aging disrupts spatiotemporal coordination in the cycling murine ovary,exclude,-1,第一阶段未同时发现皮肤对象和老化概念,exclude,第一阶段未同时发现皮肤对象和老化概念,two_stage_rule,False,intrinsic_skin_aging,,chronological_aging; age_related; aging_generic,,,,,reproductive,0,2026/06/17,https://www.ncbi.nlm.nih.gov/geo/query/acc.cgi?acc=GSE329112
GSE334230,Single-Cell Atlas of Photoaged Skin Reveals JAK-STAT Blockade as a Strategy to Reverse Dermal Remodeling,include,18,明确包含皮肤样本，并设置年龄、衰老或光老化对照,include,明确包含皮肤样本，并设置年龄、衰老或光老化对照,two_stage_rule,True,photoaging,skin; cutaneous; dermis,photoaging; chronological_aging; aging_generic,skin_direct,photoaging_model,aged_skin_treatment,,,2,2026/06/10,https://www.ncbi.nlm.nih.gov/geo/query/acc.cgi?acc=GSE334230
GSE334271,In vivo base editing partially rescues bone dysplasia in a mouse model of Hutchinson-Gilford Progeria Syndrome,exclude,-6,研究核心为特定疾病模型，未直接研究皮肤老化,exclude,研究核心为特定疾病模型，未直接研究皮肤老化,two_stage_rule,True,intrinsic_skin_aging,dermis,aging_generic; premature_aging,,,,,skeletal_repair; systemic_premature_aging,0,2026/06/10,https://www.ncbi.nlm.nih.gov/geo/query/acc.cgi?acc=GSE334271
GSE329677,"DNA damage drives a unique, Alzheimer’s disease-relevant senescent state in neurons",exclude,-1,第一阶段未同时发现皮肤对象和老化概念,exclude,第一阶段未同时发现皮肤对象和老化概念,two_stage_rule,False,cellular_senescence,,senescence,,,,,neurologic,0,2026/05/29,https://www.ncbi.nlm.nih.gov/geo/query/acc.cgi?acc=GSE329677
GSE326951,Effect of sauchinone on gene expression in UVB-induced photoaging of dermal fibroblasts,include,14,明确包含皮肤样本，并设置年龄、衰老或光老化对照,include,明确包含皮肤样本，并设置年龄、衰老或光老化对照,two_stage_rule,True,photoaging,skin; dermis; dermal_fibroblast,photoaging,dermal_sample,photoaging_model,,,,1,2026/05/27,https://www.ncbi.nlm.nih.gov/geo/query/acc.cgi?acc=GSE326951
GSE288480,The Arp2/3 complex maintains genome integrity and survival of epidermal Langerhans cells,exclude,2,同时命中皮肤和老化词，但缺少主研究问题与样本证据,exclude,同时命中皮肤和老化词，但缺少主研究问题与样本证据,two_stage_rule,True,intrinsic_skin_aging,epidermis,aging_generic,,,,,,0,2026/05/20,https://www.ncbi.nlm.nih.gov/geo/query/acc.cgi?acc=GSE288480
GSE304124,Mapping Cellular Senescence in Human Dental Follicle and Odontogenic Keratocyst,exclude,-1,第一阶段未同时发现皮肤对象和老化概念,exclude,第一阶段未同时发现皮肤对象和老化概念,two_stage_rule,False,cellular_senescence,,senescence,,,,,dental,0,2026/05/20,https://www.ncbi.nlm.nih.gov/geo/query/acc.cgi?acc=GSE304124
GSE290999,DNA methylation gain at polycomb CpG islands is a hallmark of cellular aging,exclude,2,第一阶段未同时发现皮肤对象和老化概念,exclude,第一阶段未同时发现皮肤对象和老化概念,two_stage_rule,False,intrinsic_skin_aging,,age_related; aging_generic; young_vs_old,,,,,,0,2026/05/05,https://www.ncbi.nlm.nih.gov/geo/query/acc.cgi?acc=GSE290999
GSE294378,Comprehensive analysis of the biological properties of BIOGF1K via the construction of a competing endogenous RNA network,include,7,皮肤样本用于验证抗衰老或年轻化干预,include,皮肤样本用于验证抗衰老或年轻化干预,two_stage_rule,True,photoaging,skin; epidermis; keratinocyte,photoaging; aging_generic; rejuvenation,keratinocyte_sample,,anti_aging_intervention,,,1,2026/04/30,https://www.ncbi.nlm.nih.gov/geo/query/acc.cgi?acc=GSE294378
GSE264314,Topical application of Urolithin A slows intrinsic skin aging and protects from UVB-mediated photodamage: Findings from Randomized Clinical Trials,include,18,标题明确以老化/细胞衰老为主题，Overall Design 验证了皮肤来源样本,include,标题明确以老化/细胞衰老为主题，Overall Design 验证了皮肤来源样本,two_stage_rule,True,photoaging,skin,skin_aging; photoaging; chronological_aging; aging_generic; aged,skin_biopsy; skin_punch_biopsy,,aged_skin_treatment,,,1,2026/04/18,https://www.ncbi.nlm.nih.gov/geo/query/acc.cgi?acc=GSE264314
GSE326187,Combined dopamine receptor inhibition and radiotherapy target mesothelioma-initiating cells and increase survival in a mouse model of mesothelioma,exclude,0,第一阶段未同时发现皮肤对象和老化概念,exclude,第一阶段未同时发现皮肤对象和老化概念,two_stage_rule,False,cellular_senescence,,senescence,,,,,,0,2026/04/01,https://www.ncbi.nlm.nih.gov/geo/query/acc.cgi?acc=GSE326187
GSE326090,"Inertia-driven, self-powered electrotherapy for enhanced wound regeneration",exclude,0,同时命中皮肤和老化词，但缺少主研究问题与样本证据,exclude,同时命中皮肤和老化词，但缺少主研究问题与样本证据,two_stage_rule,True,aged_skin_repair,skin; epidermis,aging_generic,,,,,,0,2026/03/31,https://www.ncbi.nlm.nih.gov/geo/query/acc.cgi?acc=GSE326090
GSE293125,DNA methylation differences underlying female reproductive aging,exclude,-1,第一阶段未同时发现皮肤对象和老化概念,exclude,第一阶段未同时发现皮肤对象和老化概念,two_stage_rule,False,intrinsic_skin_aging,,age_related; aging_generic,,,,,reproductive,0,2026/03/27,https://www.ncbi.nlm.nih.gov/geo/query/acc.cgi?acc=GSE293125
GSE300231,Age-related gene expression alteration responding to mechanical force and TGFβ signaling [ATAC-seq],exclude,2,第一阶段未同时发现皮肤对象和老化概念,exclude,第一阶段未同时发现皮肤对象和老化概念,two_stage_rule,False,rejuvenation_intervention,,age_related; aging_generic; young_vs_old; rejuvenation,,,,,,0,2026/03/27,https://www.ncbi.nlm.nih.gov/geo/query/acc.cgi?acc=GSE300231
GSE318600,Psoriasis-like disease prevents squamous skin tumor development by neutrophil-driven inflammation,exclude,4,研究核心为特定疾病模型，未直接研究皮肤老化,exclude,研究核心为特定疾病模型，未直接研究皮肤老化,two_stage_rule,True,cellular_senescence,skin; cutaneous; keratinocyte,senescence,skin_direct; skin_tissue,,,,cancer; other_disease,1,2026/03/25,https://www.ncbi.nlm.nih.gov/geo/query/acc.cgi?acc=GSE318600
GSE302932,Transcriptomic profiling of chlorogenic acid and taurine treatment in human skin cells provides insights into cellular senescence mechanisms,include,16,标题明确以老化/细胞衰老为主题，Overall Design 验证了皮肤来源样本,include,标题明确以老化/细胞衰老为主题，Overall Design 验证了皮肤来源样本,two_stage_rule,True,cellular_senescence,skin; epidermis; keratinocyte; melanocyte,skin_aging; aging_generic; senescence; rejuvenation,keratinocyte_sample; melanocyte_sample,,anti_aging_intervention,,,3,2026/03/23,https://www.ncbi.nlm.nih.gov/geo/query/acc.cgi?acc=GSE302932
GSE310764,The post-reproductive ovary shifts from a reproductive to an immune organ,exclude,-3,第一阶段未同时发现皮肤对象和老化概念,exclude,第一阶段未同时发现皮肤对象和老化概念,two_stage_rule,False,cellular_senescence,,aging_generic; young_vs_old; senescence,,,,,reproductive,0,2026/03/17,https://www.ncbi.nlm.nih.gov/geo/query/acc.cgi?acc=GSE310764
GSE299177,Unique sequence features define epigenetic longevity of inflammatory memory [ATAC-seq],exclude,0,第一阶段未同时发现皮肤对象和老化概念,exclude,第一阶段未同时发现皮肤对象和老化概念,two_stage_rule,False,intrinsic_skin_aging,skin; epidermis; skin_stem_cell,,,,,,,0,2026/03/16,https://www.ncbi.nlm.nih.gov/geo/query/acc.cgi?acc=GSE299177
GSE299178,Unique sequence features define epigenetic longevity of inflammatory memory [CUT&Run],exclude,0,第一阶段未同时发现皮肤对象和老化概念,exclude,第一阶段未同时发现皮肤对象和老化概念,two_stage_rule,False,intrinsic_skin_aging,skin; epidermis; skin_stem_cell,,,,,,,0,2026/03/16,https://www.ncbi.nlm.nih.gov/geo/query/acc.cgi?acc=GSE299178
GSE299457,Unique sequence features define epigenetic longevity of inflammatory memory [scRNA-seq],exclude,0,第一阶段未同时发现皮肤对象和老化概念,exclude,第一阶段未同时发现皮肤对象和老化概念,two_stage_rule,False,intrinsic_skin_aging,skin; epidermis; skin_stem_cell,,,,,,,0,2026/03/16,https://www.ncbi.nlm.nih.gov/geo/query/acc.cgi?acc=GSE299457
GSE299606,Unique sequence features define epigenetic longevity of inflammatory memory [Bisulfite-Seq],exclude,0,第一阶段未同时发现皮肤对象和老化概念,exclude,第一阶段未同时发现皮肤对象和老化概念,two_stage_rule,False,intrinsic_skin_aging,skin; epidermis; skin_stem_cell,,,,,,,0,2026/03/16,https://www.ncbi.nlm.nih.gov/geo/query/acc.cgi?acc=GSE299606
GSE300003,Unique sequence features define epigenetic longevity of inflammatory memory [ChIP-Seq],exclude,0,第一阶段未同时发现皮肤对象和老化概念,exclude,第一阶段未同时发现皮肤对象和老化概念,two_stage_rule,False,intrinsic_skin_aging,skin; epidermis; skin_stem_cell,,,,,,,0,2026/03/16,https://www.ncbi.nlm.nih.gov/geo/query/acc.cgi?acc=GSE300003
GSE300005,Unique sequence features define epigenetic longevity of inflammatory memory [RNA-seq],exclude,0,第一阶段未同时发现皮肤对象和老化概念,exclude,第一阶段未同时发现皮肤对象和老化概念,two_stage_rule,False,intrinsic_skin_aging,skin; epidermis; skin_stem_cell,,,,,,,0,2026/03/16,https://www.ncbi.nlm.nih.gov/geo/query/acc.cgi?acc=GSE300005
GSE300230,Age-related gene expression alteration responding to mechanical force and TGFβ signaling,exclude,2,第一阶段未同时发现皮肤对象和老化概念,exclude,第一阶段未同时发现皮肤对象和老化概念,two_stage_rule,False,rejuvenation_intervention,,age_related; aging_generic; young_vs_old; rejuvenation,,,,,,0,2026/03/15,https://www.ncbi.nlm.nih.gov/geo/query/acc.cgi?acc=GSE300230
GSE311942,Transcriptome profiling of human dermal fibroblasts transfected with tRF-34 mimics or negative control under UVA1 exposure,include,13,明确包含皮肤样本，并设置年龄、衰老或光老化对照,include,明确包含皮肤样本，并设置年龄、衰老或光老化对照,two_stage_rule,True,cellular_senescence,dermis; dermal_fibroblast,senescence,dermal_sample; hdf,photoaging_model,,,,0,2026/03/15,https://www.ncbi.nlm.nih.gov/geo/query/acc.cgi?acc=GSE311942
GSE291875,MicroRNA Profiles of Human Follicular Fluid Extracellular Vesicles Reveal Stress Response Pathways and Role in Ovarian Aging,exclude,-1,第一阶段未同时发现皮肤对象和老化概念,exclude,第一阶段未同时发现皮肤对象和老化概念,two_stage_rule,False,intrinsic_skin_aging,,age_related; aging_generic; aged; young_vs_old,,,,,reproductive,0,2026/03/12,https://www.ncbi.nlm.nih.gov/geo/query/acc.cgi?acc=GSE291875
GSE308958,Comparative Analysis of Oral and Skin Keratinocytes Responses to Oxidative Stress,exclude,7,同时命中皮肤和老化词，但缺少主研究问题与样本证据,exclude,同时命中皮肤和老化词，但缺少主研究问题与样本证据,two_stage_rule,True,aged_skin_repair,skin; keratinocyte,skin_aging; aging_generic,keratinocyte_sample,,,,,0,2026/03/12,https://www.ncbi.nlm.nih.gov/geo/query/acc.cgi?acc=GSE308958
GSE307377,Bulk RNA-seq analysis of primary human dermal fibroblasts from young and aged donors,include,16,明确包含皮肤样本，并设置年龄、衰老或光老化对照,include,明确包含皮肤样本，并设置年龄、衰老或光老化对照,two_stage_rule,True,intrinsic_skin_aging,dermis; dermal_fibroblast,age_related; aging_generic; aged; young_vs_old,dermal_sample,young_vs_old,,,,1,2026/03/02,https://www.ncbi.nlm.nih.gov/geo/query/acc.cgi?acc=GSE307377
GSE320415,"Paeonia delavayi seed oil alleviates UVB-induced inflammation, oxidative stress and photoaging in keratinocytes through inhibition of PI3K/Akt/mTOR and NF-κB signaling pathways",include,12,明确包含皮肤样本，并设置年龄、衰老或光老化对照,include,明确包含皮肤样本，并设置年龄、衰老或光老化对照,two_stage_rule,True,photoaging,skin; epidermis; keratinocyte,photoaging; senescence,keratinocyte_sample,photoaging_model,,,,1,2026/02/27,https://www.ncbi.nlm.nih.gov/geo/query/acc.cgi?acc=GSE320415
GSE289113,Synergistic Effects of Retinol and Retinyl Palmitate in Alleviating UVB-Induced DNA Damage and Promoting the Homologous Recombination Repair in Keratinocytes,exclude,5,同时命中皮肤和老化词，但缺少主研究问题与样本证据,exclude,同时命中皮肤和老化词，但缺少主研究问题与样本证据,two_stage_rule,True,aged_skin_repair,skin; epidermis; keratinocyte,skin_aging; aging_generic,keratinocyte_sample,,,,,0,2026/02/07,https://www.ncbi.nlm.nih.gov/geo/query/acc.cgi?acc=GSE289113
GSE231658,Convergence of aging- and rejuvenation-related epigenetic alterations on PRC2 targets [WGBS],include,12,标题明确以老化/细胞衰老为主题，Overall Design 验证了皮肤来源样本,include,标题明确以老化/细胞衰老为主题，Overall Design 验证了皮肤来源样本,two_stage_rule,True,rejuvenation_intervention,skin; epidermis,aging_generic; young_vs_old; rejuvenation,skin_direct; epidermal_sample,,,,,1,2026/02/02,https://www.ncbi.nlm.nih.gov/geo/query/acc.cgi?acc=GSE231658
GSE288574,Convergence of aging- and rejuvenation-related epigenetic alterations on PRC2 targets [ChIP-Seq],include,12,明确包含皮肤样本，并设置年龄、衰老或光老化对照,include,明确包含皮肤样本，并设置年龄、衰老或光老化对照,two_stage_rule,True,rejuvenation_intervention,skin; epidermis,aging_generic; young_vs_old; rejuvenation,skin_direct,young_vs_old,,,,1,2026/02/02,https://www.ncbi.nlm.nih.gov/geo/query/acc.cgi?acc=GSE288574
GSE289856,Convergence of aging- and rejuvenation-related epigenetic alterations on PRC2 targets,exclude,4,第一阶段未同时发现皮肤对象和老化概念,exclude,第一阶段未同时发现皮肤对象和老化概念,two_stage_rule,False,rejuvenation_intervention,,aging_generic; rejuvenation,,,,,,0,2026/02/02,https://www.ncbi.nlm.nih.gov/geo/query/acc.cgi?acc=GSE289856
GSE317288,Increased stiffness mimicking ovarian aging induces a fibroinflammatory response in follicles and impairs oocyte quality,exclude,-1,第一阶段未同时发现皮肤对象和老化概念,exclude,第一阶段未同时发现皮肤对象和老化概念,two_stage_rule,False,intrinsic_skin_aging,,aging_generic; young_vs_old,,,,,reproductive,0,2026/01/27,https://www.ncbi.nlm.nih.gov/geo/query/acc.cgi?acc=GSE317288
GSE288033,Functional dissection of ovarian aging-associated genes NDUFS5 and UBE2L3 through integrated genomic analyses and validation,exclude,-1,第一阶段未同时发现皮肤对象和老化概念,exclude,第一阶段未同时发现皮肤对象和老化概念,two_stage_rule,False,intrinsic_skin_aging,,aging_generic,,,,,reproductive,0,2026/01/23,https://www.ncbi.nlm.nih.gov/geo/query/acc.cgi?acc=GSE288033
GSE304036,Non-invasive epidermis sampling for DNA methylation-based prediction of skin cancer phenotypes,exclude,5,研究核心为肿瘤，缺少皮肤老化样本与年龄对照的共同证据,exclude,研究核心为肿瘤，缺少皮肤老化样本与年龄对照的共同证据,two_stage_rule,True,intrinsic_skin_aging,skin; epidermis; keratinocyte,skin_aging; aging_generic,,,,,cancer,2,2026/01/22,https://www.ncbi.nlm.nih.gov/geo/query/acc.cgi?acc=GSE304036
GSE294119,Study on the Effects of Retinoids on UVR-Induced Skin Photoaging [scRNA-seq],include,14,明确包含皮肤样本，并设置年龄、衰老或光老化对照,include,明确包含皮肤样本，并设置年龄、衰老或光老化对照,two_stage_rule,True,photoaging,skin,photoaging; aging_generic,skin_direct,photoaging_model,anti_aging_intervention,,,1,2026/01/20,https://www.ncbi.nlm.nih.gov/geo/query/acc.cgi?acc=GSE294119
GSE294120,Study on the Effects of Retinoids on UVR-Induced Skin Photoaging [Spatial Transcriptomics],include,14,明确包含皮肤样本，并设置年龄、衰老或光老化对照,include,明确包含皮肤样本，并设置年龄、衰老或光老化对照,two_stage_rule,True,photoaging,skin,photoaging; aging_generic,skin_direct,photoaging_model,anti_aging_intervention,,,1,2026/01/20,https://www.ncbi.nlm.nih.gov/geo/query/acc.cgi?acc=GSE294120
GSE294121,Study on the Effects of Retinoids on UVR-Induced Skin Photoaging [RNA-seq],include,14,明确包含皮肤样本，并设置年龄、衰老或光老化对照,include,明确包含皮肤样本，并设置年龄、衰老或光老化对照,two_stage_rule,True,photoaging,skin; dermis; dermal_fibroblast,photoaging; aging_generic,dermal_sample,photoaging_model,anti_aging_intervention,,,1,2026/01/20,https://www.ncbi.nlm.nih.gov/geo/query/acc.cgi?acc=GSE294121
GSE312362,"Decreased S100A7 expression is linked to altered differentiation-, autophagy- and senescence-related programs during skin aging",include,18,明确包含皮肤样本，并设置年龄、衰老或光老化对照,include,明确包含皮肤样本，并设置年龄、衰老或光老化对照,two_stage_rule,True,cellular_senescence,skin; epidermis; keratinocyte,skin_aging; aging_generic; aged; young_vs_old; senescence,keratinocyte_sample,young_vs_old,,,,2,2026/01/18,https://www.ncbi.nlm.nih.gov/geo/query/acc.cgi?acc=GSE312362
GSE302754,Transcriptome analysis of Mus musculus skin from experimental studies on grape seed extract NSPCC1 intervention in skin aging,include,13,标题明确以老化/细胞衰老为主题，Overall Design 验证了皮肤来源样本,include,标题明确以老化/细胞衰老为主题，Overall Design 验证了皮肤来源样本,two_stage_rule,True,photoaging,skin,skin_aging; photoaging; aging_generic,skin_direct,,,,,2,2026/01/12,https://www.ncbi.nlm.nih.gov/geo/query/acc.cgi?acc=GSE302754
GSE238259,Akr1b7 functions as a master regulator in ovarian aging [RNA-seq],exclude,-1,第一阶段未同时发现皮肤对象和老化概念,exclude,第一阶段未同时发现皮肤对象和老化概念,two_stage_rule,False,intrinsic_skin_aging,,aging_generic; aged; young_vs_old,,,,,reproductive,0,2026/01/06,https://www.ncbi.nlm.nih.gov/geo/query/acc.cgi?acc=GSE238259
GSE238260,Akr1b7 functions as a master regulator in ovarian aging [superSAGE],exclude,-1,第一阶段未同时发现皮肤对象和老化概念,exclude,第一阶段未同时发现皮肤对象和老化概念,two_stage_rule,False,intrinsic_skin_aging,,aging_generic; aged; young_vs_old,,,,,reproductive,0,2026/01/06,https://www.ncbi.nlm.nih.gov/geo/query/acc.cgi?acc=GSE238260
GSE134533,Transcriptomic analysis and identification of paracrine factors responsible for protective effects of keratinocytes on UVB-mediated melanocyte responses,exclude,12,同时命中皮肤和老化词，但缺少主研究问题与样本证据,exclude,同时命中皮肤和老化词，但缺少主研究问题与样本证据,two_stage_rule,True,photoaging,skin; cutaneous; epidermis; dermis; dermal_fibroblast; keratinocyte; melanocyte,photoaging,dermal_sample; hdf; keratinocyte_sample,,,,,0,2025/12/31,https://www.ncbi.nlm.nih.gov/geo/query/acc.cgi?acc=GSE134533
GSE305493,Staphylococcus aureus intoxicates stem cells to accelerate repair,exclude,3,同时命中皮肤和老化词，但缺少主研究问题与样本证据,exclude,同时命中皮肤和老化词，但缺少主研究问题与样本证据,two_stage_rule,True,cellular_senescence,skin; epidermis,senescence,skin_direct,,,,,0,2025/12/31,https://www.ncbi.nlm.nih.gov/geo/query/acc.cgi?acc=GSE305493
GSE269715,Defective RNA processing and ELOA-mediated transcriptional elongation in reversible cellular senescence suggest aging by transcription,exclude,1,Overall Design 的实际样本属于其他器官、肿瘤或非皮肤细胞,exclude,Overall Design 的实际样本属于其他器官、肿瘤或非皮肤细胞,two_stage_rule,True,cellular_senescence,dermis; dermal_fibroblast,aging_generic; senescence,,,,,cancer,0,2025/12/22,https://www.ncbi.nlm.nih.gov/geo/query/acc.cgi?acc=GSE269715
GSE269717,Defective RNA processing and ELOA-mediated transcriptional elongation in reversible cellular senescence suggest aging by transcription,exclude,1,Overall Design 的实际样本属于其他器官、肿瘤或非皮肤细胞,exclude,Overall Design 的实际样本属于其他器官、肿瘤或非皮肤细胞,two_stage_rule,True,cellular_senescence,dermis; dermal_fibroblast,aging_generic; senescence,,,,,cancer,0,2025/12/22,https://www.ncbi.nlm.nih.gov/geo/query/acc.cgi?acc=GSE269717
GSE269948,Defective RNA processing and ELOA-mediated transcriptional elongation in reversible cellular senescence suggest aging by transcription,exclude,4,同时命中皮肤和老化词，但缺少主研究问题与样本证据,exclude,同时命中皮肤和老化词，但缺少主研究问题与样本证据,two_stage_rule,True,cellular_senescence,dermis; dermal_fibroblast,aging_generic; senescence,,,,,,0,2025/12/22,https://www.ncbi.nlm.nih.gov/geo/query/acc.cgi?acc=GSE269948
GSE297352,Defective RNA processing and ELOA-mediated transcriptional elongation in reversible cellular senescence suggest aging by transcription,exclude,4,Overall Design 的实际样本属于其他器官、肿瘤或非皮肤细胞,exclude,Overall Design 的实际样本属于其他器官、肿瘤或非皮肤细胞,two_stage_rule,True,cellular_senescence,dermis; dermal_fibroblast,aging_generic; senescence,,senescent_control,,,cancer,0,2025/12/22,https://www.ncbi.nlm.nih.gov/geo/query/acc.cgi?acc=GSE297352
GSE297559,Space radiation induces distinct senescent phenotypes: Implications for space travel [scRNA-Seq],exclude,2,同时命中皮肤和老化词，但缺少主研究问题与样本证据,exclude,同时命中皮肤和老化词，但缺少主研究问题与样本证据,two_stage_rule,True,cellular_senescence,dermis; dermal_fibroblast,senescence,,,,,,0,2025/12/09,https://www.ncbi.nlm.nih.gov/geo/query/acc.cgi?acc=GSE297559
GSE297560,Space radiation induces distinct senescent phenotypes: Implications for space travel [bulk RNA-Seq],include,8,标题明确以老化/细胞衰老为主题，Overall Design 验证了皮肤来源样本,include,标题明确以老化/细胞衰老为主题，Overall Design 验证了皮肤来源样本,two_stage_rule,True,cellular_senescence,dermis; dermal_fibroblast,senescence,dermal_sample; hdf,,,,,0,2025/12/09,https://www.ncbi.nlm.nih.gov/geo/query/acc.cgi?acc=GSE297560
GSE267091,Ageing-induced cell type-specific transcriptomic changes in the skin are associated with abnormal early healing responses to injury,include,17,明确包含皮肤样本，并设置年龄、衰老或光老化对照,include,明确包含皮肤样本，并设置年龄、衰老或光老化对照,two_stage_rule,True,aged_skin_repair,skin; keratinocyte,aged_skin; aging_generic; aged; young_vs_old,skin_direct; keratinocyte_sample,young_vs_old,,,,3,2025/12/03,https://www.ncbi.nlm.nih.gov/geo/query/acc.cgi?acc=GSE267091
GSE282307,Deregulated miRNAs in Hutchinson-Gilford Progeria Syndrome: Unraveling the Link of miRNAs to normal and premature aging.,exclude,1,第一阶段未同时发现皮肤对象和老化概念,exclude,第一阶段未同时发现皮肤对象和老化概念,two_stage_rule,False,intrinsic_skin_aging,,age_related; aging_generic; premature_aging,,,,,systemic_premature_aging,0,2025/12/02,https://www.ncbi.nlm.nih.gov/geo/query/acc.cgi?acc=GSE282307
GSE300050,Unique sequence features define epigenetic longevity of inflammatory memory,exclude,0,第一阶段未同时发现皮肤对象和老化概念,exclude,第一阶段未同时发现皮肤对象和老化概念,two_stage_rule,False,intrinsic_skin_aging,,,,,,,,0,2025/12/01,https://www.ncbi.nlm.nih.gov/geo/query/acc.cgi?acc=GSE300050
GSE301537,Unique sequence features define epigenetic longevity of inflammatory memory [scATAC-seq],exclude,0,第一阶段未同时发现皮肤对象和老化概念,exclude,第一阶段未同时发现皮肤对象和老化概念,two_stage_rule,False,intrinsic_skin_aging,skin; epidermis; skin_stem_cell,,,,,,,0,2025/12/01,https://www.ncbi.nlm.nih.gov/geo/query/acc.cgi?acc=GSE301537
GSE302943,UVA irradiation promotes ROS-mediated formation of the common deletion in mitochondrial DNA,include,6,明确包含皮肤样本，并设置年龄、衰老或光老化对照,include,明确包含皮肤样本，并设置年龄、衰老或光老化对照,two_stage_rule,True,photoaging,skin; epidermis; dermis,photoaging; aging_generic; premature_aging,bj5ta,photoaging_model,,,,0,2025/11/30,https://www.ncbi.nlm.nih.gov/geo/query/acc.cgi?acc=GSE302943
GSE310833,Beta vulgaris-Derived Exosome-like Nanovesicles Mitigate Photoaging by Attenuating Oxidative Stress and Promoting Collagen Biosynthesis Abstract,include,8,明确包含皮肤样本，并设置年龄、衰老或光老化对照,include,明确包含皮肤样本，并设置年龄、衰老或光老化对照,two_stage_rule,True,photoaging,skin; epidermis; dermis; keratinocyte,photoaging,keratinocyte_sample,photoaging_model,,,,0,2025/11/25,https://www.ncbi.nlm.nih.gov/geo/query/acc.cgi?acc=GSE310833
GSE310020,TGFα is Required for Hair Follicle Function During Aging and its Loss Leads to Progressive Alopecia,include,7,标题明确以老化/细胞衰老为主题，Overall Design 验证了皮肤来源样本,include,标题明确以老化/细胞衰老为主题，Overall Design 验证了皮肤来源样本,two_stage_rule,True,skin_appendage_aging,skin; epidermis; skin_appendage,aging_generic,skin_direct,,,,,0,2025/11/21,https://www.ncbi.nlm.nih.gov/geo/query/acc.cgi?acc=GSE310020
GSE280542,NNMT overexpression promotes tubular senescence and fibrosis in human chronic kidney disease (NNMT inhibition in TEC cells) [Series_1],exclude,-1,第一阶段未同时发现皮肤对象和老化概念,exclude,第一阶段未同时发现皮肤对象和老化概念,two_stage_rule,False,cellular_senescence,,senescence,,,,,renal,0,2025/11/20,https://www.ncbi.nlm.nih.gov/geo/query/acc.cgi?acc=GSE280542
GSE280551,NNMT overexpression promotes tubular senescence and fibrosis in human chronic kidney disease (NAM and SAM supplementation in TEC cells) [Series_2],exclude,-1,第一阶段未同时发现皮肤对象和老化概念,exclude,第一阶段未同时发现皮肤对象和老化概念,two_stage_rule,False,cellular_senescence,,senescence,,,,,renal,0,2025/11/20,https://www.ncbi.nlm.nih.gov/geo/query/acc.cgi?acc=GSE280551
GSE280552,NNMT overexpression promotes tubular senescence and fibrosis in human chronic kidney disease (Nnmt overexpressing TEC cells) [Series_3],exclude,-1,第一阶段未同时发现皮肤对象和老化概念,exclude,第一阶段未同时发现皮肤对象和老化概念,two_stage_rule,False,cellular_senescence,,senescence,,,,,renal,0,2025/11/20,https://www.ncbi.nlm.nih.gov/geo/query/acc.cgi?acc=GSE280552
GSE280554,NNMT promotes tubular senescence and fibrosis in chronic kidney disease,exclude,-1,第一阶段未同时发现皮肤对象和老化概念,exclude,第一阶段未同时发现皮肤对象和老化概念,two_stage_rule,False,cellular_senescence,,senescence,,,,,renal,0,2025/11/20,https://www.ncbi.nlm.nih.gov/geo/query/acc.cgi?acc=GSE280554
GSE306264,Transcriptional profiling of Hutchinson-Gilford Progeria patients identifies primary target pathways of the disease-causing progerin protein,exclude,-3,第一阶段未同时发现皮肤对象和老化概念,exclude,第一阶段未同时发现皮肤对象和老化概念,two_stage_rule,False,intrinsic_skin_aging,,aging_generic; premature_aging,,,,,systemic_premature_aging,0,2025/11/13,https://www.ncbi.nlm.nih.gov/geo/query/acc.cgi?acc=GSE306264
GSE303777,Single-cell RNA-seq of nevus-derived melanocytes and matching perilesional skin melanocytes,exclude,4,第一阶段未同时发现皮肤对象和老化概念,exclude,第一阶段未同时发现皮肤对象和老化概念,two_stage_rule,False,intrinsic_skin_aging,skin; melanocyte,,melanocyte_sample,,,,cancer,0,2025/11/03,https://www.ncbi.nlm.nih.gov/geo/query/acc.cgi?acc=GSE303777
GSE288952,KROX20-Notch1 Network Transcriptionally Regulates Meibomian Gland Stem Cells for Its Development and Homeostasis,exclude,0,第一阶段未同时发现皮肤对象和老化概念,exclude,第一阶段未同时发现皮肤对象和老化概念,two_stage_rule,False,intrinsic_skin_aging,,aging_generic,,,,,,0,2025/11/01,https://www.ncbi.nlm.nih.gov/geo/query/acc.cgi?acc=GSE288952
GSE289069,KROX20-Notch1 Network Transcriptionally Regulates Meibomian Gland Stem Cells for Its Development and Homeostasis [ChIP-Seq],exclude,0,第一阶段未同时发现皮肤对象和老化概念,exclude,第一阶段未同时发现皮肤对象和老化概念,two_stage_rule,False,intrinsic_skin_aging,,aging_generic,,,,,,0,2025/11/01,https://www.ncbi.nlm.nih.gov/geo/query/acc.cgi?acc=GSE289069
GSE215878,Effect of removal the skin macrophage on gene expression during aging,include,6,标题明确以皮肤老化为研究主问题，实验设计未发现相反证据,include,标题明确以皮肤老化为研究主问题，实验设计未发现相反证据,two_stage_rule,True,intrinsic_skin_aging,skin; dermis,aging_generic,,,,,,1,2025/10/15,https://www.ncbi.nlm.nih.gov/geo/query/acc.cgi?acc=GSE215878
GSE279012,H2AK119ub dynamics controls hair follicle stem cell quiescence [RNA-Seq 1],exclude,5,第一阶段未同时发现皮肤对象和老化概念,exclude,第一阶段未同时发现皮肤对象和老化概念,two_stage_rule,False,skin_appendage_aging,skin; keratinocyte; skin_appendage,,skin_appendage_sample,,,,,0,2025/10/13,https://www.ncbi.nlm.nih.gov/geo/query/acc.cgi?acc=GSE279012
GSE279013,H2AK119ub dynamics controls hair follicle stem cell quiescence [RNA-Seq 2],exclude,5,第一阶段未同时发现皮肤对象和老化概念,exclude,第一阶段未同时发现皮肤对象和老化概念,two_stage_rule,False,skin_appendage_aging,skin; keratinocyte; skin_appendage,,skin_appendage_sample,,,,,0,2025/10/13,https://www.ncbi.nlm.nih.gov/geo/query/acc.cgi?acc=GSE279013
GSE279014,H2AK119ub dynamics controls hair follicle stem cell quiescence [CUT&Seq],exclude,5,第一阶段未同时发现皮肤对象和老化概念,exclude,第一阶段未同时发现皮肤对象和老化概念,two_stage_rule,False,skin_appendage_aging,skin; keratinocyte; skin_appendage,,skin_appendage_sample,,,,,0,2025/10/13,https://www.ncbi.nlm.nih.gov/geo/query/acc.cgi?acc=GSE279014
GSE138249,VEGF-mediated signaling is required and sufficient for the rejuvenation of aged human skin in vivo,include,16,明确包含皮肤样本，并设置年龄、衰老或光老化对照,include,明确包含皮肤样本，并设置年龄、衰老或光老化对照,two_stage_rule,True,rejuvenation_intervention,skin; epidermis,aged_skin; aging_generic; aged; young_vs_old; rejuvenation,skin_direct,young_vs_old,,,,1,2025/09/26,https://www.ncbi.nlm.nih.gov/geo/query/acc.cgi?acc=GSE138249
GSE306748,Safety and Regenerative Properties of Immortalized Human Mesenchymal Stromal Cell Secretome,exclude,0,第一阶段未同时发现皮肤对象和老化概念,exclude,第一阶段未同时发现皮肤对象和老化概念,two_stage_rule,False,intrinsic_skin_aging,,aging_generic,,,,,,0,2025/08/28,https://www.ncbi.nlm.nih.gov/geo/query/acc.cgi?acc=GSE306748
GSE276193,Integrative Single-Cell Analysis Reveals Iron Overload-Induced Senescence and Metabolic Reprogramming in Ovarian Endometriosis-Associated Infertility,exclude,-1,第一阶段未同时发现皮肤对象和老化概念,exclude,第一阶段未同时发现皮肤对象和老化概念,two_stage_rule,False,cellular_senescence,,aging_generic; senescence,,,,,reproductive,0,2025/08/27,https://www.ncbi.nlm.nih.gov/geo/query/acc.cgi?acc=GSE276193
GSE305068,scRNA-seq Analysis of Dmp1cre-DTAki/wt and wt skin,include,12,摘要将皮肤老化作为组学实验的直接研究问题,include,摘要将皮肤老化作为组学实验的直接研究问题,two_stage_rule,True,intrinsic_skin_aging,skin,skin_aging; aging_generic,skin_direct; skin_tissue,,,,,2,2025/08/15,https://www.ncbi.nlm.nih.gov/geo/query/acc.cgi?acc=GSE305068
GSE297233,Prevalent mesenchymal drift in aging and disease is reversed by partial reprogramming [RNA-seq],exclude,2,第一阶段未同时发现皮肤对象和老化概念,exclude,第一阶段未同时发现皮肤对象和老化概念,two_stage_rule,False,rejuvenation_intervention,,age_related; aging_generic; rejuvenation,,,,,,0,2025/08/14,https://www.ncbi.nlm.nih.gov/geo/query/acc.cgi?acc=GSE297233
GSE297234,Prevalent mesenchymal drift in aging and disease is reversed by partial reprogramming [scRNA-seq],exclude,2,第一阶段未同时发现皮肤对象和老化概念,exclude,第一阶段未同时发现皮肤对象和老化概念,two_stage_rule,False,rejuvenation_intervention,,age_related; aging_generic; rejuvenation,,,,,,0,2025/08/14,https://www.ncbi.nlm.nih.gov/geo/query/acc.cgi?acc=GSE297234
GSE241457,NR4a knock-down in HER2 CAR-T cells improves T cell longevity and promotes solid tumor eradication [scRNA-Seq],exclude,-3,第一阶段未同时发现皮肤对象和老化概念,exclude,第一阶段未同时发现皮肤对象和老化概念,two_stage_rule,False,intrinsic_skin_aging,epidermis,,,,,,cancer,0,2025/08/01,https://www.ncbi.nlm.nih.gov/geo/query/acc.cgi?acc=GSE241457
GSE282407,hnRNPL modulates synapsis gene and mTOR splicing to influence primordial follicle formation and activation,exclude,-3,第一阶段未同时发现皮肤对象和老化概念,exclude,第一阶段未同时发现皮肤对象和老化概念,two_stage_rule,False,intrinsic_skin_aging,,aging_generic,,,,,reproductive,0,2025/07/31,https://www.ncbi.nlm.nih.gov/geo/query/acc.cgi?acc=GSE282407
GSE272762,Caulerpin alleviates cyclophosphamide -induced ovarian dysfunction by modulating macrophage-associated granulosa cells senescence in breast cancer,exclude,-4,第一阶段未同时发现皮肤对象和老化概念,exclude,第一阶段未同时发现皮肤对象和老化概念,two_stage_rule,False,cellular_senescence,,senescence,,,,,cancer; reproductive,0,2025/07/27,https://www.ncbi.nlm.nih.gov/geo/query/acc.cgi?acc=GSE272762
GSE158611,Antagonistic stem cell fates under stress govern decisions between hair greying and melanoma [array],exclude,2,研究核心为肿瘤，缺少皮肤老化样本与年龄对照的共同证据,exclude,研究核心为肿瘤，缺少皮肤老化样本与年龄对照的共同证据,two_stage_rule,True,cellular_senescence,melanocyte; skin_appendage,skin_appendage_aging_phenotype; aging_generic; senescence,skin_appendage_sample,,,,cancer,0,2025/07/07,https://www.ncbi.nlm.nih.gov/geo/query/acc.cgi?acc=GSE158611
GSE230785,"Transcriptomic Profiling of SARS-CoV-2 Spike Protein S1 Subunit Mediated Changes in Human Vascular -Pericytes, -Endothelial cells (ECs), -Smooth Muscle Cells and Lymphatic ECs: Evidence for Differential Gene Regulation",exclude,0,第一阶段未同时发现皮肤对象和老化概念,exclude,第一阶段未同时发现皮肤对象和老化概念,two_stage_rule,False,cellular_senescence,,senescence,,,,,,0,2025/07/07,https://www.ncbi.nlm.nih.gov/geo/query/acc.cgi?acc=GSE230785
GSE248614,Antagonistic stem cell fates under stress govern decisions between hair greying and melanoma [RNA-seq],exclude,5,研究核心为肿瘤，缺少皮肤老化样本与年龄对照的共同证据,exclude,研究核心为肿瘤，缺少皮肤老化样本与年龄对照的共同证据,two_stage_rule,True,cellular_senescence,skin; melanocyte; skin_appendage,skin_appendage_aging_phenotype; age_related; aging_generic; aged; young_vs_old; senescence,skin_appendage_sample,young_vs_old,,,cancer,0,2025/07/07,https://www.ncbi.nlm.nih.gov/geo/query/acc.cgi?acc=GSE248614
GSE252031,Antagonistic stem cell fates under stress govern decisions between hair greying and melanoma [scRNA-Seq],exclude,5,研究核心为肿瘤，缺少皮肤老化样本与年龄对照的共同证据,exclude,研究核心为肿瘤，缺少皮肤老化样本与年龄对照的共同证据,two_stage_rule,True,cellular_senescence,skin; melanocyte,skin_appendage_aging_phenotype; aging_generic; young_vs_old; senescence,melanocyte_sample,young_vs_old,,,cancer,0,2025/07/07,https://www.ncbi.nlm.nih.gov/geo/query/acc.cgi?acc=GSE252031
GSE297406,Unveiling Aging Heterogeneities in Human Dermal Fibroblasts via Nanosensor Chemical Cytometry,include,14,标题明确以老化/细胞衰老为主题，Overall Design 验证了皮肤来源样本,include,标题明确以老化/细胞衰老为主题，Overall Design 验证了皮肤来源样本,two_stage_rule,True,intrinsic_skin_aging,dermis; dermal_fibroblast,aging_generic,dermal_sample; hdf,,,,,1,2025/06/19,https://www.ncbi.nlm.nih.gov/geo/query/acc.cgi?acc=GSE297406
GSE297984,Chemical reprogramming ameliorates cellular hallmarks of aging and extends lifespan,exclude,2,第一阶段未同时发现皮肤对象和老化概念,exclude,第一阶段未同时发现皮肤对象和老化概念,two_stage_rule,False,cellular_senescence,,age_related; aging_generic; aged; senescence,,,,,,0,2025/06/10,https://www.ncbi.nlm.nih.gov/geo/query/acc.cgi?acc=GSE297984
GSE298073,Targeting inflammatory macrophages with hyaluronan tetrasaccharide: effects on fibroblast collagen degradation and synthesis [1],exclude,2,同时命中皮肤和老化词，但缺少主研究问题与样本证据,exclude,同时命中皮肤和老化词，但缺少主研究问题与样本证据,two_stage_rule,True,photoaging,skin; dermis; dermal_fibroblast,photoaging,,,,,,1,2025/06/05,https://www.ncbi.nlm.nih.gov/geo/query/acc.cgi?acc=GSE298073
GSE298076,Targeting inflammatory macrophages with hyaluronan tetrasaccharide: effects on fibroblast collagen degradation and synthesis [2],include,5,摘要将皮肤老化作为组学实验的直接研究问题,include,摘要将皮肤老化作为组学实验的直接研究问题,two_stage_rule,True,photoaging,skin; dermis; dermal_fibroblast,photoaging,dermal_sample,,,,,1,2025/06/05,https://www.ncbi.nlm.nih.gov/geo/query/acc.cgi?acc=GSE298076
GSE293225,Changes in gene expression patterns in young and senescent fibroblasts in glycated three-dimensional collagen matrices,include,10,明确包含皮肤样本，并设置年龄、衰老或光老化对照,include,明确包含皮肤样本，并设置年龄、衰老或光老化对照,two_stage_rule,True,cellular_senescence,dermis; dermal_fibroblast,age_related; aging_generic; senescence,dermal_sample,senescent_control,,,,1,2025/06/04,https://www.ncbi.nlm.nih.gov/geo/query/acc.cgi?acc=GSE293225
GSE296578,Transcriptional characterisation of skin tissues from photoaged mice and mice treated with alpha-ketobutyrate (α-KB).,include,14,明确包含皮肤样本，并设置年龄、衰老或光老化对照,include,明确包含皮肤样本，并设置年龄、衰老或光老化对照,two_stage_rule,True,photoaging,skin,photoaging,skin_tissue,photoaging_model,aged_skin_treatment,,,1,2025/05/31,https://www.ncbi.nlm.nih.gov/geo/query/acc.cgi?acc=GSE296578
GSE146559,Genome wide mapping of histone mark and transcription factor binding in the context of experiments exploring the enhancer program of senescence I,exclude,2,第一阶段未同时发现皮肤对象和老化概念,exclude,第一阶段未同时发现皮肤对象和老化概念,two_stage_rule,False,cellular_senescence,,senescence,,,,,,0,2025/05/30,https://www.ncbi.nlm.nih.gov/geo/query/acc.cgi?acc=GSE146559
GSE146562,Genome wide mapping of JMJD6 binding in the context of experiments exploring the enhancer program of senescence,exclude,2,第一阶段未同时发现皮肤对象和老化概念,exclude,第一阶段未同时发现皮肤对象和老化概念,two_stage_rule,False,cellular_senescence,,senescence,,,,,,0,2025/05/30,https://www.ncbi.nlm.nih.gov/geo/query/acc.cgi?acc=GSE146562
GSE146564,Genome wide mapping of NFI and SMAD2/3 binding in senescence,exclude,2,第一阶段未同时发现皮肤对象和老化概念,exclude,第一阶段未同时发现皮肤对象和老化概念,two_stage_rule,False,cellular_senescence,,senescence,,,,,,0,2025/05/30,https://www.ncbi.nlm.nih.gov/geo/query/acc.cgi?acc=GSE146564
GSE146565,Genome wide mapping of the effect of JMJD6 knockdown upon H4R3me2s in the context of replicative senescence,exclude,5,第一阶段未同时发现皮肤对象和老化概念,exclude,第一阶段未同时发现皮肤对象和老化概念,two_stage_rule,False,cellular_senescence,,senescence,,replicative_aging,,,,0,2025/05/30,https://www.ncbi.nlm.nih.gov/geo/query/acc.cgi?acc=GSE146565
GSE146566,The effect of rapamycin upon the enhancer landscape in the context of replicative senescence,exclude,5,第一阶段未同时发现皮肤对象和老化概念,exclude,第一阶段未同时发现皮肤对象和老化概念,two_stage_rule,False,cellular_senescence,,senescence,,replicative_aging,,,,0,2025/05/30,https://www.ncbi.nlm.nih.gov/geo/query/acc.cgi?acc=GSE146566
GSE146569,Genome wide mapping of the effects of SMAD2/3 ligand treatment upon the distribution of senescence associated transcription factors,exclude,2,第一阶段未同时发现皮肤对象和老化概念,exclude,第一阶段未同时发现皮肤对象和老化概念,two_stage_rule,False,cellular_senescence,,senescence,,,,,,0,2025/05/30,https://www.ncbi.nlm.nih.gov/geo/query/acc.cgi?acc=GSE146569
GSE146570,Genome wide mapping of nascent transcription in the progression of replicative senescence,exclude,5,第一阶段未同时发现皮肤对象和老化概念,exclude,第一阶段未同时发现皮肤对象和老化概念,two_stage_rule,False,cellular_senescence,,senescence,,replicative_aging,,,,0,2025/05/30,https://www.ncbi.nlm.nih.gov/geo/query/acc.cgi?acc=GSE146570
GSE146571,Genome wide mapping of histone mark and transcription factor binding in the context of experiments exploring the enhancer program of senescence II,exclude,2,第一阶段未同时发现皮肤对象和老化概念,exclude,第一阶段未同时发现皮肤对象和老化概念,two_stage_rule,False,cellular_senescence,,senescence,,,,,,0,2025/05/30,https://www.ncbi.nlm.nih.gov/geo/query/acc.cgi?acc=GSE146571
GSE146572,Genome wide mapping of open chromatin in senescence cells upon knockdown of senescence associated transcription factors,exclude,2,第一阶段未同时发现皮肤对象和老化概念,exclude,第一阶段未同时发现皮肤对象和老化概念,two_stage_rule,False,cellular_senescence,,senescence,,,,,,0,2025/05/30,https://www.ncbi.nlm.nih.gov/geo/query/acc.cgi?acc=GSE146572
GSE146575,Genome wide expression analysis of the impact of rapamycin and DOT1L inhibitor treatment upon the progression of replicative senescence,exclude,5,第一阶段未同时发现皮肤对象和老化概念,exclude,第一阶段未同时发现皮肤对象和老化概念,two_stage_rule,False,cellular_senescence,,senescence,,replicative_aging,,,,0,2025/05/30,https://www.ncbi.nlm.nih.gov/geo/query/acc.cgi?acc=GSE146575
GSE146576,Genome wide expression analysis of the impact of JMJD6 knockdown upon the senescent transcription program.,exclude,2,第一阶段未同时发现皮肤对象和老化概念,exclude,第一阶段未同时发现皮肤对象和老化概念,two_stage_rule,False,cellular_senescence,,senescence,,,,,,0,2025/05/30,https://www.ncbi.nlm.nih.gov/geo/query/acc.cgi?acc=GSE146576
GSE146578,Genome wide expression analysis of the effect of senescence associated transcription factor knockdown upon the transcription of senescent cells.,exclude,2,第一阶段未同时发现皮肤对象和老化概念,exclude,第一阶段未同时发现皮肤对象和老化概念,two_stage_rule,False,cellular_senescence,,senescence,,,,,,0,2025/05/30,https://www.ncbi.nlm.nih.gov/geo/query/acc.cgi?acc=GSE146578
GSE146580,Genome wide expression analysis of senescent BJ fibroblasts in the presence or absence of various SMAD2/3 regulating molecules,exclude,2,第一阶段未同时发现皮肤对象和老化概念,exclude,第一阶段未同时发现皮肤对象和老化概念,two_stage_rule,False,cellular_senescence,,senescence,,,,,,0,2025/05/30,https://www.ncbi.nlm.nih.gov/geo/query/acc.cgi?acc=GSE146580
GSE146584,"Examining changes in the chromosomal interaction network in replicative senescent, rapamycin treatment, and p65 inhibition",exclude,2,第一阶段未同时发现皮肤对象和老化概念,exclude,第一阶段未同时发现皮肤对象和老化概念,two_stage_rule,False,cellular_senescence,,senescence,,,,,,0,2025/05/30,https://www.ncbi.nlm.nih.gov/geo/query/acc.cgi?acc=GSE146584
GSE146585,"Functional genomics assays, including ChIP-seq, ATAC-seq, RNA-seq, GRO-seq, and in situ Hi-C, in the context of replicative senescence",exclude,5,第一阶段未同时发现皮肤对象和老化概念,exclude,第一阶段未同时发现皮肤对象和老化概念,two_stage_rule,False,cellular_senescence,,senescence,,replicative_aging,,,,0,2025/05/30,https://www.ncbi.nlm.nih.gov/geo/query/acc.cgi?acc=GSE146585
GSE278079,Transcriptional study of the home-use TriPollar radiofrequency device on mice skin,exclude,2,同时命中皮肤和老化词，但缺少主研究问题与样本证据,exclude,同时命中皮肤和老化词，但缺少主研究问题与样本证据,two_stage_rule,True,intrinsic_skin_aging,skin,skin_aging; aging_generic,,,,,,0,2025/05/22,https://www.ncbi.nlm.nih.gov/geo/query/acc.cgi?acc=GSE278079
GSE203635,Transcriptomics provides novel insights into the regulatory mechanism of Panax notoginseng exosome-like nanoparticles in HSF,exclude,0,同时命中皮肤和老化词，但缺少主研究问题与样本证据,exclude,同时命中皮肤和老化词，但缺少主研究问题与样本证据,two_stage_rule,True,intrinsic_skin_aging,skin,skin_aging; aging_generic,,,,,,0,2025/05/16,https://www.ncbi.nlm.nih.gov/geo/query/acc.cgi?acc=GSE203635
GSE295189,"Fibulin-5, an integrin-binging matricellular protein, maintains epidermal stem cell heterogeneity during skin aging",include,18,标题明确以老化/细胞衰老为主题，Overall Design 验证了皮肤来源样本,include,标题明确以老化/细胞衰老为主题，Overall Design 验证了皮肤来源样本,two_stage_rule,True,intrinsic_skin_aging,skin; epidermis; keratinocyte; skin_stem_cell,skin_aging; chronological_aging; aging_generic,skin_direct; epidermal_sample,,,,,1,2025/05/01,https://www.ncbi.nlm.nih.gov/geo/query/acc.cgi?acc=GSE295189
GSE294791,ANTXR2 Deficiency Promotes Cellular Senescence and Chondroid Differentiation in Hyaline Fibromatosis Syndrome Fibroblasts,exclude,2,研究核心为特定疾病模型，未直接研究皮肤老化,exclude,研究核心为特定疾病模型，未直接研究皮肤老化,two_stage_rule,True,cellular_senescence,dermis; dermal_fibroblast,senescence,dermal_sample,,,,other_disease,0,2025/04/30,https://www.ncbi.nlm.nih.gov/geo/query/acc.cgi?acc=GSE294791
GSE293575,HyDrop v2: Scalable atlas construction for training sequence-to-function models,exclude,0,第一阶段未同时发现皮肤对象和老化概念,exclude,第一阶段未同时发现皮肤对象和老化概念,two_stage_rule,False,intrinsic_skin_aging,,aging_generic,,,,,,0,2025/04/02,https://www.ncbi.nlm.nih.gov/geo/query/acc.cgi?acc=GSE293575
GSE292398,An Improved Human 3D Skin Model for Aging Research,include,8,标题明确以皮肤老化为研究主问题，实验设计未发现相反证据,include,标题明确以皮肤老化为研究主问题，实验设计未发现相反证据,two_stage_rule,True,cellular_senescence,skin; epidermis; dermis; dermal_fibroblast; keratinocyte; skin_model,skin_aging; aged_skin; chronological_aging; aging_generic; aged; senescence,,,,,,3,2025/03/31,https://www.ncbi.nlm.nih.gov/geo/query/acc.cgi?acc=GSE292398
GSE268564,A subset of human dermal fibroblasts overexpressing Cockayne syndrome group B protein resist UVB radiation-mediated premature senescence,include,12,明确包含皮肤样本，并设置年龄、衰老或光老化对照,include,明确包含皮肤样本，并设置年龄、衰老或光老化对照,two_stage_rule,True,photoaging,skin; epidermis; dermis; dermal_fibroblast,photoaging; aging_generic; senescence,dermal_sample,senescent_control,,,,0,2025/03/19,https://www.ncbi.nlm.nih.gov/geo/query/acc.cgi?acc=GSE268564
GSE290228,Epidermal loss of PRMT5 leads to the emergence of an atypical basal keratinocyte-like cell population and defective skin stratification,exclude,13,实验对象为胚胎皮肤发育，衰老程序仅为分子表型描述,exclude,实验对象为胚胎皮肤发育，衰老程序仅为分子表型描述,two_stage_rule,True,cellular_senescence,skin; epidermis; keratinocyte,senescence,skin_direct; skin_tissue,,,,embryonic_development,2,2025/03/11,https://www.ncbi.nlm.nih.gov/geo/query/acc.cgi?acc=GSE290228
GSE291330,Epidermal loss of PRMT5 leads to the emergence of an atypical basal keratinocyte-like cell population and defective skin stratification [multiome],exclude,13,实验对象为胚胎皮肤发育，衰老程序仅为分子表型描述,exclude,实验对象为胚胎皮肤发育，衰老程序仅为分子表型描述,two_stage_rule,True,cellular_senescence,skin; epidermis; keratinocyte,senescence,skin_direct; skin_tissue,,,,embryonic_development,2,2025/03/11,https://www.ncbi.nlm.nih.gov/geo/query/acc.cgi?acc=GSE291330
GSE290668,"A novel butyrate derivative, zinc dibutyroyllysinate, blunts MITF expression and up-regulates retinol and differentiation pathway mRNAs in a full-thickness human skin model",exclude,5,同时命中皮肤和老化词，但缺少主研究问题与样本证据,exclude,同时命中皮肤和老化词，但缺少主研究问题与样本证据,two_stage_rule,True,intrinsic_skin_aging,skin; epidermis; melanocyte; skin_model,aging_generic,skin_direct,,,,,0,2025/03/03,https://www.ncbi.nlm.nih.gov/geo/query/acc.cgi?acc=GSE290668
GSE290476,TFEB Orchestrates Stress Recovery and Paves the Way for Senescence Induction in Human Dermal Fibroblasts,include,11,标题明确以老化/细胞衰老为主题，Overall Design 验证了皮肤来源样本,include,标题明确以老化/细胞衰老为主题，Overall Design 验证了皮肤来源样本,two_stage_rule,True,cellular_senescence,dermis; dermal_fibroblast,senescence,dermal_sample,,,,,1,2025/03/02,https://www.ncbi.nlm.nih.gov/geo/query/acc.cgi?acc=GSE290476
GSE284483,The Therapeutic Potential of mRNA-Mediated Type III Collagen Delivery for Photoaged Skin,include,14,明确包含皮肤样本，并设置年龄、衰老或光老化对照,include,明确包含皮肤样本，并设置年龄、衰老或光老化对照,two_stage_rule,True,photoaging,skin,skin_aging; photoaging; chronological_aging; aging_generic,skin_direct,photoaging_model,aged_skin_treatment,,,1,2025/03/01,https://www.ncbi.nlm.nih.gov/geo/query/acc.cgi?acc=GSE284483
GSE286963,C/EBPβ suppresses keratinocyte autonomous type 1 IFN response and p53 to increase cell survival and susceptibility to UVB-induced skin cancer,exclude,4,研究核心为肿瘤，缺少皮肤老化样本与年龄对照的共同证据,exclude,研究核心为肿瘤，缺少皮肤老化样本与年龄对照的共同证据,two_stage_rule,True,cellular_senescence,skin; epidermis; keratinocyte,senescence,keratinocyte_sample,,,,cancer,0,2025/01/15,https://www.ncbi.nlm.nih.gov/geo/query/acc.cgi?acc=GSE286963
GSE22838,Identification of distinct molecular signatures in BRAF V600E and BRAF wt cutaneous melanomas,exclude,-1,Overall Design 的实际样本属于其他器官、肿瘤或非皮肤细胞,exclude,Overall Design 的实际样本属于其他器官、肿瘤或非皮肤细胞,two_stage_rule,True,cellular_senescence,cutaneous,senescence,,,,,cancer,0,2024/12/31,https://www.ncbi.nlm.nih.gov/geo/query/acc.cgi?acc=GSE22838
GSE283006,Fate Erasure Logic of Gene Networks Underlying Direct Neuronal Conversion of Somatic Cells by MicroRNAs II,exclude,-3,第一阶段未同时发现皮肤对象和老化概念,exclude,第一阶段未同时发现皮肤对象和老化概念,two_stage_rule,False,intrinsic_skin_aging,,,,,,,neurologic,0,2024/12/31,https://www.ncbi.nlm.nih.gov/geo/query/acc.cgi?acc=GSE283006
GSE284467,Multi-omic Sequencing of Intermediate to High-Risk Cutaneous Squamous Cell Carcinoma Identifies Critical Genes and Expression Patterns Associated with Disease and Poor Outcomes,exclude,-1,Overall Design 的实际样本属于其他器官、肿瘤或非皮肤细胞,exclude,Overall Design 的实际样本属于其他器官、肿瘤或非皮肤细胞,two_stage_rule,True,cellular_senescence,skin; cutaneous,senescence,,,,,cancer,0,2024/12/23,https://www.ncbi.nlm.nih.gov/geo/query/acc.cgi?acc=GSE284467
GSE271149,Topical ABT-263 treatment reduces aged skin senescence and improves subsequent wound healing,include,21,标题明确以老化/细胞衰老为主题，Overall Design 验证了皮肤来源样本,include,标题明确以老化/细胞衰老为主题，Overall Design 验证了皮肤来源样本,two_stage_rule,True,cellular_senescence,skin,aged_skin; aging_generic; aged; senescence; rejuvenation,skin_direct; skin_tissue,,anti_aging_intervention; aged_skin_treatment,,,2,2024/12/17,https://www.ncbi.nlm.nih.gov/geo/query/acc.cgi?acc=GSE271149
GSE283543,The heterogeneity of demal mesenchymal cells reproduced in skin equivalents regulate barrier function and elasticity.,include,12,摘要将皮肤老化作为组学实验的直接研究问题,include,摘要将皮肤老化作为组学实验的直接研究问题,two_stage_rule,True,intrinsic_skin_aging,skin; dermis; skin_model,aging_generic,skin_direct; skin_model,,,,,1,2024/12/12,https://www.ncbi.nlm.nih.gov/geo/query/acc.cgi?acc=GSE283543
GSE283764,Canagliflozin treatment prevents follicular exhaustion and attenuates hallmarks of ovarian aging in genetically heterogenous mice,exclude,-1,第一阶段未同时发现皮肤对象和老化概念,exclude,第一阶段未同时发现皮肤对象和老化概念,two_stage_rule,False,cellular_senescence,,aging_generic; senescence,,,,,reproductive,0,2024/12/11,https://www.ncbi.nlm.nih.gov/geo/query/acc.cgi?acc=GSE283764
GSE282425,SenPred: A single-cell RNA sequencing-based machine learning pipeline to classify deeply senescent dermal fibroblast cells for the detection of an in vivo senescent cell burden,include,18,标题明确以老化/细胞衰老为主题，Overall Design 验证了皮肤来源样本,include,标题明确以老化/细胞衰老为主题，Overall Design 验证了皮肤来源样本,two_stage_rule,True,cellular_senescence,skin; dermis; dermal_fibroblast,age_related; senescence,skin_direct; dermal_sample; skin_fibroblast,,,,,2,2024/12/05,https://www.ncbi.nlm.nih.gov/geo/query/acc.cgi?acc=GSE282425
GSE255546,Crosstalk in Skin: Loss of Desmoglein 1 in Keratinocytes Inhibits BRAFV600E-induced Cellular Senescence in Human Melanocytes,exclude,11,研究核心为肿瘤，缺少皮肤老化样本与年龄对照的共同证据,exclude,研究核心为肿瘤，缺少皮肤老化样本与年龄对照的共同证据,two_stage_rule,True,cellular_senescence,skin; epidermis; keratinocyte; melanocyte,senescence,keratinocyte_sample; melanocyte_sample,,,,cancer,0,2024/11/18,https://www.ncbi.nlm.nih.gov/geo/query/acc.cgi?acc=GSE255546
GSE274955,An mRNA treatment for human skin rejuvenation,include,17,明确包含皮肤样本，并设置年龄、衰老或光老化对照,include,明确包含皮肤样本，并设置年龄、衰老或光老化对照,two_stage_rule,True,photoaging,skin; epidermis; dermis; dermal_fibroblast; keratinocyte; skin_appendage,skin_aging; photoaging; chronological_aging; aging_generic; aged; young_vs_old; senescence; rejuvenation,skin_tissue,young_vs_old,anti_aging_intervention; aged_skin_treatment,,,3,2024/11/18,https://www.ncbi.nlm.nih.gov/geo/query/acc.cgi?acc=GSE274955
GSE281449,Single-Cell RNA Sequencing Reveals Age-Related Changes in Epidermal Cell Populations and Interactions,include,17,明确包含皮肤样本，并设置年龄、衰老或光老化对照,include,明确包含皮肤样本，并设置年龄、衰老或光老化对照,two_stage_rule,True,intrinsic_skin_aging,skin; epidermis; keratinocyte,skin_aging; aged_skin; age_related; aging_generic; aged; young_vs_old,skin_tissue,young_vs_old; age_groups,,,,4,2024/11/15,https://www.ncbi.nlm.nih.gov/geo/query/acc.cgi?acc=GSE281449
GSE248658,Single-cell Transcriptional Atlas of Murine Collecting Lymphatic Vessels,exclude,6,同时命中皮肤和老化词，但缺少主研究问题与样本证据,exclude,同时命中皮肤和老化词，但缺少主研究问题与样本证据,two_stage_rule,True,intrinsic_skin_aging,dermis,aged; young_vs_old,,young_vs_old; age_time_course,,,,0,2024/11/11,https://www.ncbi.nlm.nih.gov/geo/query/acc.cgi?acc=GSE248658
GSE193694,Chromatin dysfunction facilitates stem cells aging in atypical laminopathy-based progeria Mandibuloacral dysplasia type A (MAD),exclude,-1,第一阶段未同时发现皮肤对象和老化概念,exclude,第一阶段未同时发现皮肤对象和老化概念,two_stage_rule,False,cellular_senescence,,aging_generic; senescence; premature_aging,,,,,systemic_premature_aging,0,2024/10/24,https://www.ncbi.nlm.nih.gov/geo/query/acc.cgi?acc=GSE193694
GSE276220,The mouse Balbiani body regulates primary oocyte quiescence via RNA storage,exclude,-3,第一阶段未同时发现皮肤对象和老化概念,exclude,第一阶段未同时发现皮肤对象和老化概念,two_stage_rule,False,intrinsic_skin_aging,,,,,,,reproductive,0,2024/10/15,https://www.ncbi.nlm.nih.gov/geo/query/acc.cgi?acc=GSE276220
GSE279220,YAP-TEAD complex inhibits photoaging via transcriptional regulation of homologous recombination repair in mouse (smal) - miRNA-seq,include,8,明确包含皮肤样本，并设置年龄、衰老或光老化对照,include,明确包含皮肤样本，并设置年龄、衰老或光老化对照,two_stage_rule,True,photoaging,skin,photoaging,skin_direct,photoaging_model,,,,0,2024/10/15,https://www.ncbi.nlm.nih.gov/geo/query/acc.cgi?acc=GSE279220
GSE279221,YAP-TEAD complex inhibits photoaging via transcriptional regulation of homologous recombination repair in mouse (smal) - lncRNA-seq,include,8,明确包含皮肤样本，并设置年龄、衰老或光老化对照,include,明确包含皮肤样本，并设置年龄、衰老或光老化对照,two_stage_rule,True,photoaging,skin,photoaging,skin_direct,photoaging_model,,,,0,2024/10/15,https://www.ncbi.nlm.nih.gov/geo/query/acc.cgi?acc=GSE279221
GSE275330,"Doxorubicin resistance involves modulation of interferon signaling, transcriptional bursting, and gene co-expression patterns of U-ISGF3-related genes",exclude,0,第一阶段未同时发现皮肤对象和老化概念,exclude,第一阶段未同时发现皮肤对象和老化概念,two_stage_rule,False,cellular_senescence,,senescence,,,,,,0,2024/10/09,https://www.ncbi.nlm.nih.gov/geo/query/acc.cgi?acc=GSE275330
GSE244738,Highly concentrated trehalose prevents IL-4/IL-13-induced skin barrier impairment by suppressing IL-33 expression and increasing Nrf2 activation in epidermal keartinocytes,exclude,7,同时命中皮肤和老化词，但缺少主研究问题与样本证据,exclude,同时命中皮肤和老化词，但缺少主研究问题与样本证据,two_stage_rule,True,cellular_senescence,skin; cutaneous; epidermis; keratinocyte; skin_model,senescence,keratinocyte_sample,,,,,0,2024/09/30,https://www.ncbi.nlm.nih.gov/geo/query/acc.cgi?acc=GSE244738
GSE255032,Single-cell and bulk transcriptional profiling of mouse ovaries reveals novel genes and pathways associated with DNA damage response in oocytes,exclude,-3,第一阶段未同时发现皮肤对象和老化概念,exclude,第一阶段未同时发现皮肤对象和老化概念,two_stage_rule,False,intrinsic_skin_aging,,aging_generic,,,,,reproductive,0,2024/09/15,https://www.ncbi.nlm.nih.gov/geo/query/acc.cgi?acc=GSE255032
GSE243204,RNA sequencing of HDFs(Human dermal fibroblasts) with or without Sal-B and UVB treatment,include,10,皮肤样本用于验证抗衰老或年轻化干预,include,皮肤样本用于验证抗衰老或年轻化干预,two_stage_rule,True,photoaging,skin; dermis; dermal_fibroblast,skin_aging; photoaging; aging_generic,hdf,,anti_aging_intervention; aged_skin_treatment,,,0,2024/09/14,https://www.ncbi.nlm.nih.gov/geo/query/acc.cgi?acc=GSE243204
GSE243929,Generation of Human Expandable Limb Bud Cells via Chemically Induced Dedifferentiation Strategy [scRNA-seq],exclude,0,同时命中皮肤和老化词，但缺少主研究问题与样本证据,exclude,同时命中皮肤和老化词，但缺少主研究问题与样本证据,two_stage_rule,True,cellular_senescence,dermis; dermal_fibroblast,senescence,,,,,,0,2024/09/01,https://www.ncbi.nlm.nih.gov/geo/query/acc.cgi?acc=GSE243929
GSE241456,NR4a knock-down in HER2 CAR-T cells improves T cell longevity and promotes solid tumor eradication [RNA-Seq],exclude,-3,第一阶段未同时发现皮肤对象和老化概念,exclude,第一阶段未同时发现皮肤对象和老化概念,two_stage_rule,False,intrinsic_skin_aging,epidermis,,,,,,cancer,0,2024/08/28,https://www.ncbi.nlm.nih.gov/geo/query/acc.cgi?acc=GSE241456
GSE275491,Differences in cell subsets between sun-exposed and unexposed skin: preliminary single-cell sequencing and biological analysis from a single case,include,7,摘要将皮肤老化作为组学实验的直接研究问题,include,摘要将皮肤老化作为组学实验的直接研究问题,two_stage_rule,True,photoaging,skin,photoaging; chronological_aging; aging_generic,skin_punch_biopsy,,,,,1,2024/08/28,https://www.ncbi.nlm.nih.gov/geo/query/acc.cgi?acc=GSE275491
GSE275846,Single cell transcriptomics of human epidermis shows decreased expression of several structural genes associated with skin barrier development in aged skin,include,21,明确包含皮肤样本，并设置年龄、衰老或光老化对照,include,明确包含皮肤样本，并设置年龄、衰老或光老化对照,two_stage_rule,True,aged_skin_repair,skin; epidermis; keratinocyte,aged_skin; aged; young_vs_old,skin_direct,young_vs_old; age_groups,,,,2,2024/08/28,https://www.ncbi.nlm.nih.gov/geo/query/acc.cgi?acc=GSE275846
GSE245045,The human pathome shows sex specific aging patterns post-development,exclude,2,第一阶段未同时发现皮肤对象和老化概念,exclude,第一阶段未同时发现皮肤对象和老化概念,two_stage_rule,False,cellular_senescence,,aging_generic; senescence,,,,,,0,2024/08/24,https://www.ncbi.nlm.nih.gov/geo/query/acc.cgi?acc=GSE245045
GSE226204,Neurological Cockayne Syndrome Results from R-Loops Induced by Stalled RNA Polymerase II during Transcription Elongation,exclude,-3,第一阶段未同时发现皮肤对象和老化概念,exclude,第一阶段未同时发现皮肤对象和老化概念,two_stage_rule,False,intrinsic_skin_aging,,aging_generic; premature_aging,,,,,systemic_premature_aging,0,2024/07/29,https://www.ncbi.nlm.nih.gov/geo/query/acc.cgi?acc=GSE226204
GSE266428,Nuclear lamin A/C phosphorylation by loss of Androgen Receptor is a global determinant of cancer-associated fibroblast activation,exclude,0,研究核心为肿瘤，缺少皮肤老化样本与年龄对照的共同证据,exclude,研究核心为肿瘤，缺少皮肤老化样本与年龄对照的共同证据,two_stage_rule,True,cellular_senescence,dermis; dermal_fibroblast,senescence,dermal_sample,,,,cancer,0,2024/07/29,https://www.ncbi.nlm.nih.gov/geo/query/acc.cgi?acc=GSE266428
GSE270016,Rejuvenation of aged oocyte through exposure to young follicular microenvironment,exclude,6,第一阶段未同时发现皮肤对象和老化概念,exclude,第一阶段未同时发现皮肤对象和老化概念,two_stage_rule,False,rejuvenation_intervention,,age_related; aging_generic; aged; young_vs_old; rejuvenation,,young_vs_old,,,reproductive,0,2024/07/22,https://www.ncbi.nlm.nih.gov/geo/query/acc.cgi?acc=GSE270016
GSE268348,The m6A writer KIAA1429 regulates photoaging progression via MFAP4-dependent collagen synthesis,exclude,14,第一阶段未同时发现皮肤对象和老化概念,exclude,第一阶段未同时发现皮肤对象和老化概念,two_stage_rule,False,photoaging,,photoaging,hdf,photoaging_model,aged_skin_treatment,,,5,2024/07/16,https://www.ncbi.nlm.nih.gov/geo/query/acc.cgi?acc=GSE268348
GSE266959,Epidermal Growth Factor Rejuvenates Aged Hematopoietic Stem Cells [EGFR Dominant Negative],exclude,3,标题和实验设计指向非皮肤器官，皮肤/衰老仅为附带描述,exclude,标题和实验设计指向非皮肤器官，皮肤/衰老仅为附带描述,two_stage_rule,True,rejuvenation_intervention,epidermis,aging_generic; aged; rejuvenation,,,,,blood,0,2024/07/01,https://www.ncbi.nlm.nih.gov/geo/query/acc.cgi?acc=GSE266959
GSE243999,Mouse models to investigate in situ cell fate decisions induced by TP53 and other factors (CUT&RUN),exclude,0,第一阶段未同时发现皮肤对象和老化概念,exclude,第一阶段未同时发现皮肤对象和老化概念,two_stage_rule,False,cellular_senescence,,senescence,,,,,,0,2024/06/28,https://www.ncbi.nlm.nih.gov/geo/query/acc.cgi?acc=GSE243999
GSE243836,Cell-specific crosstalk proteomics reveals cathepsin B signaling as a driver of glioblastoma malignancy near the subventricular zone,exclude,0,第一阶段未同时发现皮肤对象和老化概念,exclude,第一阶段未同时发现皮肤对象和老化概念,two_stage_rule,False,cellular_senescence,,senescence,,,,,,0,2024/06/23,https://www.ncbi.nlm.nih.gov/geo/query/acc.cgi?acc=GSE243836
GSE253773,PRC2-AgeIndex: a universal biomarker of aging and rejuvenation [ChIP-seq],exclude,6,第一阶段未同时发现皮肤对象和老化概念,exclude,第一阶段未同时发现皮肤对象和老化概念,two_stage_rule,False,rejuvenation_intervention,,aging_generic; young_vs_old; rejuvenation,,,anti_aging_intervention,,,0,2024/06/19,https://www.ncbi.nlm.nih.gov/geo/query/acc.cgi?acc=GSE253773
GSE253985,PRC2-AgeIndex: a universal biomarker of aging and rejuvenation [WGBS],exclude,6,第一阶段未同时发现皮肤对象和老化概念,exclude,第一阶段未同时发现皮肤对象和老化概念,two_stage_rule,False,rejuvenation_intervention,,aging_generic; young_vs_old; rejuvenation,,,anti_aging_intervention,,,0,2024/06/19,https://www.ncbi.nlm.nih.gov/geo/query/acc.cgi?acc=GSE253985
GSE253987,PRC2-AgeIndex: a universal biomarker of aging and rejuvenation,exclude,4,第一阶段未同时发现皮肤对象和老化概念,exclude,第一阶段未同时发现皮肤对象和老化概念,two_stage_rule,False,rejuvenation_intervention,,aging_generic; rejuvenation,,,,,,0,2024/06/19,https://www.ncbi.nlm.nih.gov/geo/query/acc.cgi?acc=GSE253987
GSE263907,Aged skin exacerbates experimental osteoarthritis via enhanced IL-36R signaling,include,11,标题明确以老化/细胞衰老为主题，Overall Design 验证了皮肤来源样本,include,标题明确以老化/细胞衰老为主题，Overall Design 验证了皮肤来源样本,two_stage_rule,True,intrinsic_skin_aging,skin; epidermis; keratinocyte,skin_aging; aged_skin; aging_generic; aged,skin_tissue,,,,,1,2024/05/31,https://www.ncbi.nlm.nih.gov/geo/query/acc.cgi?acc=GSE263907
GSE190032,Characterisation of the epidermal diurnal transcriptome of mice with tissue-specific circadian clock activity [LD],exclude,2,同时命中皮肤和老化词，但缺少主研究问题与样本证据,exclude,同时命中皮肤和老化词，但缺少主研究问题与样本证据,two_stage_rule,True,intrinsic_skin_aging,skin; epidermis,aging_generic,epidermal_sample,,,,neurologic,0,2024/05/02,https://www.ncbi.nlm.nih.gov/geo/query/acc.cgi?acc=GSE190032
GSE190034,Characterisation of the epidermal circadian transcriptome of mice with tissue-specific circadian clock activity [DD],exclude,2,同时命中皮肤和老化词，但缺少主研究问题与样本证据,exclude,同时命中皮肤和老化词，但缺少主研究问题与样本证据,two_stage_rule,True,intrinsic_skin_aging,skin; epidermis,aging_generic,epidermal_sample,,,,neurologic,0,2024/05/02,https://www.ncbi.nlm.nih.gov/geo/query/acc.cgi?acc=GSE190034
GSE255474,Characterisation of the epidermal diurnal transcriptome of mice with K14-Cre-driven Bmal1 knockout,exclude,5,同时命中皮肤和老化词，但缺少主研究问题与样本证据,exclude,同时命中皮肤和老化词，但缺少主研究问题与样本证据,two_stage_rule,True,intrinsic_skin_aging,skin; epidermis,aging_generic,epidermal_sample,,,,,0,2024/05/02,https://www.ncbi.nlm.nih.gov/geo/query/acc.cgi?acc=GSE255474
GSE264103,Aged skin exacerbates experimental osteoarthritis via enhanced IL-36R signaling,include,11,标题明确以老化/细胞衰老为主题，Overall Design 验证了皮肤来源样本,include,标题明确以老化/细胞衰老为主题，Overall Design 验证了皮肤来源样本,two_stage_rule,True,intrinsic_skin_aging,skin; keratinocyte,skin_aging; aged_skin; aging_generic; aged,skin_direct,,,,,1,2024/05/01,https://www.ncbi.nlm.nih.gov/geo/query/acc.cgi?acc=GSE264103
GSE253194,Primary oocytes with cellular senescence features are involved in ovarian aging in mice,exclude,3,第一阶段未同时发现皮肤对象和老化概念,exclude,第一阶段未同时发现皮肤对象和老化概念,two_stage_rule,False,cellular_senescence,,aging_generic; aged; senescence; rejuvenation,,,anti_aging_intervention,,reproductive,0,2024/04/30,https://www.ncbi.nlm.nih.gov/geo/query/acc.cgi?acc=GSE253194
GSE264413,Transcriptome profiling of ovaries in aged mice administered with Samul-tang,exclude,2,第一阶段未同时发现皮肤对象和老化概念,exclude,第一阶段未同时发现皮肤对象和老化概念,two_stage_rule,False,intrinsic_skin_aging,,age_related; aging_generic; aged; young_vs_old,,,,,,0,2024/04/30,https://www.ncbi.nlm.nih.gov/geo/query/acc.cgi?acc=GSE264413
GSE264327,Nano-encapsulated senolytics cocktail ameliorates germ cell senescence in female mice,exclude,6,第一阶段未同时发现皮肤对象和老化概念,exclude,第一阶段未同时发现皮肤对象和老化概念,two_stage_rule,False,cellular_senescence,,age_related; aged; senescence; rejuvenation,,,anti_aging_intervention,,,0,2024/04/23,https://www.ncbi.nlm.nih.gov/geo/query/acc.cgi?acc=GSE264327
GSE252293,Epidermal Growth Factor Rejuvenates Aged Hematopoietic Stem Cells,exclude,3,标题和实验设计指向非皮肤器官，皮肤/衰老仅为附带描述,exclude,标题和实验设计指向非皮肤器官，皮肤/衰老仅为附带描述,two_stage_rule,True,rejuvenation_intervention,epidermis,aging_generic; aged; rejuvenation,,,,,blood,0,2024/04/01,https://www.ncbi.nlm.nih.gov/geo/query/acc.cgi?acc=GSE252293
GSE261101,Quietly hiding: PD-L1 checkpoint expression in melanocyte stem cell quiescence and aging,include,15,明确包含皮肤样本，并设置年龄、衰老或光老化对照,include,明确包含皮肤样本，并设置年龄、衰老或光老化对照,two_stage_rule,True,intrinsic_skin_aging,skin; dermis; melanocyte; skin_appendage,aging_generic; aged,skin_direct; melanocyte_sample,young_vs_old,,,,1,2024/04/01,https://www.ncbi.nlm.nih.gov/geo/query/acc.cgi?acc=GSE261101
GSE247179,Multi-omics characterization of partial chemical reprogramming reveals evidence of cell rejuvenation [Array],exclude,2,第一阶段未同时发现皮肤对象和老化概念,exclude,第一阶段未同时发现皮肤对象和老化概念,two_stage_rule,False,rejuvenation_intervention,,aging_generic; aged; young_vs_old; rejuvenation,,,,,,0,2024/03/21,https://www.ncbi.nlm.nih.gov/geo/query/acc.cgi?acc=GSE247179
GSE237268,Transcription-Associated Chromatin Reorganization During Cellular Rejuvenation (Hi-C),exclude,2,第一阶段未同时发现皮肤对象和老化概念,exclude,第一阶段未同时发现皮肤对象和老化概念,two_stage_rule,False,rejuvenation_intervention,,aging_generic; aged; young_vs_old; rejuvenation,,,,,,0,2024/03/20,https://www.ncbi.nlm.nih.gov/geo/query/acc.cgi?acc=GSE237268
GSE237269,Transcription-Associated Chromatin Reorganization During Cellular Rejuvenation (RNA-Seq),exclude,2,第一阶段未同时发现皮肤对象和老化概念,exclude,第一阶段未同时发现皮肤对象和老化概念,two_stage_rule,False,rejuvenation_intervention,,aging_generic; aged; young_vs_old; rejuvenation,,,,,,0,2024/03/20,https://www.ncbi.nlm.nih.gov/geo/query/acc.cgi?acc=GSE237269
GSE156014,Dietary restriction delays but cannot heal irradiation-induced hair graying by preserving hair follicle stem cells in quiescence,include,7,标题明确以老化/细胞衰老为主题，Overall Design 验证了皮肤来源样本,include,标题明确以老化/细胞衰老为主题，Overall Design 验证了皮肤来源样本,two_stage_rule,True,aged_skin_repair,skin; skin_appendage,skin_appendage_aging_phenotype; aging_generic,skin_appendage_sample,,,,,0,2024/02/21,https://www.ncbi.nlm.nih.gov/geo/query/acc.cgi?acc=GSE156014
GSE236849,Accelerated Aging and Microsatellite Instability in Recessive Dystrophic Epidermolysis Bullosa-Associated Cutaneous Squamous Cell Carcinoma,exclude,3,研究核心为肿瘤，缺少皮肤老化样本与年龄对照的共同证据,exclude,研究核心为肿瘤，缺少皮肤老化样本与年龄对照的共同证据,two_stage_rule,True,intrinsic_skin_aging,skin; cutaneous; epidermis,aging_generic,skin_tissue,,,,cancer; other_disease,0,2024/02/17,https://www.ncbi.nlm.nih.gov/geo/query/acc.cgi?acc=GSE236849
GSE240486,Anti-aging and Rejuvenating Effects and Potential Mechanism of Dead Sea Water in Skin,include,9,标题明确以皮肤老化为研究主问题，实验设计未发现相反证据,include,标题明确以皮肤老化为研究主问题，实验设计未发现相反证据,two_stage_rule,True,photoaging,skin; epidermis; dermis; dermal_fibroblast,photoaging; age_related; aging_generic; senescence; rejuvenation,,,anti_aging_intervention; aged_skin_treatment,,,0,2024/02/01,https://www.ncbi.nlm.nih.gov/geo/query/acc.cgi?acc=GSE240486
GSE254881,Stem Leydig cells support macrophage immunological homeostasis through intercellular mitochondria transfer in a TRPM7-mediated manner in the testis,exclude,-3,第一阶段未同时发现皮肤对象和老化概念,exclude,第一阶段未同时发现皮肤对象和老化概念,two_stage_rule,False,aged_skin_repair,,aging_generic,,,,,reproductive,0,2024/02/01,https://www.ncbi.nlm.nih.gov/geo/query/acc.cgi?acc=GSE254881
GSE147723,"ChIP-seq analysis comparing WT, TAp63-/-, and ΔNp63-/- primary murine keratinocytes",exclude,5,同时命中皮肤和老化词，但缺少主研究问题与样本证据,exclude,同时命中皮肤和老化词，但缺少主研究问题与样本证据,two_stage_rule,True,cellular_senescence,skin; epidermis; keratinocyte,aging_generic; senescence; premature_aging,keratinocyte_sample,,,,,0,2023/12/06,https://www.ncbi.nlm.nih.gov/geo/query/acc.cgi?acc=GSE147723
GSE249225,RNA-seq profiling of epidermal tissues of visually younger and older women in the Youngster-Oldie (Y-O) study,include,14,明确包含皮肤样本，并设置年龄、衰老或光老化对照,include,明确包含皮肤样本，并设置年龄、衰老或光老化对照,two_stage_rule,True,intrinsic_skin_aging,skin; epidermis,skin_aging; chronological_aging; age_related; aging_generic; aged; young_vs_old,epidermal_sample,young_vs_old,,,,2,2023/12/04,https://www.ncbi.nlm.nih.gov/geo/query/acc.cgi?acc=GSE249225
GSE235606,Long non-coding RNA PVT1 is overexpressed in cutaneous squamous cell carcinoma and exon 2 is critical for its oncogenicity,exclude,-1,研究核心为肿瘤，缺少皮肤老化样本与年龄对照的共同证据,exclude,研究核心为肿瘤，缺少皮肤老化样本与年龄对照的共同证据,two_stage_rule,True,cellular_senescence,skin; cutaneous,senescence,,,,,cancer,0,2023/11/30,https://www.ncbi.nlm.nih.gov/geo/query/acc.cgi?acc=GSE235606
GSE222691,Transcriptional profiling by RNA-seq in Dbx2-overexpressing cultures of adult neural progenitors,exclude,-1,标题和实验设计指向非皮肤器官，皮肤/衰老仅为附带描述,exclude,标题和实验设计指向非皮肤器官，皮肤/衰老仅为附带描述,two_stage_rule,True,intrinsic_skin_aging,epidermis,aging_generic; aged; young_vs_old,,,,,neurologic,1,2023/11/29,https://www.ncbi.nlm.nih.gov/geo/query/acc.cgi?acc=GSE222691
GSE248483,A study of genetic variants associated with skin traits in the Vietnamese population,exclude,2,同时命中皮肤和老化词，但缺少主研究问题与样本证据,exclude,同时命中皮肤和老化词，但缺少主研究问题与样本证据,two_stage_rule,True,intrinsic_skin_aging,skin; cutaneous,skin_aging; aging_generic,,,,,,0,2023/11/26,https://www.ncbi.nlm.nih.gov/geo/query/acc.cgi?acc=GSE248483
GSE218198,Transcriptomic analysis of human dermal fibroblasts overexpressing ANKRD1.,exclude,7,同时命中皮肤和老化词，但缺少主研究问题与样本证据,exclude,同时命中皮肤和老化词，但缺少主研究问题与样本证据,two_stage_rule,True,cellular_senescence,dermis; dermal_fibroblast,senescence,dermal_sample,,,,,0,2023/11/10,https://www.ncbi.nlm.nih.gov/geo/query/acc.cgi?acc=GSE218198
GSE218204,ChIP-seq analysis of primary human dermal fibroblasts overexpressing ANKRD1 in human dermal fibroblasts (HDFs),exclude,10,同时命中皮肤和老化词，但缺少主研究问题与样本证据,exclude,同时命中皮肤和老化词，但缺少主研究问题与样本证据,two_stage_rule,True,cellular_senescence,dermis; dermal_fibroblast,senescence,dermal_sample; hdf,,,,,0,2023/11/10,https://www.ncbi.nlm.nih.gov/geo/query/acc.cgi?acc=GSE218204
GSE239551,Polyamine metabolite spermidine rejuvenates the oocyte quality by enhancing mitophagy during female reproductive aging,exclude,1,第一阶段未同时发现皮肤对象和老化概念,exclude,第一阶段未同时发现皮肤对象和老化概念,two_stage_rule,False,rejuvenation_intervention,,aging_generic; aged; rejuvenation,,,,,reproductive,0,2023/11/10,https://www.ncbi.nlm.nih.gov/geo/query/acc.cgi?acc=GSE239551
GSE239292,ChIp-Seq on Normal Human Cholangiocytes,exclude,0,第一阶段未同时发现皮肤对象和老化概念,exclude,第一阶段未同时发现皮肤对象和老化概念,two_stage_rule,False,cellular_senescence,,senescence,,,,,,0,2023/11/08,https://www.ncbi.nlm.nih.gov/geo/query/acc.cgi?acc=GSE239292
GSE222771,Arraystar m6A-mRNA Epitranscriptomic Microarray Analysis of Atopic Dermatitis and healthy controls,exclude,0,第一阶段未同时发现皮肤对象和老化概念,exclude,第一阶段未同时发现皮肤对象和老化概念,two_stage_rule,False,intrinsic_skin_aging,,,,,,,,0,2023/10/12,https://www.ncbi.nlm.nih.gov/geo/query/acc.cgi?acc=GSE222771
GSE241430,Longitudinal modeling of human neuronal aging reveals the contribution of the RCAN1-TFEB pathway to Huntington's disease neurodegeneration,exclude,-1,第一阶段未同时发现皮肤对象和老化概念,exclude,第一阶段未同时发现皮肤对象和老化概念,two_stage_rule,False,intrinsic_skin_aging,,aging_generic; aged,,,,,neurologic,0,2023/10/10,https://www.ncbi.nlm.nih.gov/geo/query/acc.cgi?acc=GSE241430
GSE203034,Single-cell analysis of human dermal fibroblasts isolated from a single male donor over 35 years,include,15,明确包含皮肤样本，并设置年龄、衰老或光老化对照,include,明确包含皮肤样本，并设置年龄、衰老或光老化对照,two_stage_rule,True,cellular_senescence,skin; dermis; dermal_fibroblast,skin_aging; age_related; aging_generic; senescence,dermal_sample,age_groups; serial_ages,,,,1,2023/09/21,https://www.ncbi.nlm.nih.gov/geo/query/acc.cgi?acc=GSE203034
GSE158000,ESC-sEVs rejuvenate aging hippocampal NSCs by transferring SMADs to regulate the MYT1-Egln3-Sirt1 axis,exclude,1,第一阶段未同时发现皮肤对象和老化概念,exclude,第一阶段未同时发现皮肤对象和老化概念,two_stage_rule,False,cellular_senescence,,age_related; aging_generic; senescence; rejuvenation,,,,,neurologic,0,2023/09/09,https://www.ncbi.nlm.nih.gov/geo/query/acc.cgi?acc=GSE158000
GSE240226,Effect of rice fermentation and succinic acid on gene expression of human dermal fibroblasts irradiated with UVA,include,16,皮肤样本用于验证抗衰老或年轻化干预,include,皮肤样本用于验证抗衰老或年轻化干预,two_stage_rule,True,photoaging,skin; dermis; dermal_fibroblast,skin_aging; photoaging; aging_generic; senescence; rejuvenation,skin_direct; dermal_sample; hdf,,anti_aging_intervention,,,1,2023/08/10,https://www.ncbi.nlm.nih.gov/geo/query/acc.cgi?acc=GSE240226
GSE210996,Mechanism for the modifier effect of RCAN1 in neurodegeneration of Huntington’s disease in patient-derived neurons [ATAC-Seq],exclude,-3,第一阶段未同时发现皮肤对象和老化概念,exclude,第一阶段未同时发现皮肤对象和老化概念,two_stage_rule,False,intrinsic_skin_aging,,,,,,,neurologic,0,2023/08/07,https://www.ncbi.nlm.nih.gov/geo/query/acc.cgi?acc=GSE210996
GSE236967,Hypoglycosylated FSH enhances oocyte quality via increased cell-to-cell interaction during mouse follicle development,exclude,-3,第一阶段未同时发现皮肤对象和老化概念,exclude,第一阶段未同时发现皮肤对象和老化概念,two_stage_rule,False,intrinsic_skin_aging,,aging_generic,,,,,reproductive,0,2023/07/15,https://www.ncbi.nlm.nih.gov/geo/query/acc.cgi?acc=GSE236967
GSE226189,Transcriptomes of human primary skin fibroblasts reveal age-associated mRNAs and long noncoding RNAs,include,11,标题明确以老化/细胞衰老为主题，Overall Design 验证了皮肤来源样本,include,标题明确以老化/细胞衰老为主题，Overall Design 验证了皮肤来源样本,two_stage_rule,True,intrinsic_skin_aging,skin,age_related; aging_generic,skin_fibroblast,,,,,3,2023/07/06,https://www.ncbi.nlm.nih.gov/geo/query/acc.cgi?acc=GSE226189
GSE227782,Single cell analysis of transcriptome and open chromatin reveals the dynamics of hair follicle stem cell aging [scRNA-Seq],include,9,标题明确以老化/细胞衰老为主题，Overall Design 验证了皮肤来源样本,include,标题明确以老化/细胞衰老为主题，Overall Design 验证了皮肤来源样本,two_stage_rule,True,skin_appendage_aging,skin; skin_appendage,skin_appendage_aging_phenotype; aging_generic,skin_appendage_sample,,,,,1,2023/06/25,https://www.ncbi.nlm.nih.gov/geo/query/acc.cgi?acc=GSE227782
GSE227783,Single cell analysis of transcriptome and open chromatin reveals the dynamics of hair follicle stem cell aging [scATAC-Seq],include,9,标题明确以老化/细胞衰老为主题，Overall Design 验证了皮肤来源样本,include,标题明确以老化/细胞衰老为主题，Overall Design 验证了皮肤来源样本,two_stage_rule,True,skin_appendage_aging,skin; skin_appendage,skin_appendage_aging_phenotype; aging_generic,skin_direct,,,,,1,2023/06/25,https://www.ncbi.nlm.nih.gov/geo/query/acc.cgi?acc=GSE227783
GSE227784,Single cell analysis of transcriptome and open chromatin reveals the dynamics of hair follicle stem cell aging,include,9,标题明确以老化/细胞衰老为主题，Overall Design 验证了皮肤来源样本,include,标题明确以老化/细胞衰老为主题，Overall Design 验证了皮肤来源样本,two_stage_rule,True,skin_appendage_aging,skin_appendage,aging_generic,skin_appendage_sample,,,,,1,2023/06/25,https://www.ncbi.nlm.nih.gov/geo/query/acc.cgi?acc=GSE227784
GSE213812,Prenatal exposure to benzo[a]pyrene depletes ovarian reserve and masculinizes embryonic ovarian germ cell transcriptome transgenerationally [RNA-seq],exclude,-6,第一阶段未同时发现皮肤对象和老化概念,exclude,第一阶段未同时发现皮肤对象和老化概念,two_stage_rule,False,cellular_senescence,,senescence,,,,,embryonic_development; reproductive,0,2023/06/07,https://www.ncbi.nlm.nih.gov/geo/query/acc.cgi?acc=GSE213812
GSE213945,Prenatal exposure to benzo[a]pyrene depletes ovarian reserve and masculinizes embryonic ovarian germ cell transcriptome transgenerationally I,exclude,-6,第一阶段未同时发现皮肤对象和老化概念,exclude,第一阶段未同时发现皮肤对象和老化概念,two_stage_rule,False,cellular_senescence,,senescence,,,,,embryonic_development; reproductive,0,2023/06/07,https://www.ncbi.nlm.nih.gov/geo/query/acc.cgi?acc=GSE213945
GSE213946,Prenatal exposure to benzo[a]pyrene depletes ovarian reserve and masculinizes embryonic ovarian germ cell transcriptome transgenerationally II,exclude,-6,第一阶段未同时发现皮肤对象和老化概念,exclude,第一阶段未同时发现皮肤对象和老化概念,two_stage_rule,False,cellular_senescence,,senescence,,,,,embryonic_development; reproductive,0,2023/06/07,https://www.ncbi.nlm.nih.gov/geo/query/acc.cgi?acc=GSE213946
GSE230356,Prenatal exposure to benzo[a]pyrene depletes ovarian reserve and masculinizes embryonic ovarian germ cell transcriptome transgenerationally [Bisulfite-Seq],exclude,-6,第一阶段未同时发现皮肤对象和老化概念,exclude,第一阶段未同时发现皮肤对象和老化概念,two_stage_rule,False,cellular_senescence,,senescence,,,,,embryonic_development; reproductive,0,2023/06/07,https://www.ncbi.nlm.nih.gov/geo/query/acc.cgi?acc=GSE230356
GSE218919,BCAS2 regulates granulosa cell survival via participating in Flt3l mRNA splicing,exclude,-3,第一阶段未同时发现皮肤对象和老化概念,exclude,第一阶段未同时发现皮肤对象和老化概念,two_stage_rule,False,cellular_senescence,,senescence,,,,,reproductive,0,2023/06/01,https://www.ncbi.nlm.nih.gov/geo/query/acc.cgi?acc=GSE218919
GSE201098,Metformin promotes in vitro maturation of oocytes from aged mice,exclude,-1,第一阶段未同时发现皮肤对象和老化概念,exclude,第一阶段未同时发现皮肤对象和老化概念,two_stage_rule,False,intrinsic_skin_aging,,aging_generic; aged,,,,,reproductive,0,2023/04/20,https://www.ncbi.nlm.nih.gov/geo/query/acc.cgi?acc=GSE201098
GSE191055,"Young and old breast skin, and fibroblast cell line RNA seq data",include,20,明确包含皮肤样本，并设置年龄、衰老或光老化对照,include,明确包含皮肤样本，并设置年龄、衰老或光老化对照,two_stage_rule,True,cellular_senescence,skin,aged_skin; young_vs_old; senescence,skin_direct; skin_tissue,young_vs_old; senescent_control,,,,2,2023/03/30,https://www.ncbi.nlm.nih.gov/geo/query/acc.cgi?acc=GSE191055
GSE200002,Fibroblast heterogeneity: a new phenotype associated with photoaging/solar elastosis,include,18,明确包含皮肤样本，并设置年龄、衰老或光老化对照,include,明确包含皮肤样本，并设置年龄、衰老或光老化对照,two_stage_rule,True,photoaging,skin; epidermis; dermis; dermal_fibroblast; keratinocyte; skin_model,photoaging; photoaging_phenotype; aging_generic; young_vs_old,dermal_sample; keratinocyte_sample,young_vs_old; photoaging_model,,,,1,2023/03/22,https://www.ncbi.nlm.nih.gov/geo/query/acc.cgi?acc=GSE200002
GSE221376,Immunotoxin-αCD40 therapy activates innate and adaptive immunity and generates a durable antitumor response in glioblastoma models,exclude,-6,Overall Design 的实际样本属于其他器官、肿瘤或非皮肤细胞,exclude,Overall Design 的实际样本属于其他器官、肿瘤或非皮肤细胞,two_stage_rule,True,cellular_senescence,epidermis,senescence,,,,,cancer; neurologic,0,2023/02/17,https://www.ncbi.nlm.nih.gov/geo/query/acc.cgi?acc=GSE221376
GSE197588,Wound memory of epidermal stem cells [scRNAseq L1-aged],include,9,标题明确以老化/细胞衰老为主题，Overall Design 验证了皮肤来源样本,include,标题明确以老化/细胞衰老为主题，Overall Design 验证了皮肤来源样本,two_stage_rule,True,aged_skin_repair,skin; epidermis; skin_stem_cell,aging_generic; aged,epidermal_sample,,,,,0,2023/02/02,https://www.ncbi.nlm.nih.gov/geo/query/acc.cgi?acc=GSE197588
GSE222638,CPEB1-dependent disruption of the mRNA translation program in oocytes during maternal aging,exclude,-1,第一阶段未同时发现皮肤对象和老化概念,exclude,第一阶段未同时发现皮肤对象和老化概念,two_stage_rule,False,intrinsic_skin_aging,,aging_generic; young_vs_old,,,,,reproductive,0,2023/01/11,https://www.ncbi.nlm.nih.gov/geo/query/acc.cgi?acc=GSE222638
GSE184892,Highly concentrated trehalose induces prohealing senescence-like state in fibroblasts via CDKN1A/p21,include,5,标题明确以老化/细胞衰老为主题，Overall Design 验证了皮肤来源样本,include,标题明确以老化/细胞衰老为主题，Overall Design 验证了皮肤来源样本,two_stage_rule,True,cellular_senescence,skin; epidermis; dermis; keratinocyte; skin_model,senescence,keratinocyte_sample,,,,,0,2023/01/10,https://www.ncbi.nlm.nih.gov/geo/query/acc.cgi?acc=GSE184892
GSE190697,Selective autophagic degradation of ATP citrate lyase maintains citrate homeostasis and promotes oocyte maturation,exclude,-3,第一阶段未同时发现皮肤对象和老化概念,exclude,第一阶段未同时发现皮肤对象和老化概念,two_stage_rule,False,intrinsic_skin_aging,,aging_generic,,,,,reproductive,0,2023/01/09,https://www.ncbi.nlm.nih.gov/geo/query/acc.cgi?acc=GSE190697
GSE171050,"RiboMeth-seq profiling of ribose methylations in ribosomal RNA of proliferating, quiescent and senescent primary human dermal fibroblasts.",include,19,明确包含皮肤样本，并设置年龄、衰老或光老化对照,include,明确包含皮肤样本，并设置年龄、衰老或光老化对照,two_stage_rule,True,cellular_senescence,dermis; dermal_fibroblast,senescence,dermal_sample; hdf,senescent_control,,,,2,2023/01/01,https://www.ncbi.nlm.nih.gov/geo/query/acc.cgi?acc=GSE171050
GSE193920,Local IL-17 orchestrates skin aging,include,8,标题明确以皮肤老化为研究主问题，实验设计未发现相反证据,include,标题明确以皮肤老化为研究主问题，实验设计未发现相反证据,two_stage_rule,True,aged_skin_repair,skin; epidermis; dermis; skin_appendage,skin_aging; aged_skin; age_related; aging_generic; aged,,,,,,1,2022/12/31,https://www.ncbi.nlm.nih.gov/geo/query/acc.cgi?acc=GSE193920
GSE200612,"10X Gemonics Single-cell RNA sequence of ovaries at P1,P14,W8,M8 and M12",exclude,0,第一阶段未同时发现皮肤对象和老化概念,exclude,第一阶段未同时发现皮肤对象和老化概念,two_stage_rule,False,cellular_senescence,,senescence,,,,,,0,2022/12/31,https://www.ncbi.nlm.nih.gov/geo/query/acc.cgi?acc=GSE200612
GSE206495,Exploratory Study to Identify Skin Anti-Aging Biomarkers as a Result of a Non-ablative Fractional Laser Treatment,include,15,明确包含皮肤样本，并设置年龄、衰老或光老化对照,include,明确包含皮肤样本，并设置年龄、衰老或光老化对照,two_stage_rule,True,photoaging,skin; dermis,photoaging; aging_generic; rejuvenation,skin_direct,photoaging_model,anti_aging_intervention; aged_skin_treatment,,,0,2022/12/09,https://www.ncbi.nlm.nih.gov/geo/query/acc.cgi?acc=GSE206495
GSE198657,"Innate type 2 immunity controls hair follicle commensalism by Demodex mites [IL-4, IL-13]",exclude,2,同时命中皮肤和老化词，但缺少主研究问题与样本证据,exclude,同时命中皮肤和老化词，但缺少主研究问题与样本证据,two_stage_rule,True,aged_skin_repair,skin; cutaneous; skin_appendage,aging_generic,,,,,,0,2022/11/29,https://www.ncbi.nlm.nih.gov/geo/query/acc.cgi?acc=GSE198657
GSE206141,ANT2 accelerates cutaneous wound healing in aged skin by reverse senescence,include,15,标题明确以老化/细胞衰老为主题，Overall Design 验证了皮肤来源样本,include,标题明确以老化/细胞衰老为主题，Overall Design 验证了皮肤来源样本,two_stage_rule,True,cellular_senescence,skin; cutaneous; dermis; dermal_fibroblast,aged_skin; age_related; aging_generic; aged; senescence,hdf,,,,,1,2022/11/21,https://www.ncbi.nlm.nih.gov/geo/query/acc.cgi?acc=GSE206141
GSE192564,Expression data from actinic lentigines in European volunteers,include,5,标题明确以老化/细胞衰老为主题，Overall Design 验证了皮肤来源样本,include,标题明确以老化/细胞衰老为主题，Overall Design 验证了皮肤来源样本,two_stage_rule,True,photoaging,skin,skin_aging; photoaging_phenotype; aging_generic; aged,skin_punch_biopsy,,,,,0,2022/10/14,https://www.ncbi.nlm.nih.gov/geo/query/acc.cgi?acc=GSE192564
GSE192565,Expression data from actinic lentigines in Japanese volunteers,include,5,标题明确以老化/细胞衰老为主题，Overall Design 验证了皮肤来源样本,include,标题明确以老化/细胞衰老为主题，Overall Design 验证了皮肤来源样本,two_stage_rule,True,photoaging,skin,skin_aging; photoaging_phenotype; aging_generic; aged,skin_punch_biopsy,,,,,0,2022/10/14,https://www.ncbi.nlm.nih.gov/geo/query/acc.cgi?acc=GSE192565
GSE198857,Extended longevity geometrically-inverted proximal tubule organoids,exclude,0,第一阶段未同时发现皮肤对象和老化概念,exclude,第一阶段未同时发现皮肤对象和老化概念,two_stage_rule,False,intrinsic_skin_aging,,,,,,,,0,2022/10/07,https://www.ncbi.nlm.nih.gov/geo/query/acc.cgi?acc=GSE198857
GSE185086,RNA sequencing of epidermal stem cells in Fbln7 WT vs Fbln7 KO mice,include,11,摘要将皮肤老化作为组学实验的直接研究问题,include,摘要将皮肤老化作为组学实验的直接研究问题,two_stage_rule,True,intrinsic_skin_aging,epidermis; skin_stem_cell,aging_generic; aged; young_vs_old,epidermal_sample,,,,,2,2022/10/01,https://www.ncbi.nlm.nih.gov/geo/query/acc.cgi?acc=GSE185086
GSE185087,RNA sequencing of slow-and fast-cycling epidermal stem cells vs hair follicle stem cells in young vs old mice,include,21,明确包含皮肤样本，并设置年龄、衰老或光老化对照,include,明确包含皮肤样本，并设置年龄、衰老或光老化对照,two_stage_rule,True,skin_appendage_aging,skin; epidermis; skin_stem_cell; skin_appendage,chronological_aging; aging_generic; young_vs_old,epidermal_sample; skin_appendage_sample,young_vs_old,,,,3,2022/10/01,https://www.ncbi.nlm.nih.gov/geo/query/acc.cgi?acc=GSE185087
GSE180484,Differentially regulated miRNAs in skin fibroblasts with constitutively active Nrf2,exclude,5,同时命中皮肤和老化词，但缺少主研究问题与样本证据,exclude,同时命中皮肤和老化词，但缺少主研究问题与样本证据,two_stage_rule,True,intrinsic_skin_aging,skin; dermis,aged_skin; age_related; aging_generic; aged,skin_direct,,,,,0,2022/09/20,https://www.ncbi.nlm.nih.gov/geo/query/acc.cgi?acc=GSE180484
GSE194241,Age-related Huntington's disease progression modeled in directly reprogrammed patient-derived striatal neurons highlights impaired autophagy (Figure 2 and S2),exclude,-1,第一阶段未同时发现皮肤对象和老化概念,exclude,第一阶段未同时发现皮肤对象和老化概念,two_stage_rule,False,intrinsic_skin_aging,,age_related; aging_generic,,,,,neurologic,0,2022/09/15,https://www.ncbi.nlm.nih.gov/geo/query/acc.cgi?acc=GSE194241
GSE194242,"Age- and stage-dependent degeneration of Huntington’s disease neurons is linked to declining autophagy mediated by mir-29b-3p (Figure 5, 7 and S4)",exclude,-3,第一阶段未同时发现皮肤对象和老化概念,exclude,第一阶段未同时发现皮肤对象和老化概念,two_stage_rule,False,intrinsic_skin_aging,,age_related; aging_generic,,,,,neurologic,0,2022/09/15,https://www.ncbi.nlm.nih.gov/geo/query/acc.cgi?acc=GSE194242
GSE210020,Nintedanib induces senolytic effect via STAT3 inhibition,exclude,7,第一阶段未同时发现皮肤对象和老化概念,exclude,第一阶段未同时发现皮肤对象和老化概念,two_stage_rule,False,cellular_senescence,,age_related; aging_generic; senescence; rejuvenation,hdf,,anti_aging_intervention,,,0,2022/09/06,https://www.ncbi.nlm.nih.gov/geo/query/acc.cgi?acc=GSE210020
GSE197981,Innate type 2 immunity controls hair follicle commensalism by Demodex mites [2019],exclude,5,同时命中皮肤和老化词，但缺少主研究问题与样本证据,exclude,同时命中皮肤和老化词，但缺少主研究问题与样本证据,two_stage_rule,True,aged_skin_repair,skin; cutaneous; skin_appendage,aging_generic,skin_direct,,,,,0,2022/08/29,https://www.ncbi.nlm.nih.gov/geo/query/acc.cgi?acc=GSE197981
GSE197982,Innate type 2 immunity controls hair follicle commensalism by Demodex mites [2021],exclude,5,同时命中皮肤和老化词，但缺少主研究问题与样本证据,exclude,同时命中皮肤和老化词，但缺少主研究问题与样本证据,two_stage_rule,True,aged_skin_repair,skin; cutaneous; skin_appendage,aging_generic,skin_direct,,,,,0,2022/08/29,https://www.ncbi.nlm.nih.gov/geo/query/acc.cgi?acc=GSE197982
GSE211839,"Expression data from SQ, TRI-SQ and Tetra-SQ-treated HFDPCs",include,5,皮肤样本用于验证抗衰老或年轻化干预,exclude,实验终点是 HFDPC 毛发生长，anti-aging 仅为材料属性描述，未设置皮肤或毛囊老化模型。,evidence_adjudication,True,rejuvenation_intervention,dermis,aging_generic; rejuvenation,dermal_papilla,,anti_aging_intervention,,,0,2022/08/25,https://www.ncbi.nlm.nih.gov/geo/query/acc.cgi?acc=GSE211839
GSE198675,LINE-1 antisense oligonucleotide ameliorate HGPA and WRN aging phenotype.,exclude,2,第一阶段未同时发现皮肤对象和老化概念,exclude,第一阶段未同时发现皮肤对象和老化概念,two_stage_rule,False,cellular_senescence,,aging_generic; senescence; premature_aging,,,,,,0,2022/08/24,https://www.ncbi.nlm.nih.gov/geo/query/acc.cgi?acc=GSE198675
GSE202351,Tfam-deficiency mediated mitochondrial disorder affects Langerhans cell maintenance and function,exclude,2,同时命中皮肤和老化词，但缺少主研究问题与样本证据,exclude,同时命中皮肤和老化词，但缺少主研究问题与样本证据,two_stage_rule,True,intrinsic_skin_aging,skin; cutaneous; epidermis,skin_aging; age_related; aging_generic,,,,,,1,2022/08/13,https://www.ncbi.nlm.nih.gov/geo/query/acc.cgi?acc=GSE202351
GSE188432,Wound healing in aged skin exhibits systems-level alterations in cellular composition and cell-cell communication,include,14,明确包含皮肤样本，并设置年龄、衰老或光老化对照,include,明确包含皮肤样本，并设置年龄、衰老或光老化对照,two_stage_rule,True,aged_skin_repair,skin,aged_skin; aged; young_vs_old,skin_direct,young_vs_old,,,,1,2022/08/02,https://www.ncbi.nlm.nih.gov/geo/query/acc.cgi?acc=GSE188432
GSE197512,Cell division drives DNA methylation loss in late-replicating domains in primary human cells [methylation array],exclude,0,第一阶段未同时发现皮肤对象和老化概念,exclude,第一阶段未同时发现皮肤对象和老化概念,two_stage_rule,False,aged_skin_repair,,aging_generic,,,,,,0,2022/07/25,https://www.ncbi.nlm.nih.gov/geo/query/acc.cgi?acc=GSE197512
GSE197545,Cell division drives DNA methylation loss in late-replicating domains in primary human cells,exclude,0,第一阶段未同时发现皮肤对象和老化概念,exclude,第一阶段未同时发现皮肤对象和老化概念,two_stage_rule,False,intrinsic_skin_aging,,,,,,,,0,2022/07/25,https://www.ncbi.nlm.nih.gov/geo/query/acc.cgi?acc=GSE197545
GSE199763,Age-related alterations in macrophage distribution and function impair cutaneous wound healing,include,9,标题明确以皮肤老化为研究主问题，实验设计未发现相反证据,include,标题明确以皮肤老化为研究主问题，实验设计未发现相反证据,two_stage_rule,True,aged_skin_repair,skin; cutaneous,age_related; aging_generic; aged; young_vs_old,,young_vs_old,,,,1,2022/06/24,https://www.ncbi.nlm.nih.gov/geo/query/acc.cgi?acc=GSE199763
GSE178115,Synergistic chemical combination for cell cycle restoration in senescent cells via FoxM1 and E2F1 activation,include,5,标题明确以老化/细胞衰老为主题，Overall Design 验证了皮肤来源样本,include,标题明确以老化/细胞衰老为主题，Overall Design 验证了皮肤来源样本,two_stage_rule,True,cellular_senescence,dermis; dermal_fibroblast,aging_generic; senescence,dermal_sample,,,,,0,2022/06/22,https://www.ncbi.nlm.nih.gov/geo/query/acc.cgi?acc=GSE178115
GSE165668,YAP/TAZ activity in stromal cells prevents ageing by controlling cGAS/STING,exclude,2,第一阶段未同时发现皮肤对象和老化概念,exclude,第一阶段未同时发现皮肤对象和老化概念,two_stage_rule,False,intrinsic_skin_aging,,aging_generic,,,,,,0,2022/06/20,https://www.ncbi.nlm.nih.gov/geo/query/acc.cgi?acc=GSE165668
GSE193386,"Transcriptome profiling reveals different expression pattern in baseline group, 0G group,and 5G group in ex vivo organ-cultured HFs.",exclude,2,同时命中皮肤和老化词，但缺少主研究问题与样本证据,exclude,同时命中皮肤和老化词，但缺少主研究问题与样本证据,two_stage_rule,True,cellular_senescence,melanocyte; skin_appendage,skin_appendage_aging_phenotype; age_related; aging_generic; senescence; rejuvenation,,,anti_aging_intervention,,,0,2022/05/19,https://www.ncbi.nlm.nih.gov/geo/query/acc.cgi?acc=GSE193386
GSE173385,Single-cell RNA-seq of UVB-radiated Skin Reveals Landscape of Photoaging-related Inflammation and Protection by Vitamin D,include,12,明确包含皮肤样本，并设置年龄、衰老或光老化对照,include,明确包含皮肤样本，并设置年龄、衰老或光老化对照,two_stage_rule,True,photoaging,skin,photoaging,skin_direct,photoaging_model,,,,1,2022/05/16,https://www.ncbi.nlm.nih.gov/geo/query/acc.cgi?acc=GSE173385
GSE171035,"Global transcriptional profiles of plantar epidermal basal cells from normal diet-fed, HFD-fed, and aged mice",include,14,标题明确以老化/细胞衰老为主题，Overall Design 验证了皮肤来源样本,include,标题明确以老化/细胞衰老为主题，Overall Design 验证了皮肤来源样本,two_stage_rule,True,intrinsic_skin_aging,skin; epidermis; dermis; keratinocyte,aged,skin_direct; dermal_sample,,,,,3,2022/05/15,https://www.ncbi.nlm.nih.gov/geo/query/acc.cgi?acc=GSE171035
GSE201464,The gene expression of aged HDF cells.,exclude,5,第一阶段未同时发现皮肤对象和老化概念,exclude,第一阶段未同时发现皮肤对象和老化概念,two_stage_rule,False,intrinsic_skin_aging,,aged; young_vs_old,hdf,,,,,0,2022/04/30,https://www.ncbi.nlm.nih.gov/geo/query/acc.cgi?acc=GSE201464
GSE165176,Multi-omic rejuvenation of human cells by maturation phase transient reprogramming [Sendai_RNAseq],exclude,-2,Overall Design 的实际样本属于其他器官、肿瘤或非皮肤细胞,exclude,Overall Design 的实际样本属于其他器官、肿瘤或非皮肤细胞,two_stage_rule,True,rejuvenation_intervention,dermis; dermal_fibroblast,age_related; aging_generic; rejuvenation,,,anti_aging_intervention,fibroblast_reprogramming,pluripotent,0,2022/04/19,https://www.ncbi.nlm.nih.gov/geo/query/acc.cgi?acc=GSE165176
GSE165177,Multi-omic rejuvenation of human cells by maturation phase transient reprogramming [Transient_RNAseq],exclude,1,皮肤细胞仅作为重编程或疾病诊断材料，并非皮肤老化研究对象,exclude,皮肤细胞仅作为重编程或疾病诊断材料，并非皮肤老化研究对象,two_stage_rule,True,rejuvenation_intervention,dermis; dermal_fibroblast,age_related; aging_generic; rejuvenation,,,anti_aging_intervention,fibroblast_reprogramming,,0,2022/04/19,https://www.ncbi.nlm.nih.gov/geo/query/acc.cgi?acc=GSE165177
GSE165178,Multi-omic rejuvenation of human cells by maturation phase transient reprogramming [Sendai array],exclude,-2,Overall Design 的实际样本属于其他器官、肿瘤或非皮肤细胞,exclude,Overall Design 的实际样本属于其他器官、肿瘤或非皮肤细胞,two_stage_rule,True,rejuvenation_intervention,dermis; dermal_fibroblast,age_related; aging_generic; rejuvenation,,,anti_aging_intervention,fibroblast_reprogramming,pluripotent,0,2022/04/19,https://www.ncbi.nlm.nih.gov/geo/query/acc.cgi?acc=GSE165178
GSE165179,Multi-omic rejuvenation of human cells by maturation phase transient reprogramming [Transient array],exclude,1,皮肤细胞仅作为重编程或疾病诊断材料，并非皮肤老化研究对象,exclude,皮肤细胞仅作为重编程或疾病诊断材料，并非皮肤老化研究对象,two_stage_rule,True,rejuvenation_intervention,dermis; dermal_fibroblast,age_related; aging_generic; rejuvenation,,,anti_aging_intervention,fibroblast_reprogramming,,0,2022/04/19,https://www.ncbi.nlm.nih.gov/geo/query/acc.cgi?acc=GSE165179
GSE167246,Transcriptomic study from total RNA extract from reconstructed Human Epidermis (RHE) at 3 time points and quatriplicats under Afatinib (100 nm) exposure versus vehicle,exclude,4,同时命中皮肤和老化词，但缺少主研究问题与样本证据,exclude,同时命中皮肤和老化词，但缺少主研究问题与样本证据,two_stage_rule,True,cellular_senescence,skin; cutaneous; epidermis; keratinocyte,senescence,,,,,,1,2022/02/23,https://www.ncbi.nlm.nih.gov/geo/query/acc.cgi?acc=GSE167246
GSE159997,Unbiased identification of CSDE1-regulated targets during oncogene-induced senescence [i-CLIP],exclude,2,第一阶段未同时发现皮肤对象和老化概念,exclude,第一阶段未同时发现皮肤对象和老化概念,two_stage_rule,False,cellular_senescence,,senescence,,,,,,0,2022/01/11,https://www.ncbi.nlm.nih.gov/geo/query/acc.cgi?acc=GSE159997
GSE159998,Unbiased identification of CSDE1-regulated targets during oncogene-induced senescence [polysome profiling],exclude,2,第一阶段未同时发现皮肤对象和老化概念,exclude,第一阶段未同时发现皮肤对象和老化概念,two_stage_rule,False,cellular_senescence,,senescence,,,,,,0,2022/01/11,https://www.ncbi.nlm.nih.gov/geo/query/acc.cgi?acc=GSE159998
GSE159999,Unbiased identification of CSDE1-regulated targets during oncogene-induced senescence [RNA-Seq],exclude,2,第一阶段未同时发现皮肤对象和老化概念,exclude,第一阶段未同时发现皮肤对象和老化概念,two_stage_rule,False,cellular_senescence,,senescence,,,,,,0,2022/01/11,https://www.ncbi.nlm.nih.gov/geo/query/acc.cgi?acc=GSE159999
GSE160000,Unbiased identification of CSDE1-regulated targets during oncogene-induced senescence [RNA-Seq-sh],exclude,2,第一阶段未同时发现皮肤对象和老化概念,exclude,第一阶段未同时发现皮肤对象和老化概念,two_stage_rule,False,cellular_senescence,,senescence,,,,,,0,2022/01/11,https://www.ncbi.nlm.nih.gov/geo/query/acc.cgi?acc=GSE160000
GSE160002,Unbiased identification of CSDE1-regulated targets during oncogene-induced senescence,exclude,2,第一阶段未同时发现皮肤对象和老化概念,exclude,第一阶段未同时发现皮肤对象和老化概念,two_stage_rule,False,cellular_senescence,,senescence,,,,,,0,2022/01/11,https://www.ncbi.nlm.nih.gov/geo/query/acc.cgi?acc=GSE160002
GSE190984,In vivo partial reprogramming alters manifestation of age-associated molecular changes in aging mice (1 months; sort-term treatment),exclude,4,第一阶段未同时发现皮肤对象和老化概念,exclude,第一阶段未同时发现皮肤对象和老化概念,two_stage_rule,False,intrinsic_skin_aging,,age_related; aging_generic,,,,,,0,2022/01/11,https://www.ncbi.nlm.nih.gov/geo/query/acc.cgi?acc=GSE190984
GSE190986,In vivo partial reprogramming alters manifestation of age-associated molecular changes in aging mice,exclude,4,第一阶段未同时发现皮肤对象和老化概念,exclude,第一阶段未同时发现皮肤对象和老化概念,two_stage_rule,False,intrinsic_skin_aging,,age_related; aging_generic,,,,,,0,2022/01/11,https://www.ncbi.nlm.nih.gov/geo/query/acc.cgi?acc=GSE190986
GSE77074,Identification of new microRNA-22-5p and -199a-5p/MMP1 functional interactions in stress-induced senescent human dermal fibroblasts [mRNA],include,9,标题明确以老化/细胞衰老为主题，Overall Design 验证了皮肤来源样本,include,标题明确以老化/细胞衰老为主题，Overall Design 验证了皮肤来源样本,two_stage_rule,True,cellular_senescence,dermis; dermal_fibroblast,senescence,dermal_sample,,,,,0,2022/01/09,https://www.ncbi.nlm.nih.gov/geo/query/acc.cgi?acc=GSE77074
GSE77406,Identification of new microRNA-22-5p and -199a-5p/MMP1 functional interactions in stress-induced senescent human dermal fibroblasts [miRNA],include,9,标题明确以老化/细胞衰老为主题，Overall Design 验证了皮肤来源样本,include,标题明确以老化/细胞衰老为主题，Overall Design 验证了皮肤来源样本,two_stage_rule,True,cellular_senescence,dermis; dermal_fibroblast,senescence,dermal_sample,,,,,0,2022/01/09,https://www.ncbi.nlm.nih.gov/geo/query/acc.cgi?acc=GSE77406
GSE77407,Identification of new microRNA-22-5p and -199a-5p/MMP1 functional interactions in stress-induced senescent human dermal fibroblasts,include,9,标题明确以老化/细胞衰老为主题，Overall Design 验证了皮肤来源样本,include,标题明确以老化/细胞衰老为主题，Overall Design 验证了皮肤来源样本,two_stage_rule,True,cellular_senescence,dermis; dermal_fibroblast,senescence,dermal_sample,,,,,0,2022/01/09,https://www.ncbi.nlm.nih.gov/geo/query/acc.cgi?acc=GSE77407
GSE141950,RNA-seq analysis of primary dermal fibroblasts of Hutchinson-Gilford progeria syndrome.,review,4,使用皮肤来源细胞研究系统性早老疾病，需确认是否属于皮肤老化范围,exclude,实验仅研究 Hutchinson-Gilford progeria syndrome 患者成纤维细胞，主问题是系统性早老疾病而非皮肤老化。,evidence_adjudication,True,intrinsic_skin_aging,dermis; dermal_fibroblast,aging_generic,dermal_sample,,,,systemic_premature_aging,0,2021/12/31,https://www.ncbi.nlm.nih.gov/geo/query/acc.cgi?acc=GSE141950
GSE181329,Histone deacetylase 4 reverses cellular senescence via DDIT4 in dermal fibroblasts,include,13,标题明确以老化/细胞衰老为主题，Overall Design 验证了皮肤来源样本,include,标题明确以老化/细胞衰老为主题，Overall Design 验证了皮肤来源样本,two_stage_rule,True,cellular_senescence,skin; dermis; dermal_fibroblast,skin_aging; aging_generic; aged; senescence,dermal_sample,,,,,2,2021/12/31,https://www.ncbi.nlm.nih.gov/geo/query/acc.cgi?acc=GSE181329
GSE92643,γH2A.X Modulates Self-renewal and Differentiation of Human Pluripotent Stem Cells. [HuGene-1_0-st],exclude,0,第一阶段未同时发现皮肤对象和老化概念,exclude,第一阶段未同时发现皮肤对象和老化概念,two_stage_rule,False,intrinsic_skin_aging,,aging_generic,,,,,,0,2021/12/06,https://www.ncbi.nlm.nih.gov/geo/query/acc.cgi?acc=GSE92643
GSE165312,Stem cells expand potency and alter tissue fitness by accumulating diverse epigenetic memories (ATAC-seq),exclude,0,同时命中皮肤和老化词，但缺少主研究问题与样本证据,exclude,同时命中皮肤和老化词，但缺少主研究问题与样本证据,two_stage_rule,True,aged_skin_repair,skin; epidermis; skin_appendage,aging_generic,,,,,,0,2021/11/29,https://www.ncbi.nlm.nih.gov/geo/query/acc.cgi?acc=GSE165312
GSE165314,Stem cells expand potency and alter tissue fitness by accumulating diverse epigenetic memories (scRNA-seq),exclude,0,同时命中皮肤和老化词，但缺少主研究问题与样本证据,exclude,同时命中皮肤和老化词，但缺少主研究问题与样本证据,two_stage_rule,True,aged_skin_repair,skin; epidermis; skin_appendage,aging_generic,,,,,,0,2021/11/29,https://www.ncbi.nlm.nih.gov/geo/query/acc.cgi?acc=GSE165314
GSE182252,"Transcriptomic analysis of the follicle associated epithelium of Peyer's Patches, intestinal villous epithelium and ileum from young and aged mice",exclude,7,第一阶段未同时发现皮肤对象和老化概念,exclude,第一阶段未同时发现皮肤对象和老化概念,two_stage_rule,False,intrinsic_skin_aging,,aging_generic; aged; young_vs_old,,young_vs_old,,,,0,2021/11/19,https://www.ncbi.nlm.nih.gov/geo/query/acc.cgi?acc=GSE182252
GSE179847,"A longitudinal DNA methylation dataset in primary human fibroblasts with mitochondrial genetic, metabolic, and endocrine perturbations",exclude,0,第一阶段未同时发现皮肤对象和老化概念,exclude,第一阶段未同时发现皮肤对象和老化概念,two_stage_rule,False,cellular_senescence,,aging_generic; aged; senescence,,,,,,0,2021/11/12,https://www.ncbi.nlm.nih.gov/geo/query/acc.cgi?acc=GSE179847
GSE179848,"A longitudinal RNA sequencing dataset in primary human fibroblasts with mitochondrial genetic, metabolic, and endocrine perturbations",exclude,0,第一阶段未同时发现皮肤对象和老化概念,exclude,第一阶段未同时发现皮肤对象和老化概念,two_stage_rule,False,cellular_senescence,,aging_generic; aged; senescence,,,,,,0,2021/11/12,https://www.ncbi.nlm.nih.gov/geo/query/acc.cgi?acc=GSE179848
GSE179849,"Longitudinal DNA methylation and RNA-seq datasets in primary human fibroblasts with mitochondrial genetic, metabolic, and endocrine perturbations",exclude,0,第一阶段未同时发现皮肤对象和老化概念,exclude,第一阶段未同时发现皮肤对象和老化概念,two_stage_rule,False,cellular_senescence,,aging_generic; senescence,,,,,,0,2021/11/12,https://www.ncbi.nlm.nih.gov/geo/query/acc.cgi?acc=GSE179849
GSE134893,Transcriptome analysis of mice dermal white adipose tissue during aging,include,15,明确包含皮肤样本，并设置年龄、衰老或光老化对照,include,明确包含皮肤样本，并设置年龄、衰老或光老化对照,two_stage_rule,True,skin_appendage_aging,skin; dermis; skin_appendage,aging_generic; aged; young_vs_old,skin_direct; dermal_adipose,young_vs_old,,,,1,2021/11/03,https://www.ncbi.nlm.nih.gov/geo/query/acc.cgi?acc=GSE134893
GSE185679,A transcriptomic analysis of primary fibroblasts isolated from young donors identifies a subset of donors displaying features of early senescence,include,11,明确包含皮肤样本，并设置年龄、衰老或光老化对照,include,明确包含皮肤样本，并设置年龄、衰老或光老化对照,two_stage_rule,True,cellular_senescence,skin; epidermis; keratinocyte,young_vs_old; senescence,keratinocyte_sample,young_vs_old; senescent_control,,,,0,2021/10/12,https://www.ncbi.nlm.nih.gov/geo/query/acc.cgi?acc=GSE185679
GSE181022,Newborn infant skin gene expression: Remarkable differences versus adults,include,11,明确包含皮肤样本，并设置年龄、衰老或光老化对照,include,明确包含皮肤样本，并设置年龄、衰老或光老化对照,two_stage_rule,True,aged_skin_repair,skin; epidermis; keratinocyte,aged_skin,skin_biopsy; skin_punch_biopsy,life_stage_contrast,,,,0,2021/10/06,https://www.ncbi.nlm.nih.gov/geo/query/acc.cgi?acc=GSE181022
GSE133648,Escape of hair follicle stem cells from a defective niche,exclude,5,第一阶段未同时发现皮肤对象和老化概念,exclude,第一阶段未同时发现皮肤对象和老化概念,two_stage_rule,False,skin_appendage_aging,skin_appendage,,skin_appendage_sample,,,,,0,2021/09/30,https://www.ncbi.nlm.nih.gov/geo/query/acc.cgi?acc=GSE133648
GSE145654,Single cell transcriptomic analysis of aging hair follicles,include,12,标题明确以老化/细胞衰老为主题，Overall Design 验证了皮肤来源样本,include,标题明确以老化/细胞衰老为主题，Overall Design 验证了皮肤来源样本,two_stage_rule,True,aged_skin_repair,epidermis; skin_appendage,aging_generic,epidermal_sample; skin_appendage_sample,,,,,1,2021/09/30,https://www.ncbi.nlm.nih.gov/geo/query/acc.cgi?acc=GSE145654
GSE184635,Reprogramming of ovarian aging epigenome by resveratrol [RNA-seq],exclude,-1,第一阶段未同时发现皮肤对象和老化概念,exclude,第一阶段未同时发现皮肤对象和老化概念,two_stage_rule,False,cellular_senescence,,age_related; aging_generic; senescence,,,,,reproductive,0,2021/09/26,https://www.ncbi.nlm.nih.gov/geo/query/acc.cgi?acc=GSE184635
GSE184636,Reprogramming of ovarian aging epigenome by resveratrol [methylation],exclude,-1,第一阶段未同时发现皮肤对象和老化概念,exclude,第一阶段未同时发现皮肤对象和老化概念,two_stage_rule,False,cellular_senescence,,age_related; aging_generic; senescence,,,,,reproductive,0,2021/09/26,https://www.ncbi.nlm.nih.gov/geo/query/acc.cgi?acc=GSE184636
GSE184084,Small RNA sequencing of small extracellular vesicles derived from senescent vs. nonsenescent human dermal fibroblasts (HDFs),include,14,明确包含皮肤样本，并设置年龄、衰老或光老化对照,include,明确包含皮肤样本，并设置年龄、衰老或光老化对照,two_stage_rule,True,cellular_senescence,dermis; dermal_fibroblast,senescence,dermal_sample,senescent_control,,,,1,2021/09/16,https://www.ncbi.nlm.nih.gov/geo/query/acc.cgi?acc=GSE184084
GSE155789,Transcriptomic comparison of the vitamin A ester retinyl propionate and retinol in human keratinocytes,exclude,5,同时命中皮肤和老化词，但缺少主研究问题与样本证据,exclude,同时命中皮肤和老化词，但缺少主研究问题与样本证据,two_stage_rule,True,intrinsic_skin_aging,skin; keratinocyte,skin_aging; aging_generic,keratinocyte_sample,,,,,0,2021/09/09,https://www.ncbi.nlm.nih.gov/geo/query/acc.cgi?acc=GSE155789
GSE183499,Transcriptome analysis of isogenic Neural stem cell for LRRK2 G2019S mutation.,exclude,-3,第一阶段未同时发现皮肤对象和老化概念,exclude,第一阶段未同时发现皮肤对象和老化概念,two_stage_rule,False,intrinsic_skin_aging,,aging_generic,,,,,neurologic,0,2021/09/08,https://www.ncbi.nlm.nih.gov/geo/query/acc.cgi?acc=GSE183499
GSE159281,Single-oocyte transcriptome analysis reveals aging-associated effects influenced by life stage and calorie restriction,exclude,-1,第一阶段未同时发现皮肤对象和老化概念,exclude,第一阶段未同时发现皮肤对象和老化概念,two_stage_rule,False,intrinsic_skin_aging,,aging_generic,,,,,reproductive,0,2021/08/02,https://www.ncbi.nlm.nih.gov/geo/query/acc.cgi?acc=GSE159281
GSE141167,Gene expression data from murine cutaneous squamous cell carcinoma genomes induced by Sleeping Beauty transposon mutagenesis,exclude,-1,第一阶段未同时发现皮肤对象和老化概念,exclude,第一阶段未同时发现皮肤对象和老化概念,two_stage_rule,False,intrinsic_skin_aging,cutaneous,,,,,,cancer,0,2021/07/29,https://www.ncbi.nlm.nih.gov/geo/query/acc.cgi?acc=GSE141167
GSE180750,Gene expression data from lung tissues of C57BL/6J mice,exclude,1,Overall Design 的实际样本属于其他器官、肿瘤或非皮肤细胞,exclude,Overall Design 的实际样本属于其他器官、肿瘤或非皮肤细胞,two_stage_rule,True,cellular_senescence,dermis; dermal_fibroblast,age_related; aging_generic; aged; senescence; rejuvenation,,,anti_aging_intervention,,lung,1,2021/07/24,https://www.ncbi.nlm.nih.gov/geo/query/acc.cgi?acc=GSE180750
GSE180007,Persistent JunB Activation in Fibroblasts Disrupts Stem Cell Niche Interactions Enforcing Skin Aging [ATAC-seq],include,8,标题明确以皮肤老化为研究主问题，实验设计未发现相反证据,include,标题明确以皮肤老化为研究主问题，实验设计未发现相反证据,two_stage_rule,True,intrinsic_skin_aging,skin; dermis; dermal_fibroblast,skin_aging; aging_generic,,,,,,1,2021/07/16,https://www.ncbi.nlm.nih.gov/geo/query/acc.cgi?acc=GSE180007
GSE180008,Persistent JunB Activation in Fibroblasts Disrupts Stem Cell Niche Interactions Enforcing Skin Aging [RNA-seq],include,8,标题明确以皮肤老化为研究主问题，实验设计未发现相反证据,include,标题明确以皮肤老化为研究主问题，实验设计未发现相反证据,two_stage_rule,True,cellular_senescence,skin; skin_stem_cell,skin_aging; aging_generic; senescence,,,,,,1,2021/07/16,https://www.ncbi.nlm.nih.gov/geo/query/acc.cgi?acc=GSE180008
GSE180009,Persistent JunB Activation in Fibroblasts Disrupts Stem Cell Niche Interactions Enforcing Skin Aging,include,6,标题明确以皮肤老化为研究主问题，实验设计未发现相反证据,include,标题明确以皮肤老化为研究主问题，实验设计未发现相反证据,two_stage_rule,True,intrinsic_skin_aging,skin,skin_aging; aging_generic,,,,,,0,2021/07/16,https://www.ncbi.nlm.nih.gov/geo/query/acc.cgi?acc=GSE180009
GSE119009,Transcriptomics Expression Analysis of the effects of UV radiations on Normal Human Dermal Fibroblast Cells,include,9,摘要将皮肤老化作为组学实验的直接研究问题,include,摘要将皮肤老化作为组学实验的直接研究问题,two_stage_rule,True,photoaging,skin; dermis; dermal_fibroblast,skin_aging; photoaging; aging_generic; premature_aging,dermal_sample,,,,,1,2021/07/01,https://www.ncbi.nlm.nih.gov/geo/query/acc.cgi?acc=GSE119009
GSE178768,Discrete tissue microenvironments instruct diversity in resident memory T cell function and plasticity (Skin),exclude,2,第一阶段未同时发现皮肤对象和老化概念,exclude,第一阶段未同时发现皮肤对象和老化概念,two_stage_rule,False,intrinsic_skin_aging,skin,,,,,,,0,2021/06/24,https://www.ncbi.nlm.nih.gov/geo/query/acc.cgi?acc=GSE178768
GSE178594,Effect of enzymatically-hydrolysed eggshell membrane (eESM) in Human keratinocyte,exclude,5,同时命中皮肤和老化词，但缺少主研究问题与样本证据,exclude,同时命中皮肤和老化词，但缺少主研究问题与样本证据,two_stage_rule,True,intrinsic_skin_aging,skin; epidermis; keratinocyte,skin_aging; aging_generic,keratinocyte_sample,,,,,0,2021/06/22,https://www.ncbi.nlm.nih.gov/geo/query/acc.cgi?acc=GSE178594
GSE178595,Expression data from eggshell membrane powder (pESM)-supplemented IL-10 KO mice,include,12,皮肤样本用于验证抗衰老或年轻化干预,include,皮肤样本用于验证抗衰老或年轻化干预,two_stage_rule,True,intrinsic_skin_aging,skin; dermis,skin_aging; aging_generic,skin_direct; skin_tissue; dermal_adipose,,aged_skin_treatment,,,1,2021/06/22,https://www.ncbi.nlm.nih.gov/geo/query/acc.cgi?acc=GSE178595
GSE155179,Single cell transcriptome analysis of human oocyte aging,exclude,-1,第一阶段未同时发现皮肤对象和老化概念,exclude,第一阶段未同时发现皮肤对象和老化概念,two_stage_rule,False,intrinsic_skin_aging,,aging_generic,,,,,reproductive,0,2021/05/27,https://www.ncbi.nlm.nih.gov/geo/query/acc.cgi?acc=GSE155179
GSE171076,Adhesion-mediated mechanosignaling forces mitohormesis,exclude,0,第一阶段未同时发现皮肤对象和老化概念,exclude,第一阶段未同时发现皮肤对象和老化概念,two_stage_rule,False,intrinsic_skin_aging,,aging_generic,,,,,,0,2021/05/22,https://www.ncbi.nlm.nih.gov/geo/query/acc.cgi?acc=GSE171076
GSE148619,Niche stiffening compromises stem cell potential during aging by reducing chromatin accessibility at bivalent promoters,include,5,标题明确以老化/细胞衰老为主题，Overall Design 验证了皮肤来源样本,include,标题明确以老化/细胞衰老为主题，Overall Design 验证了皮肤来源样本,two_stage_rule,True,skin_appendage_aging,skin_appendage,aging_generic,skin_appendage_sample,,,,,0,2021/05/06,https://www.ncbi.nlm.nih.gov/geo/query/acc.cgi?acc=GSE148619
GSE131958,Obesity accelerates hair thinning in stem cell-centric converging mechanism,include,8,明确包含皮肤样本，并设置年龄、衰老或光老化对照,include,明确包含皮肤样本，并设置年龄、衰老或光老化对照,two_stage_rule,True,skin_appendage_aging,skin; epidermis; skin_appendage,skin_appendage_aging_phenotype; aging_generic; aged; young_vs_old,skin_appendage_sample,young_vs_old,,,,0,2021/04/14,https://www.ncbi.nlm.nih.gov/geo/query/acc.cgi?acc=GSE131958
GSE169173,Obesity accelerates hair thinning by stem cell-centric converging mechanism [RNA-seq],include,5,标题明确以老化/细胞衰老为主题，Overall Design 验证了皮肤来源样本,include,标题明确以老化/细胞衰老为主题，Overall Design 验证了皮肤来源样本,two_stage_rule,True,skin_appendage_aging,epidermis; skin_appendage,skin_appendage_aging_phenotype; aging_generic,skin_appendage_sample,,,,,0,2021/04/14,https://www.ncbi.nlm.nih.gov/geo/query/acc.cgi?acc=GSE169173
GSE167268,Gene expression data from mouse melanocyte cell lines established in culture from 3-day old skin of wild-type and bcat* mutant C57BL/6J mice,exclude,10,第一阶段未同时发现皮肤对象和老化概念,exclude,第一阶段未同时发现皮肤对象和老化概念,two_stage_rule,False,intrinsic_skin_aging,skin; melanocyte,,skin_direct; melanocyte_sample,,,,,0,2021/02/23,https://www.ncbi.nlm.nih.gov/geo/query/acc.cgi?acc=GSE167268
GSE160920,miR-127-3p is an epigenetic activator of myofibroblast senescence situated within the miRNA enriched Dlk1-Dio3 imprinted domain on mouse chromosome 12 [mRNA array],include,10,标题明确以老化/细胞衰老为主题，Overall Design 验证了皮肤来源样本,include,标题明确以老化/细胞衰老为主题，Overall Design 验证了皮肤来源样本,two_stage_rule,True,cellular_senescence,skin; dermis,age_related; senescence,skin_direct; dermal_sample,,,,,1,2021/01/31,https://www.ncbi.nlm.nih.gov/geo/query/acc.cgi?acc=GSE160920
GSE160921,miR-127-3p is an epigenetic activator of myofibroblast senescence situated within the miRNA enriched Dlk1-Dio3 imprinted domain on mouse chromosome 12 [miRNA array],exclude,1,Overall Design 的实际样本属于其他器官、肿瘤或非皮肤细胞,exclude,Overall Design 的实际样本属于其他器官、肿瘤或非皮肤细胞,two_stage_rule,True,cellular_senescence,skin; dermis,age_related; senescence,,,,,blood,1,2021/01/31,https://www.ncbi.nlm.nih.gov/geo/query/acc.cgi?acc=GSE160921
GSE164446,Gene expression changes during senenscence in primary dermal human fibroblasts,include,9,标题明确以老化/细胞衰老为主题，Overall Design 验证了皮肤来源样本,include,标题明确以老化/细胞衰老为主题，Overall Design 验证了皮肤来源样本,two_stage_rule,True,cellular_senescence,dermis; dermal_fibroblast,senescence,dermal_sample,,,,,1,2021/01/09,https://www.ncbi.nlm.nih.gov/geo/query/acc.cgi?acc=GSE164446
GSE124119,Distinct types of stem cell divisions determine organ regeneration and aging in hair follicles,include,10,明确包含皮肤样本，并设置年龄、衰老或光老化对照,include,明确包含皮肤样本，并设置年龄、衰老或光老化对照,two_stage_rule,True,skin_appendage_aging,epidermis; skin_appendage,aging_generic; aged; young_vs_old,skin_appendage_sample,young_vs_old,,,,0,2020/12/25,https://www.ncbi.nlm.nih.gov/geo/query/acc.cgi?acc=GSE124119
GSE154559,NFATC2 modulates radiation toxicity in dermal fibroblasts from patients with severe side-effects of radiotherapy,exclude,7,第一阶段未同时发现皮肤对象和老化概念,exclude,第一阶段未同时发现皮肤对象和老化概念,two_stage_rule,False,aged_skin_repair,skin; dermis; dermal_fibroblast,,dermal_sample,,,,,0,2020/12/10,https://www.ncbi.nlm.nih.gov/geo/query/acc.cgi?acc=GSE154559
GSE156212,Effects of vitamin D on non-specific inflammatory response in aged skin.,include,9,标题明确以老化/细胞衰老为主题，Overall Design 验证了皮肤来源样本,include,标题明确以老化/细胞衰老为主题，Overall Design 验证了皮肤来源样本,two_stage_rule,True,intrinsic_skin_aging,skin,aged_skin; aged,skin_direct,,,,,0,2020/11/17,https://www.ncbi.nlm.nih.gov/geo/query/acc.cgi?acc=GSE156212
GSE157932,Isosorbide di-(linoleate/oleate) stimulates pro-differentiation gene expression to restore the epidermal barrier and improve skin hydration,exclude,4,同时命中皮肤和老化词，但缺少主研究问题与样本证据,exclude,同时命中皮肤和老化词，但缺少主研究问题与样本证据,two_stage_rule,True,intrinsic_skin_aging,skin; epidermis; keratinocyte,skin_aging; aging_generic,,,,,,0,2020/11/16,https://www.ncbi.nlm.nih.gov/geo/query/acc.cgi?acc=GSE157932
GSE130633,Effects of losmapimod on antigen-specific response in aged skin,include,11,标题明确以老化/细胞衰老为主题，Overall Design 验证了皮肤来源样本,include,标题明确以老化/细胞衰老为主题，Overall Design 验证了皮肤来源样本,two_stage_rule,True,rejuvenation_intervention,skin,aged_skin; aging_generic; aged; young_vs_old; rejuvenation,skin_direct,,,,,1,2020/11/14,https://www.ncbi.nlm.nih.gov/geo/query/acc.cgi?acc=GSE130633
GSE106940,Gene expression profile of dermis and epidermis from young and old age group,include,19,明确包含皮肤样本，并设置年龄、衰老或光老化对照,include,明确包含皮肤样本，并设置年龄、衰老或光老化对照,two_stage_rule,True,intrinsic_skin_aging,skin; epidermis; dermis,aged_skin; chronological_aging; aging_generic; aged; young_vs_old,skin_tissue,young_vs_old; age_groups,,,,2,2020/11/11,https://www.ncbi.nlm.nih.gov/geo/query/acc.cgi?acc=GSE106940
GSE147146,A proprietary GMP human platelet lysate for the expansion of dermal fibroblasts for clinical applications,exclude,7,同时命中皮肤和老化词，但缺少主研究问题与样本证据,exclude,同时命中皮肤和老化词，但缺少主研究问题与样本证据,two_stage_rule,True,cellular_senescence,dermis; dermal_fibroblast,senescence,dermal_sample,,,,,0,2020/10/01,https://www.ncbi.nlm.nih.gov/geo/query/acc.cgi?acc=GSE147146
GSE124465,Lamin A/C promotes DNA base excision repair (human arrays),exclude,0,第一阶段未同时发现皮肤对象和老化概念,exclude,第一阶段未同时发现皮肤对象和老化概念,two_stage_rule,False,aged_skin_repair,,aging_generic; premature_aging,,,,,,0,2020/09/30,https://www.ncbi.nlm.nih.gov/geo/query/acc.cgi?acc=GSE124465
GSE148221,Impact of cigarette smoke on physical-chemical and molecular proprieties of human skin in an ex vivo model,include,7,摘要将皮肤老化作为组学实验的直接研究问题,include,摘要将皮肤老化作为组学实验的直接研究问题,two_stage_rule,True,intrinsic_skin_aging,skin; epidermis; keratinocyte; skin_model,skin_aging; aging_generic,keratinocyte_sample,,,,,1,2020/09/21,https://www.ncbi.nlm.nih.gov/geo/query/acc.cgi?acc=GSE148221
GSE102756,Alteration of gene expression in cumulus cells reveals the role of ClpP in reproductive aging,exclude,-1,第一阶段未同时发现皮肤对象和老化概念,exclude,第一阶段未同时发现皮肤对象和老化概念,two_stage_rule,False,intrinsic_skin_aging,,aging_generic,,,,,reproductive,0,2020/08/15,https://www.ncbi.nlm.nih.gov/geo/query/acc.cgi?acc=GSE102756
GSE154890,"Ovarian senescence, transcriptomic, and epigenomic changes with aging",exclude,1,第一阶段未同时发现皮肤对象和老化概念,exclude,第一阶段未同时发现皮肤对象和老化概念,two_stage_rule,False,cellular_senescence,,aging_generic; senescence,,,,,reproductive,0,2020/07/23,https://www.ncbi.nlm.nih.gov/geo/query/acc.cgi?acc=GSE154890
GSE151601,Highly accurate Skin-Specific methylome analysis algorithm as a platform to screen and validate therapeutics for healthy aging [DS2],review,6,使用皮肤来源细胞研究系统性早老疾病，需确认是否属于皮肤老化范围,include,Skin-Specific DNA methylation age predictor 的细胞传代验证子集，直接用于皮肤生物年龄测量。,evidence_adjudication,True,intrinsic_skin_aging,skin; dermis; dermal_fibroblast,aging_generic,dermal_sample,,,,systemic_premature_aging,1,2020/07/20,https://www.ncbi.nlm.nih.gov/geo/query/acc.cgi?acc=GSE151601
GSE151602,Highly accurate Skin-Specific methylome analysis algorithm as a platform to screen and validate therapeutics for healthy aging [DS3],include,9,标题明确以老化/细胞衰老为主题，Overall Design 验证了皮肤来源样本,include,标题明确以老化/细胞衰老为主题，Overall Design 验证了皮肤来源样本,two_stage_rule,True,intrinsic_skin_aging,skin; dermis; dermal_fibroblast,aging_generic; young_vs_old,dermal_sample,,,,,1,2020/07/20,https://www.ncbi.nlm.nih.gov/geo/query/acc.cgi?acc=GSE151602
GSE151603,Highly accurate Skin-Specific methylome analysis algorithm as a platform to screen and validate therapeutics for healthy aging [DS4],review,6,使用皮肤来源细胞研究系统性早老疾病，需确认是否属于皮肤老化范围,include,Skin-Specific DNA methylation age predictor 的 senotherapeutic 干预验证子集，直接服务于皮肤老化研究。,evidence_adjudication,True,intrinsic_skin_aging,skin; dermis; dermal_fibroblast,aging_generic,dermal_sample,,,,systemic_premature_aging,1,2020/07/20,https://www.ncbi.nlm.nih.gov/geo/query/acc.cgi?acc=GSE151603
GSE151617,Highly accurate Skin-Specific methylome analysis algorithm as a platform to screen and validate therapeutics for healthy aging,include,6,标题明确以皮肤老化为研究主问题，实验设计未发现相反证据,include,标题明确以皮肤老化为研究主问题，实验设计未发现相反证据,two_stage_rule,True,intrinsic_skin_aging,skin,aging_generic,,,,,,1,2020/07/20,https://www.ncbi.nlm.nih.gov/geo/query/acc.cgi?acc=GSE151617
GSE142730,Human iPSC-derived astrocytes from ALS patients with mutated C9ORF72 show increased oxidative stress and neurotoxicity,exclude,-3,第一阶段未同时发现皮肤对象和老化概念,exclude,第一阶段未同时发现皮肤对象和老化概念,two_stage_rule,False,cellular_senescence,,age_related; senescence,,,,,pluripotent,0,2020/06/01,https://www.ncbi.nlm.nih.gov/geo/query/acc.cgi?acc=GSE142730
GSE98335,SZ 95 sebocytes - OLR1 knockdown - treated with UV-oxidized PAPC,exclude,0,同时命中皮肤和老化词，但缺少主研究问题与样本证据,exclude,同时命中皮肤和老化词，但缺少主研究问题与样本证据,two_stage_rule,True,skin_appendage_aging,skin; cutaneous; keratinocyte; skin_appendage,skin_aging; chronological_aging; aging_generic,,,,,,0,2020/04/15,https://www.ncbi.nlm.nih.gov/geo/query/acc.cgi?acc=GSE98335
GSE136654,KSHV Requires vCyc to Overcome Replicative Senescence in Primary Human Lymphatic Endothelial Cells,exclude,5,第一阶段未同时发现皮肤对象和老化概念,exclude,第一阶段未同时发现皮肤对象和老化概念,two_stage_rule,False,cellular_senescence,,senescence,,replicative_aging,,,,0,2020/04/15,https://www.ncbi.nlm.nih.gov/geo/query/acc.cgi?acc=GSE136654
GSE140758,Synergistic targeting of estrogen-receptor positive breast cancers by MDM2 inhibition in combination with endocrine therapy or CDK4/6 inhibition,exclude,-3,第一阶段未同时发现皮肤对象和老化概念,exclude,第一阶段未同时发现皮肤对象和老化概念,two_stage_rule,False,cellular_senescence,,senescence,,,,,cancer,0,2020/04/01,https://www.ncbi.nlm.nih.gov/geo/query/acc.cgi?acc=GSE140758
GSE130973,Single-cell transcriptomes of the aging human skin reveal loss of fibroblast priming,include,14,明确包含皮肤样本，并设置年龄、衰老或光老化对照,include,明确包含皮肤样本，并设置年龄、衰老或光老化对照,two_stage_rule,True,intrinsic_skin_aging,skin; dermis; dermal_fibroblast,skin_aging; chronological_aging; age_related; aging_generic; young_vs_old,skin_direct,young_vs_old,,,,2,2020/03/31,https://www.ncbi.nlm.nih.gov/geo/query/acc.cgi?acc=GSE130973
GSE137176,Time-driven molding of the epidermal stem cell transcriptome,include,13,明确包含皮肤样本，并设置年龄、衰老或光老化对照,include,明确包含皮肤样本，并设置年龄、衰老或光老化对照,two_stage_rule,True,intrinsic_skin_aging,skin; epidermis; skin_stem_cell,aging_generic,skin_direct; epidermal_sample,age_time_course,,,,0,2020/01/23,https://www.ncbi.nlm.nih.gov/geo/query/acc.cgi?acc=GSE137176
GSE131594,Treatment-induced tumor dormancy through YAP-mediated transcriptional reprogramming of the apoptotic pathway [DMSO vs DORMANT],exclude,-3,研究核心为肿瘤，缺少皮肤老化样本与年龄对照的共同证据,exclude,研究核心为肿瘤，缺少皮肤老化样本与年龄对照的共同证据,two_stage_rule,True,cellular_senescence,epidermis,senescence,,,,,cancer,0,2020/01/13,https://www.ncbi.nlm.nih.gov/geo/query/acc.cgi?acc=GSE131594
GSE131601,Treatment-induced tumor dormancy through YAP-mediated transcriptional reprogramming of the apoptotic pathway [YAP1 KO vs CTRL],exclude,-3,研究核心为肿瘤，缺少皮肤老化样本与年龄对照的共同证据,exclude,研究核心为肿瘤，缺少皮肤老化样本与年龄对照的共同证据,two_stage_rule,True,cellular_senescence,epidermis,senescence,,,,,cancer,0,2020/01/13,https://www.ncbi.nlm.nih.gov/geo/query/acc.cgi?acc=GSE131601
GSE131687,Treatment-induced tumor dormancy through YAP-mediated transcriptional reprogramming of the apoptotic pathway [ChIP + ATAC],exclude,-3,研究核心为肿瘤，缺少皮肤老化样本与年龄对照的共同证据,exclude,研究核心为肿瘤，缺少皮肤老化样本与年龄对照的共同证据,two_stage_rule,True,cellular_senescence,epidermis,senescence,,,,,cancer,0,2020/01/13,https://www.ncbi.nlm.nih.gov/geo/query/acc.cgi?acc=GSE131687
GSE138693,Treatment-induced tumor dormancy through YAP-mediated transcriptional reprogramming of the apoptotic pathway [scRNASeq],exclude,-3,Overall Design 的实际样本属于其他器官、肿瘤或非皮肤细胞,exclude,Overall Design 的实际样本属于其他器官、肿瘤或非皮肤细胞,two_stage_rule,True,cellular_senescence,epidermis,senescence,,,,,cancer,0,2020/01/13,https://www.ncbi.nlm.nih.gov/geo/query/acc.cgi?acc=GSE138693
GSE124901,Functional stem cell aging dictated by skin tissue microenvironment,include,13,明确包含皮肤样本，并设置年龄、衰老或光老化对照,include,明确包含皮肤样本，并设置年龄、衰老或光老化对照,two_stage_rule,True,aged_skin_repair,skin; epidermis; dermis; skin_appendage,aged_skin; age_related; aging_generic; aged; young_vs_old,skin_direct; skin_appendage_sample,young_vs_old,,,,0,2019/12/31,https://www.ncbi.nlm.nih.gov/geo/query/acc.cgi?acc=GSE124901
GSE138837,Next Generation Sequencing Facilitates Quantitative Analysis of human umbilical vein endothelial cell(HUVEC) with and without treatment of CHIR99021+FGF1,exclude,0,第一阶段未同时发现皮肤对象和老化概念,exclude,第一阶段未同时发现皮肤对象和老化概念,two_stage_rule,False,intrinsic_skin_aging,,,,,,,,0,2019/10/17,https://www.ncbi.nlm.nih.gov/geo/query/acc.cgi?acc=GSE138837
GSE128780,"Mitofusin 2 is essential for oocyte and follicle development, and to maintain ovarian follicular reserve during reproductive aging [GV]",exclude,-1,第一阶段未同时发现皮肤对象和老化概念,exclude,第一阶段未同时发现皮肤对象和老化概念,two_stage_rule,False,intrinsic_skin_aging,,aging_generic,,,,,reproductive,0,2019/09/30,https://www.ncbi.nlm.nih.gov/geo/query/acc.cgi?acc=GSE128780
GSE128808,"Mitofusin 2 is essential for oocyte and follicle development, and to maintain ovarian follicular reserve during reproductive aging [SFO]",exclude,-1,第一阶段未同时发现皮肤对象和老化概念,exclude,第一阶段未同时发现皮肤对象和老化概念,two_stage_rule,False,intrinsic_skin_aging,,aging_generic,,,,,reproductive,0,2019/09/30,https://www.ncbi.nlm.nih.gov/geo/query/acc.cgi?acc=GSE128808
GSE128843,"Mitofusin 2 is essential for oocyte and follicle development, and to maintain ovarian follicular reserve during reproductive aging",exclude,-1,第一阶段未同时发现皮肤对象和老化概念,exclude,第一阶段未同时发现皮肤对象和老化概念,two_stage_rule,False,intrinsic_skin_aging,,aging_generic,,,,,reproductive,0,2019/09/30,https://www.ncbi.nlm.nih.gov/geo/query/acc.cgi?acc=GSE128843
GSE133338,"The zingerone analog, acetyl zingerone, bolsters matrisome synthesis, inhibits MMPs, and represses IL-17A target gene expression [Experiment 1]",exclude,4,同时命中皮肤和老化词，但缺少主研究问题与样本证据,exclude,同时命中皮肤和老化词，但缺少主研究问题与样本证据,two_stage_rule,True,cellular_senescence,skin; epidermis; keratinocyte,skin_aging; aging_generic; senescence,,,aged_skin_treatment,,,1,2019/09/26,https://www.ncbi.nlm.nih.gov/geo/query/acc.cgi?acc=GSE133338
GSE133339,"The zingerone analog, acetyl zingerone, bolsters matrisome synthesis, inhibits MMPs, and represses IL-17A target gene expression [Experiment 2]",exclude,4,同时命中皮肤和老化词，但缺少主研究问题与样本证据,exclude,同时命中皮肤和老化词，但缺少主研究问题与样本证据,two_stage_rule,True,cellular_senescence,skin; epidermis; keratinocyte,skin_aging; aging_generic; senescence,,,aged_skin_treatment,,,1,2019/09/26,https://www.ncbi.nlm.nih.gov/geo/query/acc.cgi?acc=GSE133339
GSE137083,PML2‐mediated thread‐like nuclear bodies mark late senescence in Hutchinson–Gilford progeria syndrome [RNA-seq],exclude,-1,第一阶段未同时发现皮肤对象和老化概念,exclude,第一阶段未同时发现皮肤对象和老化概念,two_stage_rule,False,cellular_senescence,,aging_generic; senescence; premature_aging,,,,,systemic_premature_aging,0,2019/09/10,https://www.ncbi.nlm.nih.gov/geo/query/acc.cgi?acc=GSE137083
GSE137084,PML2‐mediated thread‐like nuclear bodies mark late senescence in Hutchinson–Gilford progeria syndrome [ChIP-seq],exclude,-1,第一阶段未同时发现皮肤对象和老化概念,exclude,第一阶段未同时发现皮肤对象和老化概念,two_stage_rule,False,cellular_senescence,,aging_generic; senescence; premature_aging,,,,,systemic_premature_aging,0,2019/09/10,https://www.ncbi.nlm.nih.gov/geo/query/acc.cgi?acc=GSE137084
GSE137085,PML2-mediated thread-like nuclear bodies mark late senescence in Hutchinson–Gilford progeria syndrome,exclude,-1,第一阶段未同时发现皮肤对象和老化概念,exclude,第一阶段未同时发现皮肤对象和老化概念,two_stage_rule,False,cellular_senescence,,senescence,,,,,systemic_premature_aging,0,2019/09/10,https://www.ncbi.nlm.nih.gov/geo/query/acc.cgi?acc=GSE137085
GSE122547,Transcriptomic analysis of 13.5dpc embryonic ovaries exposed to the acetaminophen (APAP) and ibuprofen (IBU) combination in mice,exclude,-3,第一阶段未同时发现皮肤对象和老化概念,exclude,第一阶段未同时发现皮肤对象和老化概念,two_stage_rule,False,intrinsic_skin_aging,,aging_generic,,,,,embryonic_development,0,2019/08/22,https://www.ncbi.nlm.nih.gov/geo/query/acc.cgi?acc=GSE122547
GSE135934,Long-term Y-27632 treatment promotes senescence of primary human dermal fibroblasts by increasing IGFBP-5,include,9,标题明确以老化/细胞衰老为主题，Overall Design 验证了皮肤来源样本,include,标题明确以老化/细胞衰老为主题，Overall Design 验证了皮肤来源样本,two_stage_rule,True,cellular_senescence,dermis; dermal_fibroblast,senescence,hdf,,,,,0,2019/08/19,https://www.ncbi.nlm.nih.gov/geo/query/acc.cgi?acc=GSE135934
GSE120291,"The expression levels of genes on trisomic chromosomes (chromosome 13, 18 or 21) are increased approximately 1.5-fold on average compared with diploid cells",exclude,-6,研究核心为特定疾病模型，未直接研究皮肤老化,exclude,研究核心为特定疾病模型，未直接研究皮肤老化,two_stage_rule,True,cellular_senescence,dermis; dermal_fibroblast,senescence,,,,fibroblast_reprogramming,other_disease,0,2019/07/18,https://www.ncbi.nlm.nih.gov/geo/query/acc.cgi?acc=GSE120291
GSE85483,Genome-wide expression study of macrophage subsets in mouse skin distinguished by differential CX3CR1 expression,exclude,5,第一阶段未同时发现皮肤对象和老化概念,exclude,第一阶段未同时发现皮肤对象和老化概念,two_stage_rule,False,intrinsic_skin_aging,skin; dermis,,skin_direct,,,,,0,2019/06/11,https://www.ncbi.nlm.nih.gov/geo/query/acc.cgi?acc=GSE85483
GSE130244,CD271 is a molecular switch with divergent roles in melanoma and melanocyte development,exclude,7,研究核心为肿瘤，缺少皮肤老化样本与年龄对照的共同证据,exclude,研究核心为肿瘤，缺少皮肤老化样本与年龄对照的共同证据,two_stage_rule,True,cellular_senescence,skin; epidermis; melanocyte,senescence,skin_direct; skin_tissue; melanocyte_sample,,,,cancer,0,2019/06/10,https://www.ncbi.nlm.nih.gov/geo/query/acc.cgi?acc=GSE130244
GSE131968,Matrix stiffness induces a tumorigenic phenotype in mammary epithelium through changes in chromatin accessibility,exclude,-3,第一阶段未同时发现皮肤对象和老化概念,exclude,第一阶段未同时发现皮肤对象和老化概念,two_stage_rule,False,intrinsic_skin_aging,,,,,,,cancer,0,2019/05/31,https://www.ncbi.nlm.nih.gov/geo/query/acc.cgi?acc=GSE131968
GSE128305,Hypoxia induces the dormant state in oocytes through expression of Foxo3,exclude,-3,第一阶段未同时发现皮肤对象和老化概念,exclude,第一阶段未同时发现皮肤对象和老化概念,two_stage_rule,False,intrinsic_skin_aging,,,,,,,reproductive,0,2019/05/28,https://www.ncbi.nlm.nih.gov/geo/query/acc.cgi?acc=GSE128305
GSE131789,In vivo gene signature of human skin with CO2 laser treatment,include,9,皮肤样本用于验证抗衰老或年轻化干预,include,皮肤样本用于验证抗衰老或年轻化干预,two_stage_rule,True,photoaging,skin; skin_appendage,photoaging; rejuvenation,skin_tissue,,anti_aging_intervention,,,1,2019/05/28,https://www.ncbi.nlm.nih.gov/geo/query/acc.cgi?acc=GSE131789
GSE131280,DNA Methylation of primary human fibroblasts across replicative lifespan in normal and hyperglycemic conditions,exclude,5,第一阶段未同时发现皮肤对象和老化概念,exclude,第一阶段未同时发现皮肤对象和老化概念,two_stage_rule,False,cellular_senescence,,age_related; aging_generic; senescence,,replicative_aging,,,,0,2019/05/16,https://www.ncbi.nlm.nih.gov/geo/query/acc.cgi?acc=GSE131280
GSE121493,Expression data from young and old mouse ovarian secondary follicles,exclude,2,第一阶段未同时发现皮肤对象和老化概念,exclude,第一阶段未同时发现皮肤对象和老化概念,two_stage_rule,False,aged_skin_repair,,age_related; aging_generic; young_vs_old,,young_vs_old,,,reproductive,0,2019/04/25,https://www.ncbi.nlm.nih.gov/geo/query/acc.cgi?acc=GSE121493
GSE111825,Stem cell competition orchestrates skin homeostasis and ageing,include,12,明确包含皮肤样本，并设置年龄、衰老或光老化对照,include,明确包含皮肤样本，并设置年龄、衰老或光老化对照,two_stage_rule,True,rejuvenation_intervention,skin; epidermis; melanocyte; skin_stem_cell,skin_aging; aging_generic; aged; young_vs_old; rejuvenation,epidermal_sample,young_vs_old,anti_aging_intervention,,,0,2019/04/05,https://www.ncbi.nlm.nih.gov/geo/query/acc.cgi?acc=GSE111825
GSE114943,Light can synchronise peripheral clocks autonomously from each other [darkness experiment (DD)],exclude,0,同时命中皮肤和老化词，但缺少主研究问题与样本证据,exclude,同时命中皮肤和老化词，但缺少主研究问题与样本证据,two_stage_rule,True,intrinsic_skin_aging,epidermis,aging_generic; premature_aging,,,,,,0,2019/03/25,https://www.ncbi.nlm.nih.gov/geo/query/acc.cgi?acc=GSE114943
GSE115104,Light can synchronise peripheral clocks autonomously from each other,exclude,0,同时命中皮肤和老化词，但缺少主研究问题与样本证据,exclude,同时命中皮肤和老化词，但缺少主研究问题与样本证据,two_stage_rule,True,intrinsic_skin_aging,epidermis,aging_generic; premature_aging,,,,,,0,2019/03/25,https://www.ncbi.nlm.nih.gov/geo/query/acc.cgi?acc=GSE115104
GSE125699,Oocyte-specific deletion of Mitofusin1 causes female infertility and accelerated follicular depletion,exclude,-3,第一阶段未同时发现皮肤对象和老化概念,exclude,第一阶段未同时发现皮肤对象和老化概念,two_stage_rule,False,intrinsic_skin_aging,,aging_generic,,,,,reproductive,0,2019/01/26,https://www.ncbi.nlm.nih.gov/geo/query/acc.cgi?acc=GSE125699
GSE123112,Effects of losmapimod on non-specific inflammatory response in aged skin.,include,9,标题明确以老化/细胞衰老为主题，Overall Design 验证了皮肤来源样本,include,标题明确以老化/细胞衰老为主题，Overall Design 验证了皮肤来源样本,two_stage_rule,True,intrinsic_skin_aging,skin,aged_skin; aged,skin_direct,,,,,0,2018/11/30,https://www.ncbi.nlm.nih.gov/geo/query/acc.cgi?acc=GSE123112
GSE123014,Gene expression signatures associated with PI3Kα-induced senescence,exclude,2,第一阶段未同时发现皮肤对象和老化概念,exclude,第一阶段未同时发现皮肤对象和老化概念,two_stage_rule,False,cellular_senescence,,senescence,,,,,,0,2018/11/28,https://www.ncbi.nlm.nih.gov/geo/query/acc.cgi?acc=GSE123014
GSE113957,Predicting age from the transcriptome of human dermal fibroblasts,include,9,摘要将皮肤老化作为组学实验的直接研究问题,include,摘要将皮肤老化作为组学实验的直接研究问题,two_stage_rule,True,intrinsic_skin_aging,skin; dermis; dermal_fibroblast,chronological_aging; age_related; aging_generic; premature_aging,dermal_sample,,,,,1,2018/11/16,https://www.ncbi.nlm.nih.gov/geo/query/acc.cgi?acc=GSE113957
GSE110978,The effect of aging on the transcriptome of murine dermal fibroblasts,include,18,明确包含皮肤样本，并设置年龄、衰老或光老化对照,include,明确包含皮肤样本，并设置年龄、衰老或光老化对照,two_stage_rule,True,rejuvenation_intervention,skin; dermis; dermal_fibroblast,aged_skin; age_related; aging_generic; aged; young_vs_old; rejuvenation,dermal_sample,young_vs_old,anti_aging_intervention,,,2,2018/11/14,https://www.ncbi.nlm.nih.gov/geo/query/acc.cgi?acc=GSE110978
GSE110979,Transcriptome analysis of fibroblast subpopulations isolated from neonatal murine dermis.,exclude,6,同时命中皮肤和老化词，但缺少主研究问题与样本证据,exclude,同时命中皮肤和老化词，但缺少主研究问题与样本证据,two_stage_rule,True,rejuvenation_intervention,skin; dermis; dermal_fibroblast,aged_skin; age_related; aging_generic; aged; young_vs_old; rejuvenation,,,anti_aging_intervention,,,1,2018/11/14,https://www.ncbi.nlm.nih.gov/geo/query/acc.cgi?acc=GSE110979
GSE110980,The effect of topical PPARG inhibitor (GW9662) treatment on the transcriptome of old dermal fibroblasts,include,11,皮肤样本用于验证抗衰老或年轻化干预,include,皮肤样本用于验证抗衰老或年轻化干预,two_stage_rule,True,rejuvenation_intervention,skin; dermis; dermal_fibroblast,aged_skin; age_related; aging_generic; aged; young_vs_old; rejuvenation,skin_direct,,anti_aging_intervention,,,1,2018/11/14,https://www.ncbi.nlm.nih.gov/geo/query/acc.cgi?acc=GSE110980
GSE110981,The effect of high fat diet on the transcriptome of murine dermal fibroblasts,include,11,皮肤样本用于验证抗衰老或年轻化干预,include,皮肤样本用于验证抗衰老或年轻化干预,two_stage_rule,True,rejuvenation_intervention,skin; dermis; dermal_fibroblast,aged_skin; age_related; aging_generic; aged; young_vs_old; rejuvenation,dermal_sample,,anti_aging_intervention,,,1,2018/11/14,https://www.ncbi.nlm.nih.gov/geo/query/acc.cgi?acc=GSE110981
GSE110982,The effect of caloric restriction on the transcriptome of dermal fibroblasts during aging,include,18,明确包含皮肤样本，并设置年龄、衰老或光老化对照,include,明确包含皮肤样本，并设置年龄、衰老或光老化对照,two_stage_rule,True,rejuvenation_intervention,skin; dermis; dermal_fibroblast,aged_skin; age_related; aging_generic; aged; young_vs_old; rejuvenation,dermal_sample,young_vs_old,anti_aging_intervention,,,2,2018/11/14,https://www.ncbi.nlm.nih.gov/geo/query/acc.cgi?acc=GSE110982
GSE111136,scRNAseq of aging dermal fibroblasts,include,17,明确包含皮肤样本，并设置年龄、衰老或光老化对照,include,明确包含皮肤样本，并设置年龄、衰老或光老化对照,two_stage_rule,True,intrinsic_skin_aging,dermis; dermal_fibroblast,aging_generic; young_vs_old,dermal_sample,young_vs_old; age_groups; age_time_course,,,,1,2018/11/14,https://www.ncbi.nlm.nih.gov/geo/query/acc.cgi?acc=GSE111136
GSE117762,The effect of aging on the transcriptome of murine dermal fibroblasts isolated from male mice,include,18,明确包含皮肤样本，并设置年龄、衰老或光老化对照,include,明确包含皮肤样本，并设置年龄、衰老或光老化对照,two_stage_rule,True,rejuvenation_intervention,skin; dermis; dermal_fibroblast,aged_skin; age_related; aging_generic; aged; young_vs_old; rejuvenation,dermal_sample,young_vs_old,anti_aging_intervention,,,2,2018/11/14,https://www.ncbi.nlm.nih.gov/geo/query/acc.cgi?acc=GSE117762
GSE117763,The effect of cell culture on age-related transcriptomic changes in dermal fibroblasts,include,18,明确包含皮肤样本，并设置年龄、衰老或光老化对照,include,明确包含皮肤样本，并设置年龄、衰老或光老化对照,two_stage_rule,True,rejuvenation_intervention,skin; dermis; dermal_fibroblast,aged_skin; age_related; aging_generic; aged; young_vs_old; rejuvenation,dermal_sample,young_vs_old,anti_aging_intervention,,,2,2018/11/14,https://www.ncbi.nlm.nih.gov/geo/query/acc.cgi?acc=GSE117763
GSE121460,Age-related loss of innate immune antimicrobial function of dermal fat is mediated by TGFβ,include,10,标题明确以老化/细胞衰老为主题，Overall Design 验证了皮肤来源样本,include,标题明确以老化/细胞衰老为主题，Overall Design 验证了皮肤来源样本,two_stage_rule,True,intrinsic_skin_aging,skin; dermis; dermal_fibroblast,age_related; aging_generic,skin_direct; dermal_sample,,,,,0,2018/10/18,https://www.ncbi.nlm.nih.gov/geo/query/acc.cgi?acc=GSE121460
GSE100335,MYC interacts with the G9a histone methyltransferase to control transcriptional repression in cancer,exclude,-3,第一阶段未同时发现皮肤对象和老化概念,exclude,第一阶段未同时发现皮肤对象和老化概念,two_stage_rule,False,intrinsic_skin_aging,,aging_generic,,,,,cancer,0,2018/10/08,https://www.ncbi.nlm.nih.gov/geo/query/acc.cgi?acc=GSE100335
GSE120783,Glucocorticoid induced gene signature in human skin,include,10,皮肤样本用于验证抗衰老或年轻化干预,include,皮肤样本用于验证抗衰老或年轻化干预,two_stage_rule,True,intrinsic_skin_aging,skin,skin_aging; aged_skin; aging_generic; aged,skin_biopsy; skin_punch_biopsy,,aged_skin_treatment,,,0,2018/10/04,https://www.ncbi.nlm.nih.gov/geo/query/acc.cgi?acc=GSE120783
GSE114006,miRNA expression data from sun-exposed and sun- protected skin of young (18-25 years) and old (>70 years) females,include,14,明确包含皮肤样本，并设置年龄、衰老或光老化对照,include,明确包含皮肤样本，并设置年龄、衰老或光老化对照,two_stage_rule,True,photoaging,skin,photoaging; chronological_aging; aging_generic; aged; young_vs_old,skin_direct,young_vs_old,,,,5,2018/08/31,https://www.ncbi.nlm.nih.gov/geo/query/acc.cgi?acc=GSE114006
GSE106097,Gene expression changes in fibroblasts with constitutively active Nrf2 reflect a senescence-associated secretory phenotype (SASP),include,5,标题明确以老化/细胞衰老为主题，Overall Design 验证了皮肤来源样本,include,标题明确以老化/细胞衰老为主题，Overall Design 验证了皮肤来源样本,two_stage_rule,True,cellular_senescence,skin; keratinocyte,senescence,skin_direct,,,,,0,2018/08/30,https://www.ncbi.nlm.nih.gov/geo/query/acc.cgi?acc=GSE106097
GSE107319,Androgen receptor functions as transcriptional repressor of Cancer Associated Fibroblast (CAF) activation [RNA-seq],exclude,0,研究核心为肿瘤，缺少皮肤老化样本与年龄对照的共同证据,exclude,研究核心为肿瘤，缺少皮肤老化样本与年龄对照的共同证据,two_stage_rule,True,cellular_senescence,skin; dermis; dermal_fibroblast,age_related; senescence,hdf,,,,cancer,0,2018/08/28,https://www.ncbi.nlm.nih.gov/geo/query/acc.cgi?acc=GSE107319
GSE107320,Androgen receptor functions as transcriptional repressor of Cancer Associated Fibroblast (CAF) activation [ChIP-seq],exclude,3,研究核心为肿瘤，缺少皮肤老化样本与年龄对照的共同证据,exclude,研究核心为肿瘤，缺少皮肤老化样本与年龄对照的共同证据,two_stage_rule,True,cellular_senescence,skin; dermis; dermal_fibroblast,age_related; senescence,dermal_sample; hdf,,,,cancer,0,2018/08/28,https://www.ncbi.nlm.nih.gov/geo/query/acc.cgi?acc=GSE107320
GSE102983,Rejuvenation and conversion of skin fibroblasts for immune modulation and bone and cartilage repair in vivo,exclude,4,研究核心为特定疾病模型，未直接研究皮肤老化,exclude,研究核心为特定疾病模型，未直接研究皮肤老化,two_stage_rule,True,rejuvenation_intervention,skin,aged_skin; aging_generic; aged; young_vs_old; rejuvenation,skin_fibroblast,,,,skeletal_repair,0,2018/08/20,https://www.ncbi.nlm.nih.gov/geo/query/acc.cgi?acc=GSE102983
GSE116815,Generation of trichogenic adipose-derived stem cells by expression of three factors,exclude,0,同时命中皮肤和老化词，但缺少主研究问题与样本证据,exclude,同时命中皮肤和老化词，但缺少主研究问题与样本证据,two_stage_rule,True,skin_appendage_aging,dermis; skin_appendage,aging_generic,,,,,,0,2018/08/07,https://www.ncbi.nlm.nih.gov/geo/query/acc.cgi?acc=GSE116815
GSE117545,Comparison of expression profile between fibroblasts taken from young (23 years old) and aged (70 years old) donors,include,12,明确包含皮肤样本，并设置年龄、衰老或光老化对照,include,明确包含皮肤样本，并设置年龄、衰老或光老化对照,two_stage_rule,True,intrinsic_skin_aging,skin; dermis; dermal_fibroblast,aging_generic; aged; young_vs_old,dermal_sample,young_vs_old,,,,1,2018/07/24,https://www.ncbi.nlm.nih.gov/geo/query/acc.cgi?acc=GSE117545
GSE93833,"Basal hair follicle stem cell mRNA expression levels of mice at 3, 19 and 24 months of age",include,8,明确包含皮肤样本，并设置年龄、衰老或光老化对照,include,明确包含皮肤样本，并设置年龄、衰老或光老化对照,two_stage_rule,True,skin_appendage_aging,skin; skin_appendage,chronological_aging; aging_generic,skin_appendage_sample,age_series,,,,0,2018/07/18,https://www.ncbi.nlm.nih.gov/geo/query/acc.cgi?acc=GSE93833
GSE113484,ELF1 expression in prostate cells reduces oncogenic ETS functions and promotes senescence and sensitivity to chemotherapy through distinct gene expression programs [ChIP-seq],exclude,2,第一阶段未同时发现皮肤对象和老化概念,exclude,第一阶段未同时发现皮肤对象和老化概念,two_stage_rule,False,cellular_senescence,,senescence,,,,,,0,2018/07/01,https://www.ncbi.nlm.nih.gov/geo/query/acc.cgi?acc=GSE113484
GSE113485,ELF1 expression in prostate cells reduces oncogenic ETS functions and promotes senescence and sensitivity to chemotherapy through distinct gene expression programs [RNA-seq],exclude,2,第一阶段未同时发现皮肤对象和老化概念,exclude,第一阶段未同时发现皮肤对象和老化概念,two_stage_rule,False,cellular_senescence,,senescence,,,,,,0,2018/07/01,https://www.ncbi.nlm.nih.gov/geo/query/acc.cgi?acc=GSE113485
GSE113499,ELF1 expression in prostate cells reduces oncogenic ETS functions and promotes senescence and sensitivity to chemotherapy through distinct gene expression programs,exclude,2,第一阶段未同时发现皮肤对象和老化概念,exclude,第一阶段未同时发现皮肤对象和老化概念,two_stage_rule,False,cellular_senescence,,senescence,,,,,,0,2018/07/01,https://www.ncbi.nlm.nih.gov/geo/query/acc.cgi?acc=GSE113499
GSE95354,Differentially transcribed miRNAs in stress-induced premature senecence (SIPS),include,8,明确包含皮肤样本，并设置年龄、衰老或光老化对照,include,明确包含皮肤样本，并设置年龄、衰老或光老化对照,two_stage_rule,True,cellular_senescence,dermis; dermal_fibroblast,senescence,hdf,senescent_control,,,,0,2018/06/08,https://www.ncbi.nlm.nih.gov/geo/query/acc.cgi?acc=GSE95354
GSE89925,Proliferation pause as an early blockade of human cellular reprogramming toward pluripotency [Methylation analysis],exclude,0,第一阶段未同时发现皮肤对象和老化概念,exclude,第一阶段未同时发现皮肤对象和老化概念,two_stage_rule,False,cellular_senescence,,senescence,,,,,,0,2018/04/10,https://www.ncbi.nlm.nih.gov/geo/query/acc.cgi?acc=GSE89925
GSE89975,Proliferation pause as an early blockade of human cellular reprogramming toward pluripotency [RNA-seq analysis],exclude,0,第一阶段未同时发现皮肤对象和老化概念,exclude,第一阶段未同时发现皮肤对象和老化概念,two_stage_rule,False,cellular_senescence,,senescence,,,,,,0,2018/04/10,https://www.ncbi.nlm.nih.gov/geo/query/acc.cgi?acc=GSE89975
GSE89976,Proliferation pause as an early blockade of human cellular reprogramming toward pluripotency [ChIP-seq analysis],exclude,0,第一阶段未同时发现皮肤对象和老化概念,exclude,第一阶段未同时发现皮肤对象和老化概念,two_stage_rule,False,cellular_senescence,,senescence,,,,,,0,2018/04/10,https://www.ncbi.nlm.nih.gov/geo/query/acc.cgi?acc=GSE89976
GSE90014,Proliferation pause as an early blockade of human cellular reprogramming toward pluripotency [single cell RNA-seq analysis],exclude,0,第一阶段未同时发现皮肤对象和老化概念,exclude,第一阶段未同时发现皮肤对象和老化概念,two_stage_rule,False,cellular_senescence,,senescence,,,,,,0,2018/04/10,https://www.ncbi.nlm.nih.gov/geo/query/acc.cgi?acc=GSE90014
GSE93535,RNAseq of quiescent (Q) and stress induced premature senescent (SIPS) fibroblasts treated with plant extract (1201) from Solidago vigaurea subspecies alpestris,include,11,明确包含皮肤样本，并设置年龄、衰老或光老化对照,include,明确包含皮肤样本，并设置年龄、衰老或光老化对照,two_stage_rule,True,cellular_senescence,skin,senescence,skin_direct; skin_fibroblast,senescent_control,,,,0,2018/03/09,https://www.ncbi.nlm.nih.gov/geo/query/acc.cgi?acc=GSE93535
GSE104764,Chip-chip from human epidermis with H3ac,include,7,摘要将皮肤老化作为组学实验的直接研究问题,include,摘要将皮肤老化作为组学实验的直接研究问题,two_stage_rule,True,photoaging,skin; epidermis,photoaging,skin_tissue,,,,,1,2018/02/28,https://www.ncbi.nlm.nih.gov/geo/query/acc.cgi?acc=GSE104764
GSE92724,Dermal endothelial cells of type 2 diabetic patients,exclude,5,同时命中皮肤和老化词，但缺少主研究问题与样本证据,exclude,同时命中皮肤和老化词，但缺少主研究问题与样本证据,two_stage_rule,True,aged_skin_repair,skin; dermis,aging_generic,skin_direct,,,,,0,2018/01/08,https://www.ncbi.nlm.nih.gov/geo/query/acc.cgi?acc=GSE92724
GSE108674,Expression data in human young and old primary keratinocytes,include,17,明确包含皮肤样本，并设置年龄、衰老或光老化对照,include,明确包含皮肤样本，并设置年龄、衰老或光老化对照,two_stage_rule,True,intrinsic_skin_aging,skin; epidermis; keratinocyte,skin_aging; aging_generic; aged; young_vs_old,skin_direct; keratinocyte_sample,young_vs_old,,,,2,2018/01/03,https://www.ncbi.nlm.nih.gov/geo/query/acc.cgi?acc=GSE108674
GSE59847,Global changes in gene expression in human dermal fibroblasts after CSL silencing,exclude,7,同时命中皮肤和老化词，但缺少主研究问题与样本证据,exclude,同时命中皮肤和老化词，但缺少主研究问题与样本证据,two_stage_rule,True,cellular_senescence,skin; dermis; dermal_fibroblast; keratinocyte,aging_generic; senescence,hdf,,,,,0,2017/12/04,https://www.ncbi.nlm.nih.gov/geo/query/acc.cgi?acc=GSE59847
GSE89455,Proliferation pause as an early blockade of human cellular reprogramming toward pluripotency,exclude,0,第一阶段未同时发现皮肤对象和老化概念,exclude,第一阶段未同时发现皮肤对象和老化概念,two_stage_rule,False,cellular_senescence,,senescence,,,,,,0,2017/12/01,https://www.ncbi.nlm.nih.gov/geo/query/acc.cgi?acc=GSE89455
GSE102269,Mitochondrial unfolded protein response gene Clpp plays a role in female fertility and reproductive aging,exclude,-1,第一阶段未同时发现皮肤对象和老化概念,exclude,第一阶段未同时发现皮肤对象和老化概念,two_stage_rule,False,intrinsic_skin_aging,,aging_generic,,,,,reproductive,0,2017/12/01,https://www.ncbi.nlm.nih.gov/geo/query/acc.cgi?acc=GSE102269
GSE102676,Transcription factors and stress response gene alterations in human keratinocytes following Solar Simulated Ultra Violet Radiation,exclude,5,同时命中皮肤和老化词，但缺少主研究问题与样本证据,exclude,同时命中皮肤和老化词，但缺少主研究问题与样本证据,two_stage_rule,True,intrinsic_skin_aging,skin; keratinocyte,skin_aging; aging_generic,keratinocyte_sample,,,,,0,2017/10/01,https://www.ncbi.nlm.nih.gov/geo/query/acc.cgi?acc=GSE102676
GSE87201,The transcriptome of human oocytes is related to age and ovarian reserve.,exclude,-3,第一阶段未同时发现皮肤对象和老化概念,exclude,第一阶段未同时发现皮肤对象和老化概念,two_stage_rule,False,intrinsic_skin_aging,,aging_generic,,,,,reproductive,0,2017/08/29,https://www.ncbi.nlm.nih.gov/geo/query/acc.cgi?acc=GSE87201
GSE97242,Imbalance of mitochondrial respiratory chain complexes in the epidermis induces severe skin inflammation,exclude,4,同时命中皮肤和老化词，但缺少主研究问题与样本证据,exclude,同时命中皮肤和老化词，但缺少主研究问题与样本证据,two_stage_rule,True,intrinsic_skin_aging,skin; epidermis; keratinocyte,aging_generic; aged,,,,,,0,2017/08/16,https://www.ncbi.nlm.nih.gov/geo/query/acc.cgi?acc=GSE97242
GSE84510,Expression data from epidermal stem cells from young mice fed either with normal diet or high fat diet,include,10,明确包含皮肤样本，并设置年龄、衰老或光老化对照,include,明确包含皮肤样本，并设置年龄、衰老或光老化对照,two_stage_rule,True,intrinsic_skin_aging,epidermis; skin_stem_cell,aging_generic; young_vs_old,epidermal_sample,young_vs_old,,,,0,2017/08/10,https://www.ncbi.nlm.nih.gov/geo/query/acc.cgi?acc=GSE84510
GSE84511,Circadian expression data from epidermal stem cells from young and aged mice,include,19,明确包含皮肤样本，并设置年龄、衰老或光老化对照,include,明确包含皮肤样本，并设置年龄、衰老或光老化对照,two_stage_rule,True,intrinsic_skin_aging,epidermis; skin_stem_cell,aging_generic; aged; young_vs_old; premature_aging,epidermal_sample,young_vs_old; age_groups,,,,1,2017/08/10,https://www.ncbi.nlm.nih.gov/geo/query/acc.cgi?acc=GSE84511
GSE84521,Circadian expression data from epidermal stem cells from adult and aged mice fed with normal diet or calorie restricted,include,17,明确包含皮肤样本，并设置年龄、衰老或光老化对照,include,明确包含皮肤样本，并设置年龄、衰老或光老化对照,two_stage_rule,True,intrinsic_skin_aging,epidermis; skin_stem_cell,aging_generic; aged,epidermal_sample,young_vs_old; age_groups,,,,1,2017/08/10,https://www.ncbi.nlm.nih.gov/geo/query/acc.cgi?acc=GSE84521
GSE84580,Adult stem cells undergo circadian reprogramming during ageing,exclude,5,第一阶段未同时发现皮肤对象和老化概念,exclude,第一阶段未同时发现皮肤对象和老化概念,two_stage_rule,False,intrinsic_skin_aging,,aging_generic,epidermal_sample,,,,,0,2017/08/10,https://www.ncbi.nlm.nih.gov/geo/query/acc.cgi?acc=GSE84580
GSE83855,Time-restricted feeding shifts the skin circadian clock and alters UVB-induced DNA damage,exclude,2,同时命中皮肤和老化词，但缺少主研究问题与样本证据,exclude,同时命中皮肤和老化词，但缺少主研究问题与样本证据,two_stage_rule,True,aged_skin_repair,skin; epidermis; skin_stem_cell,skin_aging; aging_generic,,,,,,0,2017/08/01,https://www.ncbi.nlm.nih.gov/geo/query/acc.cgi?acc=GSE83855
GSE76200,Gene Expression Pattern in EP300 knocked-down MCF7 cells and corresponding paclitaxel resistant derivatives,exclude,-3,Overall Design 的实际样本属于其他器官、肿瘤或非皮肤细胞,exclude,Overall Design 的实际样本属于其他器官、肿瘤或非皮肤细胞,two_stage_rule,True,cellular_senescence,epidermis,senescence,,,,,cancer,0,2017/06/13,https://www.ncbi.nlm.nih.gov/geo/query/acc.cgi?acc=GSE76200
GSE99013,Cellular Senescence RT2 Profiler PCR Array of replicative senescent and hyperglycemia treated HUVECs,exclude,2,第一阶段未同时发现皮肤对象和老化概念,exclude,第一阶段未同时发现皮肤对象和老化概念,two_stage_rule,False,cellular_senescence,,senescence,,,,,,0,2017/05/18,https://www.ncbi.nlm.nih.gov/geo/query/acc.cgi?acc=GSE99013
GSE97034,Changes in miRNA expression during wound healing in mouse aged skin,include,18,标题明确以老化/细胞衰老为主题，Overall Design 验证了皮肤来源样本,include,标题明确以老化/细胞衰老为主题，Overall Design 验证了皮肤来源样本,two_stage_rule,True,aged_skin_repair,skin,aged_skin; age_related; aged; young_vs_old,skin_punch_biopsy; skin_direct; skin_tissue,,,,,2,2017/03/25,https://www.ncbi.nlm.nih.gov/geo/query/acc.cgi?acc=GSE97034
GSE79642,Synthesis and activity of the salicylic acid ester of bakuchiol in psoriasiform keratinocytes and skin substitutes,exclude,6,研究核心为特定疾病模型，未直接研究皮肤老化,exclude,研究核心为特定疾病模型，未直接研究皮肤老化,two_stage_rule,True,intrinsic_skin_aging,skin; epidermis; keratinocyte,skin_aging; aging_generic,keratinocyte_sample,,aged_skin_treatment,,other_disease,0,2017/03/24,https://www.ncbi.nlm.nih.gov/geo/query/acc.cgi?acc=GSE79642
GSE85358,Metabolic alterations in aged human skin in vivo,include,16,明确包含皮肤样本，并设置年龄、衰老或光老化对照,include,明确包含皮肤样本，并设置年龄、衰老或光老化对照,two_stage_rule,True,aged_skin_repair,skin; epidermis,aged_skin; age_related; aging_generic; aged; young_vs_old,skin_tissue,young_vs_old,,,,2,2017/01/20,https://www.ncbi.nlm.nih.gov/geo/query/acc.cgi?acc=GSE85358
GSE75000,Inefficient DNA repair is an aging-related modifier of Parkinson disease,exclude,-1,标题和实验设计指向非皮肤器官，皮肤/衰老仅为附带描述,exclude,标题和实验设计指向非皮肤器官，皮肤/衰老仅为附带描述,two_stage_rule,True,aged_skin_repair,dermis; dermal_fibroblast,age_related; aging_generic,,,,,neurologic,0,2016/11/13,https://www.ncbi.nlm.nih.gov/geo/query/acc.cgi?acc=GSE75000
GSE87545,Transcriptomic signatures in follicular cells associated with failure of in vitro fertilization in humans,exclude,0,第一阶段未同时发现皮肤对象和老化概念,exclude,第一阶段未同时发现皮肤对象和老化概念,two_stage_rule,False,intrinsic_skin_aging,,aging_generic,,,,,,0,2016/10/03,https://www.ncbi.nlm.nih.gov/geo/query/acc.cgi?acc=GSE87545
GSE74283,Epithelial cell RNA-seq in aged skin,include,14,明确包含皮肤样本，并设置年龄、衰老或光老化对照,include,明确包含皮肤样本，并设置年龄、衰老或光老化对照,two_stage_rule,True,skin_appendage_aging,skin; epidermis; keratinocyte; skin_appendage,aged_skin; aged; young_vs_old,keratinocyte_sample,young_vs_old,,,,1,2016/10/01,https://www.ncbi.nlm.nih.gov/geo/query/acc.cgi?acc=GSE74283
GSE84971,Integrative Analysis of miRNA and mRNA Paired Expression Profiling of Primary Fibroblast Derived from Diabetic Foot Ulcers Reveals Multiple Impaired Cellular Functions,exclude,3,研究核心为特定疾病模型，未直接研究皮肤老化,exclude,研究核心为特定疾病模型，未直接研究皮肤老化,two_stage_rule,True,cellular_senescence,skin; epidermis; dermis; dermal_fibroblast; keratinocyte,senescence,skin_biopsy; skin_punch_biopsy,,,,other_disease,0,2016/10/01,https://www.ncbi.nlm.nih.gov/geo/query/acc.cgi?acc=GSE84971
GSE79189,The gene expression analysis of human astrocyte exposure to anti-suprabasin antibody: identification of a novel antibody for neuropsychiatric systemic lupus erythematosus,exclude,0,同时命中皮肤和老化词，但缺少主研究问题与样本证据,exclude,同时命中皮肤和老化词，但缺少主研究问题与样本证据,two_stage_rule,True,cellular_senescence,epidermis,senescence,,,,,,0,2016/09/01,https://www.ncbi.nlm.nih.gov/geo/query/acc.cgi?acc=GSE79189
GSE84333,Age-related changes in gene expression patterns of immature and aged rat primordial follicles,exclude,1,第一阶段未同时发现皮肤对象和老化概念,exclude,第一阶段未同时发现皮肤对象和老化概念,two_stage_rule,False,aged_skin_repair,,age_related; aging_generic; aged,,,,,reproductive,0,2016/07/18,https://www.ncbi.nlm.nih.gov/geo/query/acc.cgi?acc=GSE84333
GSE45729,Downregulation of miR-15b is associated with increased SIRT4 expression in premature senescence and photoaging of the skin,exclude,13,Overall Design 的实际样本属于其他器官、肿瘤或非皮肤细胞,exclude,Overall Design 的实际样本属于其他器官、肿瘤或非皮肤细胞,two_stage_rule,True,photoaging,skin; epidermis; dermis; dermal_fibroblast,skin_aging; aged_skin; photoaging; aging_generic; aged; senescence,,senescent_control; photoaging_model,,,cancer,4,2016/06/08,https://www.ncbi.nlm.nih.gov/geo/query/acc.cgi?acc=GSE45729
GSE81579,Transcriptome analysis of human cumulus cells reveals hypoxia as the main determinant of follicular senescence.,exclude,-1,第一阶段未同时发现皮肤对象和老化概念,exclude,第一阶段未同时发现皮肤对象和老化概念,two_stage_rule,False,cellular_senescence,,age_related; senescence,,,,,reproductive,0,2016/05/19,https://www.ncbi.nlm.nih.gov/geo/query/acc.cgi?acc=GSE81579
GSE80418,Abnormalities in hair follicles of Pla2g2e knockout mice,exclude,2,第一阶段未同时发现皮肤对象和老化概念,exclude,第一阶段未同时发现皮肤对象和老化概念,two_stage_rule,False,intrinsic_skin_aging,skin; skin_appendage,,,,,,,0,2016/04/20,https://www.ncbi.nlm.nih.gov/geo/query/acc.cgi?acc=GSE80418
GSE57445,The aging microenvironment promotes melanoma cell invasion and therapy resistance,exclude,7,研究核心为肿瘤，缺少皮肤老化样本与年龄对照的共同证据,exclude,研究核心为肿瘤，缺少皮肤老化样本与年龄对照的共同证据,two_stage_rule,True,intrinsic_skin_aging,skin; dermis; dermal_fibroblast,age_related; aging_generic; aged; young_vs_old,dermal_sample,young_vs_old,,,cancer,1,2016/04/08,https://www.ncbi.nlm.nih.gov/geo/query/acc.cgi?acc=GSE57445
GSE72264,The comparison of MicroRNA profile of the dermis between young and old human,include,14,明确包含皮肤样本，并设置年龄、衰老或光老化对照,include,明确包含皮肤样本，并设置年龄、衰老或光老化对照,two_stage_rule,True,intrinsic_skin_aging,skin; dermis,skin_aging; aged_skin; age_related; aging_generic; aged; young_vs_old,dermal_sample,young_vs_old,,,,2,2016/02/05,https://www.ncbi.nlm.nih.gov/geo/query/acc.cgi?acc=GSE72264
GSE77362,Expression data between WT and G3/4 Terc KO mouse ESCs during differentiation,exclude,0,同时命中皮肤和老化词，但缺少主研究问题与样本证据,exclude,同时命中皮肤和老化词，但缺少主研究问题与样本证据,two_stage_rule,True,intrinsic_skin_aging,epidermis,age_related; aging_generic; premature_aging,,,,,,0,2016/01/29,https://www.ncbi.nlm.nih.gov/geo/query/acc.cgi?acc=GSE77362
GSE55688,ZEB1 expression prevents DNA replication stress in cancer stem cells and delays chromosomal instability [Affymetrix],exclude,-3,第一阶段未同时发现皮肤对象和老化概念,exclude,第一阶段未同时发现皮肤对象和老化概念,two_stage_rule,False,cellular_senescence,,senescence,,,,,cancer,0,2015/12/31,https://www.ncbi.nlm.nih.gov/geo/query/acc.cgi?acc=GSE55688
GSE55989,ZEB1 expression prevents DNA replication stress in cancer stem cells and delays chromosomal instability [Agilent],exclude,-3,第一阶段未同时发现皮肤对象和老化概念,exclude,第一阶段未同时发现皮肤对象和老化概念,two_stage_rule,False,cellular_senescence,,senescence,,,,,cancer,0,2015/12/31,https://www.ncbi.nlm.nih.gov/geo/query/acc.cgi?acc=GSE55989
GSE72863,Hair follicle aging is driven by transepidermal stem cell elimination via COL17A1 proteolysis,include,10,明确包含皮肤样本，并设置年龄、衰老或光老化对照,include,明确包含皮肤样本，并设置年龄、衰老或光老化对照,two_stage_rule,True,skin_appendage_aging,skin; epidermis; skin_appendage,aging_generic; aged; young_vs_old,skin_appendage_sample,young_vs_old,,,,0,2015/12/01,https://www.ncbi.nlm.nih.gov/geo/query/acc.cgi?acc=GSE72863
GSE61708,Effect of locally applied enalapril maleate on the gene expression profile in dorsal skin after UVB irradiation,exclude,5,第一阶段未同时发现皮肤对象和老化概念,exclude,第一阶段未同时发现皮肤对象和老化概念,two_stage_rule,False,aged_skin_repair,skin,,skin_direct,,,,,0,2015/09/24,https://www.ncbi.nlm.nih.gov/geo/query/acc.cgi?acc=GSE61708
GSE59942,Physical and functional CSL-p53 interactions underlie control of cancer stromal cell evolution [ChIP-seq],exclude,0,研究核心为肿瘤，缺少皮肤老化样本与年龄对照的共同证据,exclude,研究核心为肿瘤，缺少皮肤老化样本与年龄对照的共同证据,two_stage_rule,True,cellular_senescence,skin; dermis; dermal_fibroblast; keratinocyte,aging_generic; senescence,dermal_sample,,,,cancer,0,2015/08/24,https://www.ncbi.nlm.nih.gov/geo/query/acc.cgi?acc=GSE59942
GSE65473,Physical and functional CSL-p53 interactions underlie control of cancer stromal cell evolution [RNA-seq],exclude,0,研究核心为肿瘤，缺少皮肤老化样本与年龄对照的共同证据,exclude,研究核心为肿瘤，缺少皮肤老化样本与年龄对照的共同证据,two_stage_rule,True,cellular_senescence,skin; dermis; dermal_fibroblast; keratinocyte,aging_generic; senescence,dermal_sample,,,,cancer,0,2015/08/24,https://www.ncbi.nlm.nih.gov/geo/query/acc.cgi?acc=GSE65473
GSE71827,Transgenic overexpression of Pla2g10 display alopecia and epidermal hyperplasia,exclude,2,第一阶段未同时发现皮肤对象和老化概念,exclude,第一阶段未同时发现皮肤对象和老化概念,two_stage_rule,False,skin_appendage_aging,skin; epidermis; skin_appendage,,,,,,,0,2015/08/08,https://www.ncbi.nlm.nih.gov/geo/query/acc.cgi?acc=GSE71827
GSE71829,Transgenic overexpression of Pla2g2f at a level relevant to skin pathology display alopecia and psoriasis-like epidermal hyperplasia,exclude,1,第一阶段未同时发现皮肤对象和老化概念,exclude,第一阶段未同时发现皮肤对象和老化概念,two_stage_rule,False,skin_appendage_aging,skin; epidermis; skin_appendage,,,,,,other_disease,0,2015/08/08,https://www.ncbi.nlm.nih.gov/geo/query/acc.cgi?acc=GSE71829
GSE62648,Gene expression profiles in dorsal skin of hairless mice orally administrated collagen hydrolysate for 1 week,include,7,摘要将皮肤老化作为组学实验的直接研究问题,include,摘要将皮肤老化作为组学实验的直接研究问题,two_stage_rule,True,intrinsic_skin_aging,skin; epidermis; dermis,chronological_aging; aging_generic; aged,skin_direct,,,,,1,2015/06/12,https://www.ncbi.nlm.nih.gov/geo/query/acc.cgi?acc=GSE62648
GSE62649,Gene expression profiles in dorsal skin of hairless mice orally administrated collagen hydrolysate for 12 weeks,include,7,摘要将皮肤老化作为组学实验的直接研究问题,include,摘要将皮肤老化作为组学实验的直接研究问题,two_stage_rule,True,intrinsic_skin_aging,skin; epidermis; dermis,chronological_aging; aging_generic; aged,skin_direct,,,,,1,2015/06/12,https://www.ncbi.nlm.nih.gov/geo/query/acc.cgi?acc=GSE62649
GSE58153,Sox4 links tumor suppression to accelerated aging in mice [Hair regeneration],exclude,2,研究核心为肿瘤，缺少皮肤老化样本与年龄对照的共同证据,exclude,研究核心为肿瘤，缺少皮肤老化样本与年龄对照的共同证据,two_stage_rule,True,aged_skin_repair,skin; skin_stem_cell; skin_appendage,age_related; aging_generic,skin_appendage_sample,,,,cancer,0,2015/05/20,https://www.ncbi.nlm.nih.gov/geo/query/acc.cgi?acc=GSE58153
GSE59960,Replicative senescence is associated with nuclear reorganization and DNA methylation at specific transcription factor binding sites (MBD-seq),exclude,5,第一阶段未同时发现皮肤对象和老化概念,exclude,第一阶段未同时发现皮肤对象和老化概念,two_stage_rule,False,cellular_senescence,,senescence,,replicative_aging,,,,0,2015/03/26,https://www.ncbi.nlm.nih.gov/geo/query/acc.cgi?acc=GSE59960
GSE59979,Replicative senescence is associated with nuclear reorganization and DNA methylation at specific transcription factor binding sites,exclude,5,第一阶段未同时发现皮肤对象和老化概念,exclude,第一阶段未同时发现皮肤对象和老化概念,two_stage_rule,False,cellular_senescence,,senescence,,replicative_aging,,,,0,2015/03/26,https://www.ncbi.nlm.nih.gov/geo/query/acc.cgi?acc=GSE59979
GSE51954,Epigenome analysis of human epidermal and dermal samples with aging and sun exposure,include,13,标题明确以老化/细胞衰老为主题，Overall Design 验证了皮肤来源样本,include,标题明确以老化/细胞衰老为主题，Overall Design 验证了皮肤来源样本,two_stage_rule,True,intrinsic_skin_aging,epidermis; dermis,aging_generic; young_vs_old,dermal_sample,,,,,3,2015/03/23,https://www.ncbi.nlm.nih.gov/geo/query/acc.cgi?acc=GSE51954
GSE52972,Epigenome analysis of human epidermal samples with aging and sun exposure,include,11,标题明确以老化/细胞衰老为主题，Overall Design 验证了皮肤来源样本,include,标题明确以老化/细胞衰老为主题，Overall Design 验证了皮肤来源样本,two_stage_rule,True,intrinsic_skin_aging,epidermis,aging_generic; young_vs_old,epidermal_sample,,,,,2,2015/03/23,https://www.ncbi.nlm.nih.gov/geo/query/acc.cgi?acc=GSE52972
GSE52980,Epigenome analysis of human epidermal and dermal samples with aging and sun exposure.,include,11,标题明确以老化/细胞衰老为主题，Overall Design 验证了皮肤来源样本,include,标题明确以老化/细胞衰老为主题，Overall Design 验证了皮肤来源样本,two_stage_rule,True,intrinsic_skin_aging,epidermis; dermis,aging_generic,dermal_sample,,,,,1,2015/03/23,https://www.ncbi.nlm.nih.gov/geo/query/acc.cgi?acc=GSE52980
GSE67098,Expression data from epidermal samples,include,9,实验设计和摘要共同表明皮肤老化是组学研究对象,include,实验设计和摘要共同表明皮肤老化是组学研究对象,two_stage_rule,True,intrinsic_skin_aging,epidermis,aging_generic; young_vs_old,epidermal_sample,,,,,2,2015/03/23,https://www.ncbi.nlm.nih.gov/geo/query/acc.cgi?acc=GSE67098
GSE51334,DNA replication-timing boundaries separate stable chromosome domains with cell-type-specific functions,exclude,0,第一阶段未同时发现皮肤对象和老化概念,exclude,第一阶段未同时发现皮肤对象和老化概念,two_stage_rule,False,intrinsic_skin_aging,,,,,,,,0,2014/11/20,https://www.ncbi.nlm.nih.gov/geo/query/acc.cgi?acc=GSE51334
GSE51336,Mouse regulatory DNA landscapes reveal global principles of cis-regulatory evolution,exclude,0,第一阶段未同时发现皮肤对象和老化概念,exclude,第一阶段未同时发现皮肤对象和老化概念,two_stage_rule,False,intrinsic_skin_aging,,,,,,,,0,2014/11/20,https://www.ncbi.nlm.nih.gov/geo/query/acc.cgi?acc=GSE51336
GSE62798,AMPK activation exerts anti-senescence effect in human follicle dermal papilla cells,include,7,标题明确以老化/细胞衰老为主题，Overall Design 验证了皮肤来源样本,include,标题明确以老化/细胞衰老为主题，Overall Design 验证了皮肤来源样本,two_stage_rule,True,cellular_senescence,dermis,senescence,dermal_papilla,,,,,0,2014/11/01,https://www.ncbi.nlm.nih.gov/geo/query/acc.cgi?acc=GSE62798
GSE60518,Expression data from immortalized and transformed WT and HGPS cell lines,exclude,0,同时命中皮肤和老化词，但缺少主研究问题与样本证据,exclude,同时命中皮肤和老化词，但缺少主研究问题与样本证据,two_stage_rule,True,intrinsic_skin_aging,skin,aging_generic; premature_aging,,,,,,0,2014/10/02,https://www.ncbi.nlm.nih.gov/geo/query/acc.cgi?acc=GSE60518
GSE60519,"Expression data from transformed WT and HGPS cell lines, including HGPS cells after knock-down of BRD4",exclude,0,同时命中皮肤和老化词，但缺少主研究问题与样本证据,exclude,同时命中皮肤和老化词，但缺少主研究问题与样本证据,two_stage_rule,True,intrinsic_skin_aging,skin,aging_generic; premature_aging,,,,,,0,2014/10/02,https://www.ncbi.nlm.nih.gov/geo/query/acc.cgi?acc=GSE60519
GSE61325,BRD4 binding sites in transformed fibroblasts,exclude,0,同时命中皮肤和老化词，但缺少主研究问题与样本证据,exclude,同时命中皮肤和老化词，但缺少主研究问题与样本证据,two_stage_rule,True,intrinsic_skin_aging,skin,aging_generic; premature_aging,,,,,,0,2014/10/02,https://www.ncbi.nlm.nih.gov/geo/query/acc.cgi?acc=GSE61325
GSE60794,Solar simulated ultraviolet radiation induces histone 3 methylation changes in the gene promoters of matrix metalloproteinases 1 and 3 in primary human dermal fibroblasts [I],include,12,摘要将皮肤老化作为组学实验的直接研究问题,include,摘要将皮肤老化作为组学实验的直接研究问题,two_stage_rule,True,photoaging,skin; dermis; dermal_fibroblast,photoaging,dermal_sample; hdf,,,,,1,2014/08/27,https://www.ncbi.nlm.nih.gov/geo/query/acc.cgi?acc=GSE60794
GSE60795,Solar simulated ultraviolet radiation induces histone 3 methylation changes in the gene promoters of matrix metalloproteinases 1 and 3 in primary human dermal fibroblasts [II],include,12,摘要将皮肤老化作为组学实验的直接研究问题,include,摘要将皮肤老化作为组学实验的直接研究问题,two_stage_rule,True,photoaging,skin; dermis; dermal_fibroblast,photoaging,dermal_sample; hdf,,,,,1,2014/08/27,https://www.ncbi.nlm.nih.gov/geo/query/acc.cgi?acc=GSE60795
GSE58915,Changes of genes in time-dependent photoaged mouse model,include,10,明确包含皮肤样本，并设置年龄、衰老或光老化对照,include,明确包含皮肤样本，并设置年龄、衰老或光老化对照,two_stage_rule,True,photoaging,skin,photoaging,skin_direct,photoaging_model,,,,1,2014/07/14,https://www.ncbi.nlm.nih.gov/geo/query/acc.cgi?acc=GSE58915
GSE49784,The role of nicotinamide phosphoribosyltransferase (Nampt) in hippocampal neural stem/progenitor cells,exclude,-3,第一阶段未同时发现皮肤对象和老化概念,exclude,第一阶段未同时发现皮肤对象和老化概念,two_stage_rule,False,intrinsic_skin_aging,,age_related; aging_generic,,,,,neurologic,0,2014/05/08,https://www.ncbi.nlm.nih.gov/geo/query/acc.cgi?acc=GSE49784
GSE55118,Inadequate mito-biogenesis in primary dermal fibroblasts from old humans is associated with impairment of PGC1A-independent stimulation.,include,16,明确包含皮肤样本，并设置年龄、衰老或光老化对照,include,明确包含皮肤样本，并设置年龄、衰老或光老化对照,two_stage_rule,True,cellular_senescence,skin; dermis; dermal_fibroblast,skin_aging; chronological_aging; age_related; aging_generic; aged; senescence,dermal_sample; skin_fibroblast,age_groups; replicative_aging,,,,0,2014/04/08,https://www.ncbi.nlm.nih.gov/geo/query/acc.cgi?acc=GSE55118
GSE55299,miRNA expression in aging skin,include,14,明确包含皮肤样本，并设置年龄、衰老或光老化对照,include,明确包含皮肤样本，并设置年龄、衰老或光老化对照,two_stage_rule,True,intrinsic_skin_aging,skin,aging_generic; young_vs_old,skin_fibroblast,young_vs_old,,,,2,2014/02/25,https://www.ncbi.nlm.nih.gov/geo/query/acc.cgi?acc=GSE55299
GSE38308,Whole genome expression data from pre-auricular and post-auricular skin tissues,include,7,摘要将皮肤老化作为组学实验的直接研究问题,include,摘要将皮肤老化作为组学实验的直接研究问题,two_stage_rule,True,photoaging,skin,photoaging,skin_tissue,,,,,1,2014/02/07,https://www.ncbi.nlm.nih.gov/geo/query/acc.cgi?acc=GSE38308
GSE46450,Age-related methylation changes are associated with altered transcriptional circuitry [Methyl-seq],include,12,明确包含皮肤样本，并设置年龄、衰老或光老化对照,include,明确包含皮肤样本，并设置年龄、衰老或光老化对照,two_stage_rule,True,intrinsic_skin_aging,skin; epidermis,aged_skin; age_related; aging_generic; young_vs_old,skin_direct,young_vs_old,,,,3,2013/12/20,https://www.ncbi.nlm.nih.gov/geo/query/acc.cgi?acc=GSE46450
GSE46486,Age-related methylation changes are associated with altered transcriptional circuitry [RNA-seq],include,12,明确包含皮肤样本，并设置年龄、衰老或光老化对照,include,明确包含皮肤样本，并设置年龄、衰老或光老化对照,two_stage_rule,True,intrinsic_skin_aging,skin; epidermis,aged_skin; age_related; aging_generic; young_vs_old,skin_direct,young_vs_old,,,,3,2013/12/20,https://www.ncbi.nlm.nih.gov/geo/query/acc.cgi?acc=GSE46486
GSE52328,Nfatc1 Orchestrates Aging in Hair Follicle Stem Cells,include,7,标题明确以老化/细胞衰老为主题，Overall Design 验证了皮肤来源样本,include,标题明确以老化/细胞衰老为主题，Overall Design 验证了皮肤来源样本,two_stage_rule,True,skin_appendage_aging,skin_appendage,aging_generic,skin_appendage_sample,,,,,0,2013/11/14,https://www.ncbi.nlm.nih.gov/geo/query/acc.cgi?acc=GSE52328
GSE46801,"Expression data from Control, Uninfected and BRAF infected cells",exclude,0,研究核心为肿瘤，缺少皮肤老化样本与年龄对照的共同证据,exclude,研究核心为肿瘤，缺少皮肤老化样本与年龄对照的共同证据,two_stage_rule,True,cellular_senescence,epidermis; melanocyte,senescence,melanocyte_sample,,,,cancer,0,2013/08/01,https://www.ncbi.nlm.nih.gov/geo/query/acc.cgi?acc=GSE46801
GSE46805,Expression data from Uninfected and BRAF600V induced melanocytes,exclude,2,研究核心为肿瘤，缺少皮肤老化样本与年龄对照的共同证据,exclude,研究核心为肿瘤，缺少皮肤老化样本与年龄对照的共同证据,two_stage_rule,True,cellular_senescence,epidermis; melanocyte,senescence,melanocyte_sample,,,,cancer,0,2013/08/01,https://www.ncbi.nlm.nih.gov/geo/query/acc.cgi?acc=GSE46805
GSE46817,Expression data from 7 Human Melanomas,exclude,-3,Overall Design 的实际样本属于其他器官、肿瘤或非皮肤细胞,exclude,Overall Design 的实际样本属于其他器官、肿瘤或非皮肤细胞,two_stage_rule,True,cellular_senescence,epidermis; melanocyte,senescence,,,,,cancer,0,2013/08/01,https://www.ncbi.nlm.nih.gov/geo/query/acc.cgi?acc=GSE46817
GSE42807,Induced pluripotent stem cells can be generated in bulk culture,exclude,-3,同时命中皮肤和老化词，但缺少主研究问题与样本证据,exclude,同时命中皮肤和老化词，但缺少主研究问题与样本证据,two_stage_rule,True,cellular_senescence,dermis; dermal_fibroblast,senescence,,,,,pluripotent,0,2013/06/03,https://www.ncbi.nlm.nih.gov/geo/query/acc.cgi?acc=GSE42807
GSE41714,Implications of time-series gene expression profiles of replicative senescence,exclude,5,第一阶段未同时发现皮肤对象和老化概念,exclude,第一阶段未同时发现皮肤对象和老化概念,two_stage_rule,False,cellular_senescence,,aging_generic; senescence,,replicative_aging,,,,0,2013/04/24,https://www.ncbi.nlm.nih.gov/geo/query/acc.cgi?acc=GSE41714
GSE34671,Two-cell developmental block is due to the lack of cytoplasmic lattices in mouse antral oocytes,exclude,-3,第一阶段未同时发现皮肤对象和老化概念,exclude,第一阶段未同时发现皮肤对象和老化概念,two_stage_rule,False,intrinsic_skin_aging,,,,,,,reproductive,0,2013/02/04,https://www.ncbi.nlm.nih.gov/geo/query/acc.cgi?acc=GSE34671
GSE42889,Expression data from adult mouse ovaries exposed to cigarette smoke in vivo,exclude,0,第一阶段未同时发现皮肤对象和老化概念,exclude,第一阶段未同时发现皮肤对象和老化概念,two_stage_rule,False,cellular_senescence,,senescence,,,,,,0,2012/12/13,https://www.ncbi.nlm.nih.gov/geo/query/acc.cgi?acc=GSE42889
GSE41757,"Correlated alterations in genome organization, histone methylation, and DNA-lamina interactions in Hutchinson-Gilford progeria syndrome (ChIP-seq)",exclude,-3,第一阶段未同时发现皮肤对象和老化概念,exclude,第一阶段未同时发现皮肤对象和老化概念,two_stage_rule,False,intrinsic_skin_aging,,aging_generic; premature_aging,,,,,systemic_premature_aging,0,2012/10/30,https://www.ncbi.nlm.nih.gov/geo/query/acc.cgi?acc=GSE41757
GSE41763,"Correlated alterations in genome organization, histone methylation, and DNA-lamina interactions in Hutchinson-Gilford progeria syndrome (Hi-C)",exclude,-3,第一阶段未同时发现皮肤对象和老化概念,exclude,第一阶段未同时发现皮肤对象和老化概念,two_stage_rule,False,intrinsic_skin_aging,,aging_generic; premature_aging,,,,,systemic_premature_aging,0,2012/10/30,https://www.ncbi.nlm.nih.gov/geo/query/acc.cgi?acc=GSE41763
GSE17966,oocyte miRNA profiling by array,exclude,-3,第一阶段未同时发现皮肤对象和老化概念,exclude,第一阶段未同时发现皮肤对象和老化概念,two_stage_rule,False,intrinsic_skin_aging,,aged; young_vs_old,,,,,reproductive,0,2012/09/04,https://www.ncbi.nlm.nih.gov/geo/query/acc.cgi?acc=GSE17966
GSE39170,Molecular Rejuvenation of Gene Expression Pattern of Photoaged and Intrinsically Aged Human Skin by Broadband Light Treatment,include,23,明确包含皮肤样本，并设置年龄、衰老或光老化对照,include,明确包含皮肤样本，并设置年龄、衰老或光老化对照,two_stage_rule,True,photoaging,skin,skin_aging; aged_skin; photoaging; chronological_aging; aging_generic; aged; young_vs_old; rejuvenation,skin_direct,young_vs_old; photoaging_model,aged_skin_treatment,,,4,2012/07/30,https://www.ncbi.nlm.nih.gov/geo/query/acc.cgi?acc=GSE39170
GSE29661,Cellular aging can be monitored by DNA-methylation changes at specific CpG sites,exclude,2,第一阶段未同时发现皮肤对象和老化概念,exclude,第一阶段未同时发现皮肤对象和老化概念,two_stage_rule,False,intrinsic_skin_aging,,aging_generic,,,,,,0,2012/05/22,https://www.ncbi.nlm.nih.gov/geo/query/acc.cgi?acc=GSE29661
GSE28477,Expression data from mouse skin,exclude,5,第一阶段未同时发现皮肤对象和老化概念,exclude,第一阶段未同时发现皮肤对象和老化概念,two_stage_rule,False,intrinsic_skin_aging,skin,,skin_direct,,,,,0,2012/03/22,https://www.ncbi.nlm.nih.gov/geo/query/acc.cgi?acc=GSE28477
GSE35322,Expression data from tail skin in young (5 months) and old (30 months) CB6F1 mice,include,14,明确包含皮肤样本，并设置年龄、衰老或光老化对照,include,明确包含皮肤样本，并设置年龄、衰老或光老化对照,two_stage_rule,True,intrinsic_skin_aging,skin,skin_aging; age_related; aging_generic; young_vs_old,skin_direct,young_vs_old,,,,5,2012/03/15,https://www.ncbi.nlm.nih.gov/geo/query/acc.cgi?acc=GSE35322
GSE35836,Expression data from mouse neonatal ovarian 3MC culture experiments,exclude,-3,第一阶段未同时发现皮肤对象和老化概念,exclude,第一阶段未同时发现皮肤对象和老化概念,two_stage_rule,False,cellular_senescence,,senescence,,,,,reproductive,0,2012/02/16,https://www.ncbi.nlm.nih.gov/geo/query/acc.cgi?acc=GSE35836
GSE22595,Methylation Pattern of Human Dermal Fibroblasts,include,9,实验设计和摘要共同表明皮肤老化是组学研究对象,include,实验设计和摘要共同表明皮肤老化是组学研究对象,two_stage_rule,True,intrinsic_skin_aging,skin; epidermis; dermis; dermal_fibroblast,aging_generic,skin_tissue,,,,,1,2012/02/14,https://www.ncbi.nlm.nih.gov/geo/query/acc.cgi?acc=GSE22595
GSE27424,NOTCH3 knockdown in non-transformed human esophageal cells,exclude,0,第一阶段未同时发现皮肤对象和老化概念,exclude,第一阶段未同时发现皮肤对象和老化概念,two_stage_rule,False,cellular_senescence,,senescence,,,,,,0,2011/12/01,https://www.ncbi.nlm.nih.gov/geo/query/acc.cgi?acc=GSE27424
GSE18876,Transcriptional Profile of Aging in Healthy Human Skin,include,11,标题明确以老化/细胞衰老为主题，Overall Design 验证了皮肤来源样本,include,标题明确以老化/细胞衰老为主题，Overall Design 验证了皮肤来源样本,two_stage_rule,True,skin_appendage_aging,skin; skin_appendage,aging_generic; aged,skin_direct,,,,,2,2011/11/01,https://www.ncbi.nlm.nih.gov/geo/query/acc.cgi?acc=GSE18876
GSE32552,To better understand the molecular basis for modulation of glycosaminoglycans (GAGs) and proteoglycans post-UV exposure,exclude,3,同时命中皮肤和老化词，但缺少主研究问题与样本证据,exclude,同时命中皮肤和老化词，但缺少主研究问题与样本证据,two_stage_rule,True,aged_skin_repair,skin; cutaneous; dermis; keratinocyte,aging_generic,keratinocyte_sample,,,,,0,2011/10/03,https://www.ncbi.nlm.nih.gov/geo/query/acc.cgi?acc=GSE32552
GSE31093,Knockdown and Overexpression of Cbx4 wild type and of a Cbx4 chromodomain mutant in human epidermal stem cells,exclude,7,同时命中皮肤和老化词，但缺少主研究问题与样本证据,exclude,同时命中皮肤和老化词，但缺少主研究问题与样本证据,two_stage_rule,True,cellular_senescence,epidermis; keratinocyte; skin_stem_cell,senescence,keratinocyte_sample,,,,,0,2011/08/02,https://www.ncbi.nlm.nih.gov/geo/query/acc.cgi?acc=GSE31093
GSE31094,Overexpression of Cbx4 wild type and of a Cbx4 sumoylation mutant in human epidermal stem cells,exclude,7,同时命中皮肤和老化词，但缺少主研究问题与样本证据,exclude,同时命中皮肤和老化词，但缺少主研究问题与样本证据,two_stage_rule,True,cellular_senescence,epidermis; keratinocyte; skin_stem_cell,senescence,keratinocyte_sample,,,,,0,2011/08/02,https://www.ncbi.nlm.nih.gov/geo/query/acc.cgi?acc=GSE31094
GSE29692,DNaseI Hypersensitivity by Digital DNaseI from ENCODE/University of Washington,exclude,0,第一阶段未同时发现皮肤对象和老化概念,exclude,第一阶段未同时发现皮肤对象和老化概念,two_stage_rule,False,intrinsic_skin_aging,,,,,,,,0,2011/06/03,https://www.ncbi.nlm.nih.gov/geo/query/acc.cgi?acc=GSE29692
GSE29263,Expression data from mouse neonatal ovarian DMBA and BaP culture experiments,exclude,-3,第一阶段未同时发现皮肤对象和老化概念,exclude,第一阶段未同时发现皮肤对象和老化概念,two_stage_rule,False,cellular_senescence,,senescence,,,,,reproductive,0,2011/05/13,https://www.ncbi.nlm.nih.gov/geo/query/acc.cgi?acc=GSE29263
GSE26328,DNaseI Digital Genomic Footprinting from ENCODE/University of Washington [Human],exclude,0,第一阶段未同时发现皮肤对象和老化概念,exclude,第一阶段未同时发现皮肤对象和老化概念,two_stage_rule,False,intrinsic_skin_aging,,,,,,,,0,2010/12/29,https://www.ncbi.nlm.nih.gov/geo/query/acc.cgi?acc=GSE26328
GSE23725,Expression data from mouse neonatal ovarian xenobiotic culture experiments,exclude,-3,第一阶段未同时发现皮肤对象和老化概念,exclude,第一阶段未同时发现皮肤对象和老化概念,two_stage_rule,False,cellular_senescence,,senescence,,,,,reproductive,0,2010/08/21,https://www.ncbi.nlm.nih.gov/geo/query/acc.cgi?acc=GSE23725
GSE17046,Analysis of the Infrared-A radiation induced transcriptom of human skin fibroblasts.,include,7,摘要将皮肤老化作为组学实验的直接研究问题,include,摘要将皮肤老化作为组学实验的直接研究问题,two_stage_rule,True,photoaging,skin; dermis; dermal_fibroblast,skin_aging; photoaging; aging_generic,dermal_sample,,,,,1,2010/07/10,https://www.ncbi.nlm.nih.gov/geo/query/acc.cgi?acc=GSE17046
GSE19090,"Exon arrays of ENCODE tier 1, tier 2 and tier 3 cell types",exclude,0,第一阶段未同时发现皮肤对象和老化概念,exclude,第一阶段未同时发现皮肤对象和老化概念,two_stage_rule,False,intrinsic_skin_aging,,,,,,,,0,2009/11/19,https://www.ncbi.nlm.nih.gov/geo/query/acc.cgi?acc=GSE19090
GSE15228,"Gene expression differences between TAF4b-KO, Het and WT ovaries at 3 weeks of age",exclude,0,第一阶段未同时发现皮肤对象和老化概念,exclude,第一阶段未同时发现皮肤对象和老化概念,two_stage_rule,False,intrinsic_skin_aging,,aging_generic,,,,,,0,2009/06/01,https://www.ncbi.nlm.nih.gov/geo/query/acc.cgi?acc=GSE15228
GSE15488,Human Cell Toxicogenomic Analysis of Bromoacetic Acid: A Regulated Drinking Water Disinfection By-product,exclude,0,第一阶段未同时发现皮肤对象和老化概念,exclude,第一阶段未同时发现皮肤对象和老化概念,two_stage_rule,False,aged_skin_repair,,,,,,,,0,2009/04/08,https://www.ncbi.nlm.nih.gov/geo/query/acc.cgi?acc=GSE15488
GSE15309,Cancer Genome Anatomy Project (CGAP) Human SAGE,exclude,-3,第一阶段未同时发现皮肤对象和老化概念,exclude,第一阶段未同时发现皮肤对象和老化概念,two_stage_rule,False,intrinsic_skin_aging,,,,,,,cancer,0,2009/03/20,https://www.ncbi.nlm.nih.gov/geo/query/acc.cgi?acc=GSE15309
GSE3845,Role of NF-kB in aging,exclude,2,SuperSeries 的实际子研究指向非皮肤细胞，皮肤老化仅为背景,exclude,SuperSeries 的实际子研究指向非皮肤细胞，皮肤老化仅为背景,two_stage_rule,True,intrinsic_skin_aging,skin; epidermis,age_related; aging_generic; aged; young_vs_old,,,,,,0,2007/12/01,https://www.ncbi.nlm.nih.gov/geo/query/acc.cgi?acc=GSE3845
GSE1144,aging of cultured human myotubes,exclude,-1,第一阶段未同时发现皮肤对象和老化概念,exclude,第一阶段未同时发现皮肤对象和老化概念,two_stage_rule,False,intrinsic_skin_aging,,aging_generic,,,,,muscle,0,2004/05/31,https://www.ncbi.nlm.nih.gov/geo/query/acc.cgi?acc=GSE1144
GSE953,Effect of TERT and ATM on Gene Expression Profiles in Human Fibroblasts,exclude,3,第一阶段未同时发现皮肤对象和老化概念,exclude,第一阶段未同时发现皮肤对象和老化概念,two_stage_rule,False,intrinsic_skin_aging,skin,,dermal_sample,,,,,0,2004/01/17,https://www.ncbi.nlm.nih.gov/geo/query/acc.cgi?acc=GSE953
GSE14,Cancer Genome Anatomy Project (CGAP) SAGE Libraries,exclude,-3,第一阶段未同时发现皮肤对象和老化概念,exclude,第一阶段未同时发现皮肤对象和老化概念,two_stage_rule,False,intrinsic_skin_aging,,,,,,,cancer,0,2001/11/29,https://www.ncbi.nlm.nih.gov/geo/query/acc.cgi?acc=GSE14
