Accession,Title,Automated_Decision,Automated_Score,Automated_Reason,Final_Decision,Final_Reason,Decision_Source,Stage1_Pass,Scope_Category,Skin_Terms,Aging_Terms,Sample_Terms,Age_Contrast_Terms,Intervention_Terms,Incidental_Signals,Off_Topic_Signals,Central_Sentences,Submission_Date,GEO_Link
GSE235459,p63 and p73 cooperate to promote cutaneous squamous cell carcinoma through largely overlapping transcriptional programs [RNA-Seq],exclude,-1,研究核心为肿瘤，缺少皮肤老化样本与年龄对照的共同证据,exclude,研究核心为肿瘤，缺少皮肤老化样本与年龄对照的共同证据,two_stage_rule,True,intrinsic_skin_aging,skin; cutaneous; epidermis,senescence,,,,,cancer,0,2026/08/28,https://www.ncbi.nlm.nih.gov/geo/query/acc.cgi?acc=GSE235459
GSE235461,p63 and p73 cooperate to promote cutaneous squamous cell carcinoma through largely overlapping transcriptional programs [ChIP-Seq],exclude,-1,研究核心为肿瘤，缺少皮肤老化样本与年龄对照的共同证据,exclude,研究核心为肿瘤，缺少皮肤老化样本与年龄对照的共同证据,two_stage_rule,True,intrinsic_skin_aging,skin; cutaneous; epidermis,senescence,,,,,cancer,0,2026/08/28,https://www.ncbi.nlm.nih.gov/geo/query/acc.cgi?acc=GSE235461
GSE293695,Senotherapeutic potential against xeroderma pigmentosum,exclude,6,SuperSeries 的实际子研究指向非皮肤细胞，皮肤老化仅为背景,exclude,SuperSeries 的实际子研究指向非皮肤细胞，皮肤老化仅为背景,two_stage_rule,True,intrinsic_skin_aging,skin; melanocyte,skin_aging; photoaging; aging_generic; senescence; rejuvenation,,,anti_aging_intervention,,,3,2026/08/25,https://www.ncbi.nlm.nih.gov/geo/query/acc.cgi?acc=GSE293695
GSE343755,Transcriptomic profiling of multiple tissues from aged mice with endothelial-specific Slc2a3 (GLUT3) overexpression,exclude,2,SuperSeries 的实际子研究指向非皮肤细胞，皮肤老化仅为背景,exclude,SuperSeries 的实际子研究指向非皮肤细胞，皮肤老化仅为背景,two_stage_rule,True,intrinsic_skin_aging,skin,age_related; aging_generic; aged,,,,,,0,2026/08/22,https://www.ncbi.nlm.nih.gov/geo/query/acc.cgi?acc=GSE343755
GSE343903,Single-Cell Analysis of the Aging Human Periovulatory Follicle Reveals Granulosa Cell Dysfunction and Immune Dysregulation,exclude,-1,第一阶段未同时发现皮肤对象和老化概念,exclude,第一阶段未同时发现皮肤对象和老化概念,two_stage_rule,False,intrinsic_skin_aging,,aging_generic; senescence,,,,,reproductive,0,2026/08/20,https://www.ncbi.nlm.nih.gov/geo/query/acc.cgi?acc=GSE343903
GSE305897,Uncovering the transcriptional hallmarks of endothelial cell aging via integrated single-cell analysis [RNA-Seq],exclude,2,同时命中皮肤和老化词，但缺少主研究问题与样本证据,exclude,同时命中皮肤和老化词，但缺少主研究问题与样本证据,two_stage_rule,True,intrinsic_skin_aging,skin,age_related; aging_generic; senescence,,,,,,0,2026/08/18,https://www.ncbi.nlm.nih.gov/geo/query/acc.cgi?acc=GSE305897
GSE305898,Uncovering the transcriptional hallmarks of endothelial cell aging via integrated single-cell analysis [RNA-Seq 2],exclude,2,同时命中皮肤和老化词，但缺少主研究问题与样本证据,exclude,同时命中皮肤和老化词，但缺少主研究问题与样本证据,two_stage_rule,True,intrinsic_skin_aging,skin,age_related; aging_generic; senescence,,,,,,0,2026/08/18,https://www.ncbi.nlm.nih.gov/geo/query/acc.cgi?acc=GSE305898
GSE343822,Hyaluronic acid microneedle delivery of frog skin-derived small extracellular vesicles for UVR-induced photoaging repair,include,15,明确包含皮肤样本，并设置年龄、衰老或光老化对照,include,明确包含皮肤样本，并设置年龄、衰老或光老化对照,two_stage_rule,True,photoaging,skin; dermis; dermal_fibroblast; keratinocyte,skin_aging; photoaging; aging_generic,dermal_sample; keratinocyte_sample,photoaging_model,anti_aging_intervention,,,0,2026/08/18,https://www.ncbi.nlm.nih.gov/geo/query/acc.cgi?acc=GSE343822
GSE326957,Ovarian extracellular matrix mechanics regulate oocyte-follicle interactions during female reproductive aging,exclude,-1,第一阶段未同时发现皮肤对象和老化概念,exclude,第一阶段未同时发现皮肤对象和老化概念,two_stage_rule,False,intrinsic_skin_aging,,age_related; aging_generic; aged; young_vs_old,,,,,reproductive,0,2026/08/17,https://www.ncbi.nlm.nih.gov/geo/query/acc.cgi?acc=GSE326957
GSE325735,Transcriptomic reprogramming screen identifies SRSF1 as a central regulator of aging and lifespan,exclude,2,第一阶段未同时发现皮肤对象和老化概念,exclude,第一阶段未同时发现皮肤对象和老化概念,two_stage_rule,False,intrinsic_skin_aging,,aging_generic; aged; senescence; rejuvenation,,,,,,0,2026/08/15,https://www.ncbi.nlm.nih.gov/geo/query/acc.cgi?acc=GSE325735
GSE326022,Transcriptomic reprogramming screen identifies SRSF1 as a central regulator of aging and lifespan - EPIC,exclude,2,第一阶段未同时发现皮肤对象和老化概念,exclude,第一阶段未同时发现皮肤对象和老化概念,two_stage_rule,False,intrinsic_skin_aging,,aging_generic; aged; senescence; rejuvenation,,,,,,0,2026/08/15,https://www.ncbi.nlm.nih.gov/geo/query/acc.cgi?acc=GSE326022
GSE338034,Targeted ATAC-see (tATAC-see): A Visual Assay for Target-Specific Chromatin Profiling,exclude,3,第一阶段未同时发现皮肤对象和老化概念,exclude,第一阶段未同时发现皮肤对象和老化概念,two_stage_rule,False,intrinsic_skin_aging,,age_related; aging_generic,dermal_sample,,,,,0,2026/07/31,https://www.ncbi.nlm.nih.gov/geo/query/acc.cgi?acc=GSE338034
GSE338065,Visualizing the Epigenetic Landscape of Aging and Cellular Reprogramming: Optimized ATAC-see for cells and tissues,exclude,2,第一阶段未同时发现皮肤对象和老化概念,exclude,第一阶段未同时发现皮肤对象和老化概念,two_stage_rule,False,intrinsic_skin_aging,,age_related; aging_generic; aged; rejuvenation,,,,,,0,2026/07/31,https://www.ncbi.nlm.nih.gov/geo/query/acc.cgi?acc=GSE338065
GSE301192,"XRCC1 Deficiency Drives Telomeric Chromatin Leakage, Inflammatory signaling and Senescence in Cancer Cells",exclude,-1,第一阶段未同时发现皮肤对象和老化概念,exclude,第一阶段未同时发现皮肤对象和老化概念,two_stage_rule,False,cellular_senescence,,senescence,,,,,cancer,0,2026/07/08,https://www.ncbi.nlm.nih.gov/geo/query/acc.cgi?acc=GSE301192
GSE315794,Non-ablative fractional laser 1940nm treatment series modulates epigenetic pathways and signs of skin aging: a split face investigation,include,12,标题明确以皮肤老化为研究主问题，实验设计未发现相反证据,include,标题明确以皮肤老化为研究主问题，实验设计未发现相反证据,two_stage_rule,True,intrinsic_skin_aging,skin; cutaneous; epidermis,skin_aging; age_related; aging_generic; rejuvenation,,,aged_skin_treatment,,,2,2026/07/08,https://www.ncbi.nlm.nih.gov/geo/query/acc.cgi?acc=GSE315794
GSE179925,Expression data of human facial skin metabolites isolated from minimally invasive microneedles,exclude,8,第一阶段未同时发现皮肤对象和老化概念,exclude,第一阶段未同时发现皮肤对象和老化概念,two_stage_rule,False,intrinsic_skin_aging,skin,,skin_direct; skin_tissue,,,,,0,2026/07/01,https://www.ncbi.nlm.nih.gov/geo/query/acc.cgi?acc=GSE179925
GSE280255,In vivo single-cell ribosome profiling reveals cell-type-specific translational programs during aging,include,18,明确包含皮肤样本，并设置年龄、衰老或光老化对照,include,明确包含皮肤样本，并设置年龄、衰老或光老化对照,two_stage_rule,True,intrinsic_skin_aging,skin; epidermis; skin_stem_cell,aged_skin; aging_generic; aged; young_vs_old,skin_direct; skin_tissue; epidermal_sample,young_vs_old; age_groups,,,,1,2026/07/01,https://www.ncbi.nlm.nih.gov/geo/query/acc.cgi?acc=GSE280255
GSE280330,In vivo single-cell ribosome profiling reveals cell-type-specific translational programs during aging [scRNA-Seq],include,13,明确包含皮肤样本，并设置年龄、衰老或光老化对照,include,明确包含皮肤样本，并设置年龄、衰老或光老化对照,two_stage_rule,True,intrinsic_skin_aging,skin; epidermis; skin_stem_cell,aged_skin; aging_generic; aged; young_vs_old,skin_direct; epidermal_sample,young_vs_old,,,,1,2026/07/01,https://www.ncbi.nlm.nih.gov/geo/query/acc.cgi?acc=GSE280330
GSE328343,Knockdown of C3 in HDF cells,exclude,3,第一阶段未同时发现皮肤对象和老化概念,exclude,第一阶段未同时发现皮肤对象和老化概念,two_stage_rule,False,intrinsic_skin_aging,,senescence,hdf,,,,,0,2026/07/01,https://www.ncbi.nlm.nih.gov/geo/query/acc.cgi?acc=GSE328343
GSE336400,Age-related changes in the phenotype and function of mouse skin macrophages,include,8,标题明确以老化/细胞衰老为主题，Overall Design 验证了皮肤来源样本,include,标题明确以老化/细胞衰老为主题，Overall Design 验证了皮肤来源样本,two_stage_rule,True,intrinsic_skin_aging,skin; dermis,skin_aging; aged_skin; age_related; aging_generic; aged; young_vs_old,skin_direct,,aged_skin_treatment,,blood,1,2026/07/01,https://www.ncbi.nlm.nih.gov/geo/query/acc.cgi?acc=GSE336400
GSE294389,BMAL1 and YAP cooperate to hijack enhancers and promote inflammation in the aged epidermis,include,6,标题明确以皮肤老化为研究主问题，实验设计未发现相反证据,include,标题明确以皮肤老化为研究主问题，实验设计未发现相反证据,two_stage_rule,True,intrinsic_skin_aging,epidermis,aged_skin; aged,,,,,,0,2026/06/29,https://www.ncbi.nlm.nih.gov/geo/query/acc.cgi?acc=GSE294389
GSE294336,BMAL1 and YAP cooperate to hijack enhancers and promote inflammation in the aged epidermis [RNA-seq Aged_adult],include,14,明确包含皮肤样本，并设置年龄、衰老或光老化对照,include,明确包含皮肤样本，并设置年龄、衰老或光老化对照,two_stage_rule,True,intrinsic_skin_aging,skin; epidermis,skin_aging; aged_skin; age_related; aging_generic; aged,skin_direct,young_vs_old,,,,1,2026/06/25,https://www.ncbi.nlm.nih.gov/geo/query/acc.cgi?acc=GSE294336
GSE294339,BMAL1 and YAP cooperate to hijack enhancers and promote inflammation in the aged epidermis [RNA-seq Col14],include,8,标题明确以皮肤老化为研究主问题，实验设计未发现相反证据,include,标题明确以皮肤老化为研究主问题，实验设计未发现相反证据,two_stage_rule,True,intrinsic_skin_aging,skin; epidermis,skin_aging; aged_skin; age_related; aging_generic; aged,,,,,,1,2026/06/25,https://www.ncbi.nlm.nih.gov/geo/query/acc.cgi?acc=GSE294339
GSE294069,BMAL1 and YAP cooperate to hijack enhancers and promote inflammation in the aged epidermis [ChIP-Seq 1],include,14,明确包含皮肤样本，并设置年龄、衰老或光老化对照,include,明确包含皮肤样本，并设置年龄、衰老或光老化对照,two_stage_rule,True,intrinsic_skin_aging,skin; epidermis,skin_aging; aged_skin; age_related; aging_generic; aged,skin_direct,young_vs_old,,,,1,2026/06/23,https://www.ncbi.nlm.nih.gov/geo/query/acc.cgi?acc=GSE294069
GSE294070,BMAL1 and YAP cooperate to hijack enhancers and promote inflammation in the aged epidermis [ChIP-Seq 2],include,14,明确包含皮肤样本，并设置年龄、衰老或光老化对照,include,明确包含皮肤样本，并设置年龄、衰老或光老化对照,two_stage_rule,True,intrinsic_skin_aging,skin; epidermis,skin_aging; aged_skin; age_related; aging_generic; aged,skin_direct,young_vs_old,,,,1,2026/06/23,https://www.ncbi.nlm.nih.gov/geo/query/acc.cgi?acc=GSE294070
GSE329010,BMAL1 and YAP cooperate to hijack enhancers and promote inflammation in the aged epidermis [RNA-Seq],include,14,明确包含皮肤样本，并设置年龄、衰老或光老化对照,include,明确包含皮肤样本，并设置年龄、衰老或光老化对照,two_stage_rule,True,intrinsic_skin_aging,skin; epidermis,skin_aging; aged_skin; age_related; aging_generic; aged,skin_direct,young_vs_old,,,,1,2026/06/23,https://www.ncbi.nlm.nih.gov/geo/query/acc.cgi?acc=GSE329010
GSE329011,BMAL1 and YAP cooperate to hijack enhancers and promote inflammation in the aged epidermis [ChIP-Seq],include,14,明确包含皮肤样本，并设置年龄、衰老或光老化对照,include,明确包含皮肤样本，并设置年龄、衰老或光老化对照,two_stage_rule,True,intrinsic_skin_aging,skin; epidermis,skin_aging; aged_skin; age_related; aging_generic; aged,skin_direct,young_vs_old,,,,1,2026/06/23,https://www.ncbi.nlm.nih.gov/geo/query/acc.cgi?acc=GSE329011
GSE206070,ZNF512B protects critical regulatory regions to safeguard long term genomic integrity. [CUT&RUN],exclude,0,同时命中皮肤和老化词，但缺少主研究问题与样本证据,exclude,同时命中皮肤和老化词，但缺少主研究问题与样本证据,two_stage_rule,True,intrinsic_skin_aging,cutaneous,age_related; aging_generic; senescence,,,,,,0,2026/06/22,https://www.ncbi.nlm.nih.gov/geo/query/acc.cgi?acc=GSE206070
GSE206071,ZNF512B protects critical regulatory regions to safeguard long term genomic integrity. [RNA-Seq],exclude,-3,Overall Design 的实际样本属于其他器官、肿瘤或非皮肤细胞,exclude,Overall Design 的实际样本属于其他器官、肿瘤或非皮肤细胞,two_stage_rule,True,intrinsic_skin_aging,cutaneous,age_related; aging_generic; senescence,,,,,lung,0,2026/06/22,https://www.ncbi.nlm.nih.gov/geo/query/acc.cgi?acc=GSE206071
GSE206077,ZNF512B protects critical regulatory regions to safeguard long term genomic integrity. [screening],exclude,0,同时命中皮肤和老化词，但缺少主研究问题与样本证据,exclude,同时命中皮肤和老化词，但缺少主研究问题与样本证据,two_stage_rule,True,cellular_senescence,cutaneous,age_related; aging_generic; senescence,,,,,,0,2026/06/22,https://www.ncbi.nlm.nih.gov/geo/query/acc.cgi?acc=GSE206077
GSE322556,Langerhans cells regulate immunity in adulthood by regulating dermal lymphatic development in early life,exclude,2,第一阶段未同时发现皮肤对象和老化概念,exclude,第一阶段未同时发现皮肤对象和老化概念,two_stage_rule,False,intrinsic_skin_aging,skin; epidermis; dermis,,,,,,,0,2026/06/19,https://www.ncbi.nlm.nih.gov/geo/query/acc.cgi?acc=GSE322556
GSE329112,Aging disrupts spatiotemporal coordination in the cycling murine ovary,exclude,-1,第一阶段未同时发现皮肤对象和老化概念,exclude,第一阶段未同时发现皮肤对象和老化概念,two_stage_rule,False,intrinsic_skin_aging,,chronological_aging; age_related; aging_generic,,,,,reproductive,0,2026/06/17,https://www.ncbi.nlm.nih.gov/geo/query/acc.cgi?acc=GSE329112
GSE284666,SenCat: Redefining human cell senescence through multiomic profiling of multiple senescent cell types,exclude,2,第一阶段未同时发现皮肤对象和老化概念,exclude,第一阶段未同时发现皮肤对象和老化概念,two_stage_rule,False,cellular_senescence,,senescence,,,,,,0,2026/06/15,https://www.ncbi.nlm.nih.gov/geo/query/acc.cgi?acc=GSE284666
GSE285826,SenCat: Redefining human cell senescence,exclude,2,第一阶段未同时发现皮肤对象和老化概念,exclude,第一阶段未同时发现皮肤对象和老化概念,two_stage_rule,False,cellular_senescence,,senescence,,,,,,0,2026/06/15,https://www.ncbi.nlm.nih.gov/geo/query/acc.cgi?acc=GSE285826
GSE334230,Single-Cell Atlas of Photoaged Skin Reveals JAK-STAT Blockade as a Strategy to Reverse Dermal Remodeling,include,18,明确包含皮肤样本，并设置年龄、衰老或光老化对照,include,明确包含皮肤样本，并设置年龄、衰老或光老化对照,two_stage_rule,True,photoaging,skin; cutaneous; dermis,photoaging; chronological_aging; aging_generic,skin_direct,photoaging_model,aged_skin_treatment,,,2,2026/06/10,https://www.ncbi.nlm.nih.gov/geo/query/acc.cgi?acc=GSE334230
GSE334271,In vivo base editing partially rescues bone dysplasia in a mouse model of Hutchinson-Gilford Progeria Syndrome,exclude,-6,研究核心为特定疾病模型，未直接研究皮肤老化,exclude,研究核心为特定疾病模型，未直接研究皮肤老化,two_stage_rule,True,intrinsic_skin_aging,dermis,aging_generic; premature_aging,,,,,skeletal_repair; systemic_premature_aging,0,2026/06/10,https://www.ncbi.nlm.nih.gov/geo/query/acc.cgi?acc=GSE334271
GSE328274,Adipose Derived Reprogrammed iMSCs Exhibit Enhanced Therapeutic Potential for Treating Skin Fibrosis,exclude,2,同时命中皮肤和老化词，但缺少主研究问题与样本证据,exclude,同时命中皮肤和老化词，但缺少主研究问题与样本证据,two_stage_rule,True,intrinsic_skin_aging,skin,senescence; rejuvenation,,,,,,0,2026/06/01,https://www.ncbi.nlm.nih.gov/geo/query/acc.cgi?acc=GSE328274
GSE333859,A global view of cell-type-specific temporal dynamics in mammalian aging,exclude,5,第一阶段未同时发现皮肤对象和老化概念,exclude,第一阶段未同时发现皮肤对象和老化概念,two_stage_rule,False,intrinsic_skin_aging,,aging_generic,skin_direct,,,,,0,2026/06/01,https://www.ncbi.nlm.nih.gov/geo/query/acc.cgi?acc=GSE333859
GSE331488,A global view of cell-type-specific temporal dynamics in mammalian aging [I],exclude,5,第一阶段未同时发现皮肤对象和老化概念,exclude,第一阶段未同时发现皮肤对象和老化概念,two_stage_rule,False,intrinsic_skin_aging,,aging_generic,skin_direct,,,,,0,2026/05/31,https://www.ncbi.nlm.nih.gov/geo/query/acc.cgi?acc=GSE331488
GSE331489,A global view of cell-type-specific temporal dynamics in mammalian aging [II],exclude,2,第一阶段未同时发现皮肤对象和老化概念,exclude,第一阶段未同时发现皮肤对象和老化概念,two_stage_rule,False,intrinsic_skin_aging,,aging_generic,,,,,,0,2026/05/31,https://www.ncbi.nlm.nih.gov/geo/query/acc.cgi?acc=GSE331489
GSE329677,"DNA damage drives a unique, Alzheimer’s disease-relevant senescent state in neurons",exclude,-1,第一阶段未同时发现皮肤对象和老化概念,exclude,第一阶段未同时发现皮肤对象和老化概念,two_stage_rule,False,cellular_senescence,,senescence,,,,,neurologic,0,2026/05/29,https://www.ncbi.nlm.nih.gov/geo/query/acc.cgi?acc=GSE329677
GSE326951,Effect of sauchinone on gene expression in UVB-induced photoaging of dermal fibroblasts,include,14,明确包含皮肤样本，并设置年龄、衰老或光老化对照,include,明确包含皮肤样本，并设置年龄、衰老或光老化对照,two_stage_rule,True,photoaging,skin; dermis; dermal_fibroblast,photoaging,dermal_sample,photoaging_model,,,,1,2026/05/27,https://www.ncbi.nlm.nih.gov/geo/query/acc.cgi?acc=GSE326951
GSE331479,Male-biased immune ageing in a polygynous bat,exclude,2,第一阶段未同时发现皮肤对象和老化概念,exclude,第一阶段未同时发现皮肤对象和老化概念,two_stage_rule,False,intrinsic_skin_aging,,age_related; aging_generic,,,,,,0,2026/05/21,https://www.ncbi.nlm.nih.gov/geo/query/acc.cgi?acc=GSE331479
GSE266221,Acute UV effect on epidermal transcriptome profiling in male and female Wild Type (SKH-1/SV129/BL6/J) mice and deficient for PPARbeta (SKH-1/SV129/BL6/J PPARD-/-) littermates.,exclude,2,第一阶段未同时发现皮肤对象和老化概念,exclude,第一阶段未同时发现皮肤对象和老化概念,two_stage_rule,False,intrinsic_skin_aging,skin; epidermis,,,,,,,0,2026/05/20,https://www.ncbi.nlm.nih.gov/geo/query/acc.cgi?acc=GSE266221
GSE288480,The Arp2/3 complex maintains genome integrity and survival of epidermal Langerhans cells,exclude,2,同时命中皮肤和老化词，但缺少主研究问题与样本证据,exclude,同时命中皮肤和老化词，但缺少主研究问题与样本证据,two_stage_rule,True,intrinsic_skin_aging,epidermis,aging_generic,,,,,,0,2026/05/20,https://www.ncbi.nlm.nih.gov/geo/query/acc.cgi?acc=GSE288480
GSE304124,Mapping Cellular Senescence in Human Dental Follicle and Odontogenic Keratocyst,exclude,-1,第一阶段未同时发现皮肤对象和老化概念,exclude,第一阶段未同时发现皮肤对象和老化概念,two_stage_rule,False,cellular_senescence,,senescence,,,,,dental,0,2026/05/20,https://www.ncbi.nlm.nih.gov/geo/query/acc.cgi?acc=GSE304124
GSE330865,Multiorgan transcriptomics and circulating extracellular vesicle profiling reveal age-dependent systemic vulnerability to isoflurane anesthesia and surgery,exclude,0,第一阶段未同时发现皮肤对象和老化概念,exclude,第一阶段未同时发现皮肤对象和老化概念,two_stage_rule,False,intrinsic_skin_aging,,aged; young_vs_old,,,,,,0,2026/05/18,https://www.ncbi.nlm.nih.gov/geo/query/acc.cgi?acc=GSE330865
GSE290999,DNA methylation gain at polycomb CpG islands is a hallmark of cellular aging,exclude,2,第一阶段未同时发现皮肤对象和老化概念,exclude,第一阶段未同时发现皮肤对象和老化概念,two_stage_rule,False,intrinsic_skin_aging,,age_related; aging_generic; young_vs_old,,,,,,0,2026/05/05,https://www.ncbi.nlm.nih.gov/geo/query/acc.cgi?acc=GSE290999
GSE294378,Comprehensive analysis of the biological properties of BIOGF1K via the construction of a competing endogenous RNA network,include,7,皮肤样本用于验证抗衰老或年轻化干预,include,皮肤样本用于验证抗衰老或年轻化干预,two_stage_rule,True,intrinsic_skin_aging,skin; epidermis; keratinocyte,photoaging; aging_generic; rejuvenation,keratinocyte_sample,,anti_aging_intervention,,,1,2026/04/30,https://www.ncbi.nlm.nih.gov/geo/query/acc.cgi?acc=GSE294378
GSE325357,The homozygous founder Psmb8 variant of Nakajo-Nishimura syndrome/proteasome-associated autoinflammatory syndrome causes panniculitis-associated lipoatrophy and a shortened lifespan in mice,exclude,0,SuperSeries 的实际子研究指向非皮肤细胞，皮肤老化仅为背景,exclude,SuperSeries 的实际子研究指向非皮肤细胞，皮肤老化仅为背景,two_stage_rule,True,intrinsic_skin_aging,skin,aged,,,,,,0,2026/04/24,https://www.ncbi.nlm.nih.gov/geo/query/acc.cgi?acc=GSE325357
GSE317550,miRNA expression profiling of mouse hearts following myocardial infarction,exclude,0,第一阶段未同时发现皮肤对象和老化概念,exclude,第一阶段未同时发现皮肤对象和老化概念,two_stage_rule,False,intrinsic_skin_aging,,,,,,,,0,2026/04/22,https://www.ncbi.nlm.nih.gov/geo/query/acc.cgi?acc=GSE317550
GSE328341,Diminished and Altered Cellular Senescence Response in Delayed Wound Healing of Aging,exclude,4,第一阶段未同时发现皮肤对象和老化概念,exclude,第一阶段未同时发现皮肤对象和老化概念,two_stage_rule,False,aged_skin_repair,,aging_generic; aged; young_vs_old; senescence,,,,,,0,2026/04/20,https://www.ncbi.nlm.nih.gov/geo/query/acc.cgi?acc=GSE328341
GSE264314,Topical application of Urolithin A slows intrinsic skin aging and protects from UVB-mediated photodamage: Findings from Randomized Clinical Trials,include,18,标题明确以老化/细胞衰老为主题，Overall Design 验证了皮肤来源样本,include,标题明确以老化/细胞衰老为主题，Overall Design 验证了皮肤来源样本,two_stage_rule,True,intrinsic_skin_aging,skin,skin_aging; photoaging; chronological_aging; aging_generic; aged,skin_biopsy; skin_punch_biopsy,,aged_skin_treatment,,,1,2026/04/18,https://www.ncbi.nlm.nih.gov/geo/query/acc.cgi?acc=GSE264314
GSE327760,Deciphering molecular responses to radiofrequency microneedling in a 3D human skin model: New insights and modulation by aftercare treatment,include,7,皮肤样本用于验证抗衰老或年轻化干预,exclude,研究未使用 aged、senescent 或 photoaged 模型；skin rejuvenation 只是射频微针后的修复性表述。,evidence_adjudication,True,intrinsic_skin_aging,skin; epidermis; dermis,rejuvenation,skin_direct,,anti_aging_intervention,,,0,2026/04/16,https://www.ncbi.nlm.nih.gov/geo/query/acc.cgi?acc=GSE327760
GSE300269,Loss of WWOX Drives Cutaneous Squamous Cell Carcinoma (cSCC) through Regulating EMT [RNA-Seq],exclude,-1,第一阶段未同时发现皮肤对象和老化概念,exclude,第一阶段未同时发现皮肤对象和老化概念,two_stage_rule,False,intrinsic_skin_aging,skin; cutaneous; epidermis; keratinocyte,,,,,,cancer,0,2026/04/13,https://www.ncbi.nlm.nih.gov/geo/query/acc.cgi?acc=GSE300269
GSE312732,Tomatidine is a senotherapeutic compound that improves cognitive function and reduces cellular senescence in aged mice,exclude,4,SuperSeries 的实际子研究指向非皮肤细胞，皮肤老化仅为背景,exclude,SuperSeries 的实际子研究指向非皮肤细胞，皮肤老化仅为背景,two_stage_rule,True,cellular_senescence,skin,age_related; aging_generic; aged; senescence,,,,,,0,2026/04/03,https://www.ncbi.nlm.nih.gov/geo/query/acc.cgi?acc=GSE312732
GSE300270,Loss of WWOX Drives Cutaneous Squamous Cell Carcinoma (cSCC) through Regulating EMT,exclude,-1,第一阶段未同时发现皮肤对象和老化概念,exclude,第一阶段未同时发现皮肤对象和老化概念,two_stage_rule,False,intrinsic_skin_aging,cutaneous,,,,,,cancer,0,2026/04/01,https://www.ncbi.nlm.nih.gov/geo/query/acc.cgi?acc=GSE300270
GSE326187,Combined dopamine receptor inhibition and radiotherapy target mesothelioma-initiating cells and increase survival in a mouse model of mesothelioma,exclude,0,第一阶段未同时发现皮肤对象和老化概念,exclude,第一阶段未同时发现皮肤对象和老化概念,two_stage_rule,False,intrinsic_skin_aging,,senescence,,,,,,0,2026/04/01,https://www.ncbi.nlm.nih.gov/geo/query/acc.cgi?acc=GSE326187
GSE326090,"Inertia-driven, self-powered electrotherapy for enhanced wound regeneration",exclude,0,同时命中皮肤和老化词，但缺少主研究问题与样本证据,exclude,同时命中皮肤和老化词，但缺少主研究问题与样本证据,two_stage_rule,True,intrinsic_skin_aging,skin; epidermis,aging_generic,,,,,,0,2026/03/31,https://www.ncbi.nlm.nih.gov/geo/query/acc.cgi?acc=GSE326090
GSE293125,DNA methylation differences underlying female reproductive aging,exclude,-1,第一阶段未同时发现皮肤对象和老化概念,exclude,第一阶段未同时发现皮肤对象和老化概念,two_stage_rule,False,intrinsic_skin_aging,,age_related; aging_generic,,,,,reproductive,0,2026/03/27,https://www.ncbi.nlm.nih.gov/geo/query/acc.cgi?acc=GSE293125
GSE300231,Age-related gene expression alteration responding to mechanical force and TGFβ signaling [ATAC-seq],exclude,2,第一阶段未同时发现皮肤对象和老化概念,exclude,第一阶段未同时发现皮肤对象和老化概念,two_stage_rule,False,intrinsic_skin_aging,,age_related; aging_generic; young_vs_old; rejuvenation,,,,,,0,2026/03/27,https://www.ncbi.nlm.nih.gov/geo/query/acc.cgi?acc=GSE300231
GSE318600,Psoriasis-like disease prevents squamous skin tumor development by neutrophil-driven inflammation,exclude,4,研究核心为特定疾病模型，未直接研究皮肤老化,exclude,研究核心为特定疾病模型，未直接研究皮肤老化,two_stage_rule,True,intrinsic_skin_aging,skin; cutaneous; keratinocyte,senescence,skin_direct; skin_tissue,,,,cancer; other_disease,1,2026/03/25,https://www.ncbi.nlm.nih.gov/geo/query/acc.cgi?acc=GSE318600
GSE302932,Transcriptomic profiling of chlorogenic acid and taurine treatment in human skin cells provides insights into cellular senescence mechanisms,include,16,标题明确以老化/细胞衰老为主题，Overall Design 验证了皮肤来源样本,include,标题明确以老化/细胞衰老为主题，Overall Design 验证了皮肤来源样本,two_stage_rule,True,cellular_senescence,skin; epidermis; keratinocyte; melanocyte,skin_aging; aging_generic; senescence; rejuvenation,keratinocyte_sample; melanocyte_sample,,anti_aging_intervention,,,3,2026/03/23,https://www.ncbi.nlm.nih.gov/geo/query/acc.cgi?acc=GSE302932
GSE325226,CD69 regulates the tissue dynamics of epigenetically imprinted memory CD4+ T cells [scRNA-seq],exclude,0,第一阶段未同时发现皮肤对象和老化概念,exclude,第一阶段未同时发现皮肤对象和老化概念,two_stage_rule,False,intrinsic_skin_aging,skin,,,,,,,0,2026/03/23,https://www.ncbi.nlm.nih.gov/geo/query/acc.cgi?acc=GSE325226
GSE310764,The post-reproductive ovary shifts from a reproductive to an immune organ,exclude,-3,第一阶段未同时发现皮肤对象和老化概念,exclude,第一阶段未同时发现皮肤对象和老化概念,two_stage_rule,False,intrinsic_skin_aging,,aging_generic; young_vs_old; senescence,,,,,reproductive,0,2026/03/17,https://www.ncbi.nlm.nih.gov/geo/query/acc.cgi?acc=GSE310764
GSE299177,Unique sequence features define epigenetic longevity of inflammatory memory [ATAC-seq],exclude,0,第一阶段未同时发现皮肤对象和老化概念,exclude,第一阶段未同时发现皮肤对象和老化概念,two_stage_rule,False,intrinsic_skin_aging,skin; epidermis; skin_stem_cell,,,,,,,0,2026/03/16,https://www.ncbi.nlm.nih.gov/geo/query/acc.cgi?acc=GSE299177
GSE299178,Unique sequence features define epigenetic longevity of inflammatory memory [CUT&Run],exclude,0,第一阶段未同时发现皮肤对象和老化概念,exclude,第一阶段未同时发现皮肤对象和老化概念,two_stage_rule,False,intrinsic_skin_aging,skin; epidermis; skin_stem_cell,,,,,,,0,2026/03/16,https://www.ncbi.nlm.nih.gov/geo/query/acc.cgi?acc=GSE299178
GSE299457,Unique sequence features define epigenetic longevity of inflammatory memory [scRNA-seq],exclude,0,第一阶段未同时发现皮肤对象和老化概念,exclude,第一阶段未同时发现皮肤对象和老化概念,two_stage_rule,False,intrinsic_skin_aging,skin; epidermis; skin_stem_cell,,,,,,,0,2026/03/16,https://www.ncbi.nlm.nih.gov/geo/query/acc.cgi?acc=GSE299457
GSE299606,Unique sequence features define epigenetic longevity of inflammatory memory [Bisulfite-Seq],exclude,0,第一阶段未同时发现皮肤对象和老化概念,exclude,第一阶段未同时发现皮肤对象和老化概念,two_stage_rule,False,intrinsic_skin_aging,skin; epidermis; skin_stem_cell,,,,,,,0,2026/03/16,https://www.ncbi.nlm.nih.gov/geo/query/acc.cgi?acc=GSE299606
GSE300003,Unique sequence features define epigenetic longevity of inflammatory memory [ChIP-Seq],exclude,0,第一阶段未同时发现皮肤对象和老化概念,exclude,第一阶段未同时发现皮肤对象和老化概念,two_stage_rule,False,intrinsic_skin_aging,skin; epidermis; skin_stem_cell,,,,,,,0,2026/03/16,https://www.ncbi.nlm.nih.gov/geo/query/acc.cgi?acc=GSE300003
GSE300005,Unique sequence features define epigenetic longevity of inflammatory memory [RNA-seq],exclude,0,第一阶段未同时发现皮肤对象和老化概念,exclude,第一阶段未同时发现皮肤对象和老化概念,two_stage_rule,False,intrinsic_skin_aging,skin; epidermis; skin_stem_cell,,,,,,,0,2026/03/16,https://www.ncbi.nlm.nih.gov/geo/query/acc.cgi?acc=GSE300005
GSE300230,Age-related gene expression alteration responding to mechanical force and TGFβ signaling,exclude,2,第一阶段未同时发现皮肤对象和老化概念,exclude,第一阶段未同时发现皮肤对象和老化概念,two_stage_rule,False,intrinsic_skin_aging,,age_related; aging_generic; young_vs_old; rejuvenation,,,,,,0,2026/03/15,https://www.ncbi.nlm.nih.gov/geo/query/acc.cgi?acc=GSE300230
GSE311942,Transcriptome profiling of human dermal fibroblasts transfected with tRF-34 mimics or negative control under UVA1 exposure,include,13,明确包含皮肤样本，并设置年龄、衰老或光老化对照,include,明确包含皮肤样本，并设置年龄、衰老或光老化对照,two_stage_rule,True,intrinsic_skin_aging,dermis; dermal_fibroblast,senescence,dermal_sample; hdf,photoaging_model,,,,0,2026/03/15,https://www.ncbi.nlm.nih.gov/geo/query/acc.cgi?acc=GSE311942
GSE291875,MicroRNA Profiles of Human Follicular Fluid Extracellular Vesicles Reveal Stress Response Pathways and Role in Ovarian Aging,exclude,-1,第一阶段未同时发现皮肤对象和老化概念,exclude,第一阶段未同时发现皮肤对象和老化概念,two_stage_rule,False,intrinsic_skin_aging,,age_related; aging_generic; aged; young_vs_old,,,,,reproductive,0,2026/03/12,https://www.ncbi.nlm.nih.gov/geo/query/acc.cgi?acc=GSE291875
GSE308958,Comparative Analysis of Oral and Skin Keratinocytes Responses to Oxidative Stress,exclude,4,同时命中皮肤和老化词，但缺少主研究问题与样本证据,exclude,同时命中皮肤和老化词，但缺少主研究问题与样本证据,two_stage_rule,True,intrinsic_skin_aging,skin; keratinocyte,skin_aging; aging_generic,,,,,,0,2026/03/12,https://www.ncbi.nlm.nih.gov/geo/query/acc.cgi?acc=GSE308958
GSE314817,"Multi-tissue, multi-time-point transcriptomic atlas of aging in mice and rats [mouse]",exclude,2,第一阶段未同时发现皮肤对象和老化概念,exclude,第一阶段未同时发现皮肤对象和老化概念,two_stage_rule,False,intrinsic_skin_aging,,age_related; aging_generic,,,,,,0,2026/03/05,https://www.ncbi.nlm.nih.gov/geo/query/acc.cgi?acc=GSE314817
GSE317488,Mechanisms of the antiproliferative effects of SIRT6 inhibition in melanoma: A multi-omics analysis,exclude,-3,SuperSeries 的实际子研究指向非皮肤细胞，皮肤老化仅为背景,exclude,SuperSeries 的实际子研究指向非皮肤细胞，皮肤老化仅为背景,two_stage_rule,True,intrinsic_skin_aging,skin,senescence,,,,,cancer,0,2026/03/04,https://www.ncbi.nlm.nih.gov/geo/query/acc.cgi?acc=GSE317488
GSE318337,Mechanisms of the antiproliferative effects of SIRT6 inhibition in melanoma: A multi-omics analysis [RNA-Seq A375],exclude,-3,SuperSeries 的实际子研究指向非皮肤细胞，皮肤老化仅为背景,exclude,SuperSeries 的实际子研究指向非皮肤细胞，皮肤老化仅为背景,two_stage_rule,True,intrinsic_skin_aging,skin,senescence,,,,,cancer,0,2026/03/04,https://www.ncbi.nlm.nih.gov/geo/query/acc.cgi?acc=GSE318337
GSE307377,Bulk RNA-seq analysis of primary human dermal fibroblasts from young and aged donors,include,16,明确包含皮肤样本，并设置年龄、衰老或光老化对照,include,明确包含皮肤样本，并设置年龄、衰老或光老化对照,two_stage_rule,True,intrinsic_skin_aging,dermis; dermal_fibroblast,age_related; aging_generic; aged; young_vs_old,dermal_sample,young_vs_old,,,,1,2026/03/02,https://www.ncbi.nlm.nih.gov/geo/query/acc.cgi?acc=GSE307377
GSE320415,"Paeonia delavayi seed oil alleviates UVB-induced inflammation, oxidative stress and photoaging in keratinocytes through inhibition of PI3K/Akt/mTOR and NF-κB signaling pathways",include,12,明确包含皮肤样本，并设置年龄、衰老或光老化对照,include,明确包含皮肤样本，并设置年龄、衰老或光老化对照,two_stage_rule,True,photoaging,skin; epidermis; keratinocyte,photoaging; senescence,keratinocyte_sample,photoaging_model,,,,1,2026/02/27,https://www.ncbi.nlm.nih.gov/geo/query/acc.cgi?acc=GSE320415
GSE208730,"RNA sequencing of slow-and fast-cycling epidermal stem cells vs hair follicle stem cells in murine back skin, tail skin vs oral epithelium",exclude,11,第一阶段未同时发现皮肤对象和老化概念,exclude,第一阶段未同时发现皮肤对象和老化概念,two_stage_rule,False,intrinsic_skin_aging,skin; epidermis; skin_stem_cell; skin_appendage,,skin_direct; epidermal_sample; skin_appendage_sample,,,,oral_mucosa,0,2026/02/16,https://www.ncbi.nlm.nih.gov/geo/query/acc.cgi?acc=GSE208730
GSE307575,A covalent fragment screen identifies ferroptosis induced by GPX4 inhibition as a vulnerability of senescent cells,exclude,2,第一阶段未同时发现皮肤对象和老化概念,exclude,第一阶段未同时发现皮肤对象和老化概念,two_stage_rule,False,cellular_senescence,,senescence,,,,,,0,2026/02/15,https://www.ncbi.nlm.nih.gov/geo/query/acc.cgi?acc=GSE307575
GSE289113,Synergistic Effects of Retinol and Retinyl Palmitate in Alleviating UVB-Induced DNA Damage and Promoting the Homologous Recombination Repair in Keratinocytes,exclude,5,同时命中皮肤和老化词，但缺少主研究问题与样本证据,exclude,同时命中皮肤和老化词，但缺少主研究问题与样本证据,two_stage_rule,True,intrinsic_skin_aging,skin; epidermis; keratinocyte,skin_aging; aging_generic,keratinocyte_sample,,,,,0,2026/02/07,https://www.ncbi.nlm.nih.gov/geo/query/acc.cgi?acc=GSE289113
GSE231658,Convergence of aging- and rejuvenation-related epigenetic alterations on PRC2 targets [WGBS],include,12,标题明确以老化/细胞衰老为主题，Overall Design 验证了皮肤来源样本,include,标题明确以老化/细胞衰老为主题，Overall Design 验证了皮肤来源样本,two_stage_rule,True,rejuvenation_intervention,skin; epidermis,aging_generic; young_vs_old; rejuvenation,skin_direct; epidermal_sample,,,,,1,2026/02/02,https://www.ncbi.nlm.nih.gov/geo/query/acc.cgi?acc=GSE231658
GSE288574,Convergence of aging- and rejuvenation-related epigenetic alterations on PRC2 targets [ChIP-Seq],include,12,明确包含皮肤样本，并设置年龄、衰老或光老化对照,include,明确包含皮肤样本，并设置年龄、衰老或光老化对照,two_stage_rule,True,rejuvenation_intervention,skin; epidermis,aging_generic; young_vs_old; rejuvenation,skin_direct,young_vs_old,,,,1,2026/02/02,https://www.ncbi.nlm.nih.gov/geo/query/acc.cgi?acc=GSE288574
GSE289856,Convergence of aging- and rejuvenation-related epigenetic alterations on PRC2 targets,exclude,4,第一阶段未同时发现皮肤对象和老化概念,exclude,第一阶段未同时发现皮肤对象和老化概念,two_stage_rule,False,rejuvenation_intervention,,aging_generic; rejuvenation,,,,,,0,2026/02/02,https://www.ncbi.nlm.nih.gov/geo/query/acc.cgi?acc=GSE289856
GSE286918,Metabolic reprogramming and ferroptosis occurring in granulosa cells from patients with diminished ovarian reserve,exclude,-3,第一阶段未同时发现皮肤对象和老化概念,exclude,第一阶段未同时发现皮肤对象和老化概念,two_stage_rule,False,intrinsic_skin_aging,,,,,,,reproductive,0,2026/02/01,https://www.ncbi.nlm.nih.gov/geo/query/acc.cgi?acc=GSE286918
GSE317288,Increased stiffness mimicking ovarian aging induces a fibroinflammatory response in follicles and impairs oocyte quality,exclude,-1,第一阶段未同时发现皮肤对象和老化概念,exclude,第一阶段未同时发现皮肤对象和老化概念,two_stage_rule,False,intrinsic_skin_aging,,aging_generic; young_vs_old,,,,,reproductive,0,2026/01/27,https://www.ncbi.nlm.nih.gov/geo/query/acc.cgi?acc=GSE317288
GSE314473,Non-viral in situ gene editing effectively and safely rescues congenital ichthyosis-causing mutations in human skin,exclude,10,第一阶段未同时发现皮肤对象和老化概念,exclude,第一阶段未同时发现皮肤对象和老化概念,two_stage_rule,False,intrinsic_skin_aging,skin,,skin_direct; skin_tissue; keratinocyte_sample,,,,,0,2026/01/26,https://www.ncbi.nlm.nih.gov/geo/query/acc.cgi?acc=GSE314473
GSE288033,Functional dissection of ovarian aging-associated genes NDUFS5 and UBE2L3 through integrated genomic analyses and validation,exclude,-1,第一阶段未同时发现皮肤对象和老化概念,exclude,第一阶段未同时发现皮肤对象和老化概念,two_stage_rule,False,intrinsic_skin_aging,,aging_generic,,,,,reproductive,0,2026/01/23,https://www.ncbi.nlm.nih.gov/geo/query/acc.cgi?acc=GSE288033
GSE304036,Non-invasive epidermis sampling for DNA methylation-based prediction of skin cancer phenotypes,exclude,5,研究核心为肿瘤，缺少皮肤老化样本与年龄对照的共同证据,exclude,研究核心为肿瘤，缺少皮肤老化样本与年龄对照的共同证据,two_stage_rule,True,intrinsic_skin_aging,skin; epidermis; keratinocyte,skin_aging; aging_generic,,,,,cancer,2,2026/01/22,https://www.ncbi.nlm.nih.gov/geo/query/acc.cgi?acc=GSE304036
GSE297990,High p16⁺ senescence load confers increased responsiveness to senolytic therapy in aged female mice,exclude,8,SuperSeries 的实际子研究指向非皮肤细胞，皮肤老化仅为背景,exclude,SuperSeries 的实际子研究指向非皮肤细胞，皮肤老化仅为背景,two_stage_rule,True,rejuvenation_intervention,skin,age_related; aging_generic; aged; senescence; rejuvenation,,,anti_aging_intervention,,,0,2026/01/21,https://www.ncbi.nlm.nih.gov/geo/query/acc.cgi?acc=GSE297990
GSE294119,Study on the Effects of Retinoids on UVR-Induced Skin Photoaging [scRNA-seq],include,14,明确包含皮肤样本，并设置年龄、衰老或光老化对照,include,明确包含皮肤样本，并设置年龄、衰老或光老化对照,two_stage_rule,True,photoaging,skin,photoaging; aging_generic,skin_direct,photoaging_model,anti_aging_intervention,,,1,2026/01/20,https://www.ncbi.nlm.nih.gov/geo/query/acc.cgi?acc=GSE294119
GSE294120,Study on the Effects of Retinoids on UVR-Induced Skin Photoaging [Spatial Transcriptomics],include,14,明确包含皮肤样本，并设置年龄、衰老或光老化对照,include,明确包含皮肤样本，并设置年龄、衰老或光老化对照,two_stage_rule,True,photoaging,skin,photoaging; aging_generic,skin_direct,photoaging_model,anti_aging_intervention,,,1,2026/01/20,https://www.ncbi.nlm.nih.gov/geo/query/acc.cgi?acc=GSE294120
GSE294121,Study on the Effects of Retinoids on UVR-Induced Skin Photoaging [RNA-seq],include,14,明确包含皮肤样本，并设置年龄、衰老或光老化对照,include,明确包含皮肤样本，并设置年龄、衰老或光老化对照,two_stage_rule,True,photoaging,skin; dermis; dermal_fibroblast,photoaging; aging_generic,dermal_sample,photoaging_model,anti_aging_intervention,,,1,2026/01/20,https://www.ncbi.nlm.nih.gov/geo/query/acc.cgi?acc=GSE294121
GSE290088,"Evolutionarily divergent transcriptomic programs in ovarian folliculogenesis across mice, monkeys and humans [Mouse]",exclude,-3,第一阶段未同时发现皮肤对象和老化概念,exclude,第一阶段未同时发现皮肤对象和老化概念,two_stage_rule,False,intrinsic_skin_aging,,,,,,,reproductive,0,2026/01/19,https://www.ncbi.nlm.nih.gov/geo/query/acc.cgi?acc=GSE290088
GSE312362,"Decreased S100A7 expression is linked to altered differentiation-, autophagy- and senescence-related programs during skin aging",include,18,明确包含皮肤样本，并设置年龄、衰老或光老化对照,include,明确包含皮肤样本，并设置年龄、衰老或光老化对照,two_stage_rule,True,cellular_senescence,skin; epidermis; keratinocyte,skin_aging; aging_generic; aged; young_vs_old; senescence,keratinocyte_sample,young_vs_old,,,,2,2026/01/18,https://www.ncbi.nlm.nih.gov/geo/query/acc.cgi?acc=GSE312362
GSE223225,Identification and characterization of functional long noncoding RNAs in human fibroblast aging,exclude,2,第一阶段未同时发现皮肤对象和老化概念,exclude,第一阶段未同时发现皮肤对象和老化概念,two_stage_rule,False,intrinsic_skin_aging,,aging_generic; senescence,,,,,,0,2026/01/17,https://www.ncbi.nlm.nih.gov/geo/query/acc.cgi?acc=GSE223225
GSE302754,Transcriptome analysis of Mus musculus skin from experimental studies on grape seed extract NSPCC1 intervention in skin aging,include,13,标题明确以老化/细胞衰老为主题，Overall Design 验证了皮肤来源样本,include,标题明确以老化/细胞衰老为主题，Overall Design 验证了皮肤来源样本,two_stage_rule,True,intrinsic_skin_aging,skin,skin_aging; photoaging; aging_generic,skin_direct,,,,,2,2026/01/12,https://www.ncbi.nlm.nih.gov/geo/query/acc.cgi?acc=GSE302754
GSE238259,Akr1b7 functions as a master regulator in ovarian aging [RNA-seq],exclude,-1,第一阶段未同时发现皮肤对象和老化概念,exclude,第一阶段未同时发现皮肤对象和老化概念,two_stage_rule,False,intrinsic_skin_aging,,aging_generic; aged; young_vs_old,,,,,reproductive,0,2026/01/06,https://www.ncbi.nlm.nih.gov/geo/query/acc.cgi?acc=GSE238259
GSE238260,Akr1b7 functions as a master regulator in ovarian aging [superSAGE],exclude,-1,第一阶段未同时发现皮肤对象和老化概念,exclude,第一阶段未同时发现皮肤对象和老化概念,two_stage_rule,False,intrinsic_skin_aging,,aging_generic; aged; young_vs_old,,,,,reproductive,0,2026/01/06,https://www.ncbi.nlm.nih.gov/geo/query/acc.cgi?acc=GSE238260
GSE158473,Exposure to di(2-ethylhexyl) phthalate and diisononyl phthalate during adulthood disrupts hormones and ovarian folliculogenesis throughout the prime reproductive life of the female mouse.,exclude,-3,第一阶段未同时发现皮肤对象和老化概念,exclude,第一阶段未同时发现皮肤对象和老化概念,two_stage_rule,False,intrinsic_skin_aging,,aged,,,,,reproductive,0,2026/01/01,https://www.ncbi.nlm.nih.gov/geo/query/acc.cgi?acc=GSE158473
GSE134533,Transcriptomic analysis and identification of paracrine factors responsible for protective effects of keratinocytes on UVB-mediated melanocyte responses,exclude,12,同时命中皮肤和老化词，但缺少主研究问题与样本证据,exclude,同时命中皮肤和老化词，但缺少主研究问题与样本证据,two_stage_rule,True,intrinsic_skin_aging,skin; cutaneous; epidermis; dermis; dermal_fibroblast; keratinocyte; melanocyte,photoaging,dermal_sample; hdf; keratinocyte_sample,,,,,0,2025/12/31,https://www.ncbi.nlm.nih.gov/geo/query/acc.cgi?acc=GSE134533
GSE183102,Defective prelamin A processing promotes RIPK1-driven necroptosis and inflammation in premature aging,exclude,4,第一阶段未同时发现皮肤对象和老化概念,exclude,第一阶段未同时发现皮肤对象和老化概念,two_stage_rule,False,intrinsic_skin_aging,,aging_generic; premature_aging,,,,,,0,2025/12/31,https://www.ncbi.nlm.nih.gov/geo/query/acc.cgi?acc=GSE183102
GSE272246,STAT5A knockout endows fibroblasts with features of young mesenchymal stem cells,exclude,3,第一阶段未同时发现皮肤对象和老化概念,exclude,第一阶段未同时发现皮肤对象和老化概念,two_stage_rule,False,intrinsic_skin_aging,,senescence; rejuvenation,skin_tissue,,,,,0,2025/12/31,https://www.ncbi.nlm.nih.gov/geo/query/acc.cgi?acc=GSE272246
GSE288449,Metformin as an early intervention for melanocyte senescence through autophagy-redox balance,include,9,标题明确以老化/细胞衰老为主题，Overall Design 验证了皮肤来源样本,include,标题明确以老化/细胞衰老为主题，Overall Design 验证了皮肤来源样本,two_stage_rule,True,cellular_senescence,melanocyte,senescence,melanocyte_sample,,,,,1,2025/12/31,https://www.ncbi.nlm.nih.gov/geo/query/acc.cgi?acc=GSE288449
GSE305493,Staphylococcus aureus intoxicates stem cells to accelerate repair,exclude,3,同时命中皮肤和老化词，但缺少主研究问题与样本证据,exclude,同时命中皮肤和老化词，但缺少主研究问题与样本证据,two_stage_rule,True,intrinsic_skin_aging,skin; epidermis,senescence,skin_direct,,,,,0,2025/12/31,https://www.ncbi.nlm.nih.gov/geo/query/acc.cgi?acc=GSE305493
GSE305286,Single-cell RNAseq analysis of Nf1-deficient Prss56-derived cells from spinal columns of young and old mice,exclude,5,SuperSeries 的实际子研究指向非皮肤细胞，皮肤老化仅为背景,exclude,SuperSeries 的实际子研究指向非皮肤细胞，皮肤老化仅为背景,two_stage_rule,True,intrinsic_skin_aging,skin,young_vs_old,,young_vs_old,,,,0,2025/12/30,https://www.ncbi.nlm.nih.gov/geo/query/acc.cgi?acc=GSE305286
GSE312555,Antibiotic-induced microbiota depletion impairs the pro-regenerative response to a biological scaffold,exclude,0,第一阶段未同时发现皮肤对象和老化概念,exclude,第一阶段未同时发现皮肤对象和老化概念,two_stage_rule,False,intrinsic_skin_aging,,aging_generic,,,,,,0,2025/12/23,https://www.ncbi.nlm.nih.gov/geo/query/acc.cgi?acc=GSE312555
GSE314002,Peromyscus maniculatus DNAm Data,exclude,0,第一阶段未同时发现皮肤对象和老化概念,exclude,第一阶段未同时发现皮肤对象和老化概念,two_stage_rule,False,intrinsic_skin_aging,,aging_generic,,,,,,0,2025/12/23,https://www.ncbi.nlm.nih.gov/geo/query/acc.cgi?acc=GSE314002
GSE269715,Defective RNA processing and ELOA-mediated transcriptional elongation in reversible cellular senescence suggest aging by transcription,exclude,1,Overall Design 的实际样本属于其他器官、肿瘤或非皮肤细胞,exclude,Overall Design 的实际样本属于其他器官、肿瘤或非皮肤细胞,two_stage_rule,True,cellular_senescence,dermis; dermal_fibroblast,aging_generic; senescence,,,,,cancer,0,2025/12/22,https://www.ncbi.nlm.nih.gov/geo/query/acc.cgi?acc=GSE269715
GSE269717,Defective RNA processing and ELOA-mediated transcriptional elongation in reversible cellular senescence suggest aging by transcription,exclude,1,Overall Design 的实际样本属于其他器官、肿瘤或非皮肤细胞,exclude,Overall Design 的实际样本属于其他器官、肿瘤或非皮肤细胞,two_stage_rule,True,cellular_senescence,dermis; dermal_fibroblast,aging_generic; senescence,,,,,cancer,0,2025/12/22,https://www.ncbi.nlm.nih.gov/geo/query/acc.cgi?acc=GSE269717
GSE269948,Defective RNA processing and ELOA-mediated transcriptional elongation in reversible cellular senescence suggest aging by transcription,exclude,4,同时命中皮肤和老化词，但缺少主研究问题与样本证据,exclude,同时命中皮肤和老化词，但缺少主研究问题与样本证据,two_stage_rule,True,cellular_senescence,dermis; dermal_fibroblast,aging_generic; senescence,,,,,,0,2025/12/22,https://www.ncbi.nlm.nih.gov/geo/query/acc.cgi?acc=GSE269948
GSE297352,Defective RNA processing and ELOA-mediated transcriptional elongation in reversible cellular senescence suggest aging by transcription,exclude,4,Overall Design 的实际样本属于其他器官、肿瘤或非皮肤细胞,exclude,Overall Design 的实际样本属于其他器官、肿瘤或非皮肤细胞,two_stage_rule,True,cellular_senescence,dermis; dermal_fibroblast,aging_generic; senescence,,senescent_control,,,cancer,0,2025/12/22,https://www.ncbi.nlm.nih.gov/geo/query/acc.cgi?acc=GSE297352
GSE295428,Spaceflight induces systemic effects on extracellular matrix and immune system in different age-stages,exclude,3,第一阶段未同时发现皮肤对象和老化概念,exclude,第一阶段未同时发现皮肤对象和老化概念,two_stage_rule,False,intrinsic_skin_aging,,age_related; aging_generic,,age_groups,,,,0,2025/12/18,https://www.ncbi.nlm.nih.gov/geo/query/acc.cgi?acc=GSE295428
GSE284342,Endoplasmic reticulum proteostasis in senescent cells is a vulnerability to senolytic vanadyl sulfate,exclude,6,第一阶段未同时发现皮肤对象和老化概念,exclude,第一阶段未同时发现皮肤对象和老化概念,two_stage_rule,False,rejuvenation_intervention,,age_related; aging_generic; senescence; rejuvenation,,,anti_aging_intervention,,,0,2025/12/15,https://www.ncbi.nlm.nih.gov/geo/query/acc.cgi?acc=GSE284342
GSE297559,Space radiation induces distinct senescent phenotypes: Implications for space travel [scRNA-Seq],exclude,2,同时命中皮肤和老化词，但缺少主研究问题与样本证据,exclude,同时命中皮肤和老化词，但缺少主研究问题与样本证据,two_stage_rule,True,cellular_senescence,dermis; dermal_fibroblast,senescence,,,,,,0,2025/12/09,https://www.ncbi.nlm.nih.gov/geo/query/acc.cgi?acc=GSE297559
GSE297560,Space radiation induces distinct senescent phenotypes: Implications for space travel [bulk RNA-Seq],include,8,标题明确以老化/细胞衰老为主题，Overall Design 验证了皮肤来源样本,include,标题明确以老化/细胞衰老为主题，Overall Design 验证了皮肤来源样本,two_stage_rule,True,cellular_senescence,dermis; dermal_fibroblast,senescence,dermal_sample; hdf,,,,,0,2025/12/09,https://www.ncbi.nlm.nih.gov/geo/query/acc.cgi?acc=GSE297560
GSE275826,Single-cell transcriptomic comparison of young and aged dermal macrophages,include,16,明确包含皮肤样本，并设置年龄、衰老或光老化对照,include,明确包含皮肤样本，并设置年龄、衰老或光老化对照,two_stage_rule,True,intrinsic_skin_aging,skin; dermis,aged; young_vs_old,skin_direct,young_vs_old,,,,2,2025/12/07,https://www.ncbi.nlm.nih.gov/geo/query/acc.cgi?acc=GSE275826
GSE267091,Ageing-induced cell type-specific transcriptomic changes in the skin are associated with abnormal early healing responses to injury,include,17,明确包含皮肤样本，并设置年龄、衰老或光老化对照,include,明确包含皮肤样本，并设置年龄、衰老或光老化对照,two_stage_rule,True,aged_skin_repair,skin; keratinocyte,aged_skin; aging_generic; aged; young_vs_old,skin_direct; keratinocyte_sample,young_vs_old,,,,3,2025/12/03,https://www.ncbi.nlm.nih.gov/geo/query/acc.cgi?acc=GSE267091
GSE282307,Deregulated miRNAs in Hutchinson-Gilford Progeria Syndrome: Unraveling the Link of miRNAs to normal and premature aging.,exclude,1,第一阶段未同时发现皮肤对象和老化概念,exclude,第一阶段未同时发现皮肤对象和老化概念,two_stage_rule,False,intrinsic_skin_aging,,age_related; aging_generic; premature_aging,,,,,systemic_premature_aging,0,2025/12/02,https://www.ncbi.nlm.nih.gov/geo/query/acc.cgi?acc=GSE282307
GSE301164,Comparative analysis of replicative and doxorubicin-induced senescence identifies conserved transcriptomic signatures in aging fibroblasts [RNA-Seq1],exclude,4,第一阶段未同时发现皮肤对象和老化概念,exclude,第一阶段未同时发现皮肤对象和老化概念,two_stage_rule,False,cellular_senescence,,aging_generic; senescence,,,,,,0,2025/12/02,https://www.ncbi.nlm.nih.gov/geo/query/acc.cgi?acc=GSE301164
GSE301166,PURPL bidirectionally controls senescence: depletion rejuvenates fibroblasts while overexpression accelerates aging [RNA-Seq2],exclude,9,第一阶段未同时发现皮肤对象和老化概念,exclude,第一阶段未同时发现皮肤对象和老化概念,two_stage_rule,False,rejuvenation_intervention,,age_related; aging_generic; senescence; rejuvenation,,senescent_control,,,,0,2025/12/02,https://www.ncbi.nlm.nih.gov/geo/query/acc.cgi?acc=GSE301166
GSE301169,PURPL plays a role in epigenetic regulation of gene expression [ChIP-Seq],exclude,0,第一阶段未同时发现皮肤对象和老化概念,exclude,第一阶段未同时发现皮肤对象和老化概念,two_stage_rule,False,intrinsic_skin_aging,,aging_generic; senescence,,,,,,0,2025/12/02,https://www.ncbi.nlm.nih.gov/geo/query/acc.cgi?acc=GSE301169
GSE300050,Unique sequence features define epigenetic longevity of inflammatory memory,exclude,0,第一阶段未同时发现皮肤对象和老化概念,exclude,第一阶段未同时发现皮肤对象和老化概念,two_stage_rule,False,intrinsic_skin_aging,,,,,,,,0,2025/12/01,https://www.ncbi.nlm.nih.gov/geo/query/acc.cgi?acc=GSE300050
GSE301537,Unique sequence features define epigenetic longevity of inflammatory memory [scATAC-seq],exclude,0,第一阶段未同时发现皮肤对象和老化概念,exclude,第一阶段未同时发现皮肤对象和老化概念,two_stage_rule,False,intrinsic_skin_aging,skin; epidermis; skin_stem_cell,,,,,,,0,2025/12/01,https://www.ncbi.nlm.nih.gov/geo/query/acc.cgi?acc=GSE301537
GSE302943,UVA irradiation promotes ROS-mediated formation of the common deletion in mitochondrial DNA,include,6,明确包含皮肤样本，并设置年龄、衰老或光老化对照,include,明确包含皮肤样本，并设置年龄、衰老或光老化对照,two_stage_rule,True,intrinsic_skin_aging,skin; epidermis; dermis,photoaging; aging_generic; premature_aging,bj5ta,photoaging_model,,,,0,2025/11/30,https://www.ncbi.nlm.nih.gov/geo/query/acc.cgi?acc=GSE302943
GSE310833,Beta vulgaris-Derived Exosome-like Nanovesicles Mitigate Photoaging by Attenuating Oxidative Stress and Promoting Collagen Biosynthesis Abstract,include,8,明确包含皮肤样本，并设置年龄、衰老或光老化对照,include,明确包含皮肤样本，并设置年龄、衰老或光老化对照,two_stage_rule,True,photoaging,skin; epidermis; dermis; keratinocyte,photoaging,keratinocyte_sample,photoaging_model,,,,0,2025/11/25,https://www.ncbi.nlm.nih.gov/geo/query/acc.cgi?acc=GSE310833
GSE310460,Regulation of murine follicle-stimulating hormone β subunit transcription by newly identified enhancers [scATAC-seq; Mouse Pituitaries],exclude,0,第一阶段未同时发现皮肤对象和老化概念,exclude,第一阶段未同时发现皮肤对象和老化概念,two_stage_rule,False,intrinsic_skin_aging,,,,,,,,0,2025/11/24,https://www.ncbi.nlm.nih.gov/geo/query/acc.cgi?acc=GSE310460
GSE310461,Regulation of murine follicle-stimulating hormone β subunit transcription by newly identified enhancers,exclude,0,第一阶段未同时发现皮肤对象和老化概念,exclude,第一阶段未同时发现皮肤对象和老化概念,two_stage_rule,False,intrinsic_skin_aging,,,,,,,,0,2025/11/24,https://www.ncbi.nlm.nih.gov/geo/query/acc.cgi?acc=GSE310461
GSE310020,TGFα is Required for Hair Follicle Function During Aging and its Loss Leads to Progressive Alopecia,include,7,标题明确以老化/细胞衰老为主题，Overall Design 验证了皮肤来源样本,include,标题明确以老化/细胞衰老为主题，Overall Design 验证了皮肤来源样本,two_stage_rule,True,skin_appendage_aging,skin; epidermis; skin_appendage,aging_generic,skin_direct,,,,,0,2025/11/21,https://www.ncbi.nlm.nih.gov/geo/query/acc.cgi?acc=GSE310020
GSE280542,NNMT overexpression promotes tubular senescence and fibrosis in human chronic kidney disease (NNMT inhibition in TEC cells) [Series_1],exclude,-1,第一阶段未同时发现皮肤对象和老化概念,exclude,第一阶段未同时发现皮肤对象和老化概念,two_stage_rule,False,cellular_senescence,,senescence,,,,,renal,0,2025/11/20,https://www.ncbi.nlm.nih.gov/geo/query/acc.cgi?acc=GSE280542
GSE280551,NNMT overexpression promotes tubular senescence and fibrosis in human chronic kidney disease (NAM and SAM supplementation in TEC cells) [Series_2],exclude,-1,第一阶段未同时发现皮肤对象和老化概念,exclude,第一阶段未同时发现皮肤对象和老化概念,two_stage_rule,False,cellular_senescence,,senescence,,,,,renal,0,2025/11/20,https://www.ncbi.nlm.nih.gov/geo/query/acc.cgi?acc=GSE280551
GSE280552,NNMT overexpression promotes tubular senescence and fibrosis in human chronic kidney disease (Nnmt overexpressing TEC cells) [Series_3],exclude,-1,第一阶段未同时发现皮肤对象和老化概念,exclude,第一阶段未同时发现皮肤对象和老化概念,two_stage_rule,False,cellular_senescence,,senescence,,,,,renal,0,2025/11/20,https://www.ncbi.nlm.nih.gov/geo/query/acc.cgi?acc=GSE280552
GSE280554,NNMT promotes tubular senescence and fibrosis in chronic kidney disease,exclude,-1,第一阶段未同时发现皮肤对象和老化概念,exclude,第一阶段未同时发现皮肤对象和老化概念,two_stage_rule,False,cellular_senescence,,senescence,,,,,renal,0,2025/11/20,https://www.ncbi.nlm.nih.gov/geo/query/acc.cgi?acc=GSE280554
GSE282453,Ion-coupled Transfersome Complexes for Enhanced Transdermal NAD+ Repletion and Defense Against Cellular Senescence Signatures,exclude,2,第一阶段未同时发现皮肤对象和老化概念,exclude,第一阶段未同时发现皮肤对象和老化概念,two_stage_rule,False,cellular_senescence,,aging_generic; senescence,,,,,,0,2025/11/20,https://www.ncbi.nlm.nih.gov/geo/query/acc.cgi?acc=GSE282453
GSE306264,Transcriptional profiling of Hutchinson-Gilford Progeria patients identifies primary target pathways of the disease-causing progerin protein,exclude,-3,第一阶段未同时发现皮肤对象和老化概念,exclude,第一阶段未同时发现皮肤对象和老化概念,two_stage_rule,False,intrinsic_skin_aging,,aging_generic; premature_aging,,,,,systemic_premature_aging,0,2025/11/13,https://www.ncbi.nlm.nih.gov/geo/query/acc.cgi?acc=GSE306264
GSE297256,Single-Cell Mapping Reveals Age-Related Alterations in Periosteal Progenitor Cells and Immune Microenvironment Impairing Bone Regeneration,exclude,-1,第一阶段未同时发现皮肤对象和老化概念,exclude,第一阶段未同时发现皮肤对象和老化概念,two_stage_rule,False,intrinsic_skin_aging,,age_related; aging_generic; aged; senescence,,,,,skeletal_repair,0,2025/11/12,https://www.ncbi.nlm.nih.gov/geo/query/acc.cgi?acc=GSE297256
GSE293415,Major waves of H2A.Z incorporation during mouse oogenesis and preimplantation embryo development,exclude,-3,第一阶段未同时发现皮肤对象和老化概念,exclude,第一阶段未同时发现皮肤对象和老化概念,two_stage_rule,False,intrinsic_skin_aging,,,,,,,embryonic_development,0,2025/11/04,https://www.ncbi.nlm.nih.gov/geo/query/acc.cgi?acc=GSE293415
GSE303777,Single-cell RNA-seq of nevus-derived melanocytes and matching perilesional skin melanocytes,exclude,4,第一阶段未同时发现皮肤对象和老化概念,exclude,第一阶段未同时发现皮肤对象和老化概念,two_stage_rule,False,intrinsic_skin_aging,skin; melanocyte,,melanocyte_sample,,,,cancer,0,2025/11/03,https://www.ncbi.nlm.nih.gov/geo/query/acc.cgi?acc=GSE303777
GSE288952,KROX20-Notch1 Network Transcriptionally Regulates Meibomian Gland Stem Cells for Its Development and Homeostasis,exclude,0,第一阶段未同时发现皮肤对象和老化概念,exclude,第一阶段未同时发现皮肤对象和老化概念,two_stage_rule,False,intrinsic_skin_aging,,aging_generic,,,,,,0,2025/11/01,https://www.ncbi.nlm.nih.gov/geo/query/acc.cgi?acc=GSE288952
GSE289069,KROX20-Notch1 Network Transcriptionally Regulates Meibomian Gland Stem Cells for Its Development and Homeostasis [ChIP-Seq],exclude,0,第一阶段未同时发现皮肤对象和老化概念,exclude,第一阶段未同时发现皮肤对象和老化概念,two_stage_rule,False,intrinsic_skin_aging,,aging_generic,,,,,,0,2025/11/01,https://www.ncbi.nlm.nih.gov/geo/query/acc.cgi?acc=GSE289069
GSE286410,Multi-modal Omics Analysis of a Paediatric Melanoma Highlights Mechanisms Underlying Treatment Resistance [Seq],exclude,-3,第一阶段未同时发现皮肤对象和老化概念,exclude,第一阶段未同时发现皮肤对象和老化概念,two_stage_rule,False,intrinsic_skin_aging,cutaneous,,,,,,cancer,0,2025/10/20,https://www.ncbi.nlm.nih.gov/geo/query/acc.cgi?acc=GSE286410
GSE286412,Multi-modal Omics Analysis of a Paediatric Melanoma Highlights Mechanisms Underlying Treatment Resistance [methylation],exclude,-3,第一阶段未同时发现皮肤对象和老化概念,exclude,第一阶段未同时发现皮肤对象和老化概念,two_stage_rule,False,intrinsic_skin_aging,cutaneous,,,,,,cancer,0,2025/10/20,https://www.ncbi.nlm.nih.gov/geo/query/acc.cgi?acc=GSE286412
GSE215878,Effect of removal the skin macrophage on gene expression during aging,include,6,标题明确以皮肤老化为研究主问题，实验设计未发现相反证据,include,标题明确以皮肤老化为研究主问题，实验设计未发现相反证据,two_stage_rule,True,intrinsic_skin_aging,skin; dermis,aging_generic,,,,,,1,2025/10/15,https://www.ncbi.nlm.nih.gov/geo/query/acc.cgi?acc=GSE215878
GSE287008,African spiny mice show resistance to DMBA/TPA-induced squamous carcinogenesis with distinct benign tumor profile [acomys_irrad],exclude,-3,SuperSeries 的实际子研究指向非皮肤细胞，皮肤老化仅为背景,exclude,SuperSeries 的实际子研究指向非皮肤细胞，皮肤老化仅为背景,two_stage_rule,True,intrinsic_skin_aging,skin,aged,,,,,cancer,0,2025/10/15,https://www.ncbi.nlm.nih.gov/geo/query/acc.cgi?acc=GSE287008
GSE287009,African spiny mice show resistance to DMBA/TPA-induced squamous carcinogenesis with distinct benign tumor profile [acomys_dt],exclude,0,SuperSeries 的实际子研究指向非皮肤细胞，皮肤老化仅为背景,exclude,SuperSeries 的实际子研究指向非皮肤细胞，皮肤老化仅为背景,two_stage_rule,True,intrinsic_skin_aging,skin,aged,skin_direct,,,,cancer,0,2025/10/15,https://www.ncbi.nlm.nih.gov/geo/query/acc.cgi?acc=GSE287009
GSE279012,H2AK119ub dynamics controls hair follicle stem cell quiescence [RNA-Seq 1],exclude,5,第一阶段未同时发现皮肤对象和老化概念,exclude,第一阶段未同时发现皮肤对象和老化概念,two_stage_rule,False,intrinsic_skin_aging,skin; keratinocyte; skin_appendage,,skin_appendage_sample,,,,,0,2025/10/13,https://www.ncbi.nlm.nih.gov/geo/query/acc.cgi?acc=GSE279012
GSE279013,H2AK119ub dynamics controls hair follicle stem cell quiescence [RNA-Seq 2],exclude,5,第一阶段未同时发现皮肤对象和老化概念,exclude,第一阶段未同时发现皮肤对象和老化概念,two_stage_rule,False,intrinsic_skin_aging,skin; keratinocyte; skin_appendage,,skin_appendage_sample,,,,,0,2025/10/13,https://www.ncbi.nlm.nih.gov/geo/query/acc.cgi?acc=GSE279013
GSE279014,H2AK119ub dynamics controls hair follicle stem cell quiescence [CUT&Seq],exclude,5,第一阶段未同时发现皮肤对象和老化概念,exclude,第一阶段未同时发现皮肤对象和老化概念,two_stage_rule,False,intrinsic_skin_aging,skin; keratinocyte; skin_appendage,,skin_appendage_sample,,,,,0,2025/10/13,https://www.ncbi.nlm.nih.gov/geo/query/acc.cgi?acc=GSE279014
GSE138249,VEGF-mediated signaling is required and sufficient for the rejuvenation of aged human skin in vivo,include,16,明确包含皮肤样本，并设置年龄、衰老或光老化对照,include,明确包含皮肤样本，并设置年龄、衰老或光老化对照,two_stage_rule,True,rejuvenation_intervention,skin; epidermis,aged_skin; aging_generic; aged; young_vs_old; rejuvenation,skin_direct,young_vs_old,,,,1,2025/09/26,https://www.ncbi.nlm.nih.gov/geo/query/acc.cgi?acc=GSE138249
GSE243912,Dietary supplement vanadyl sulfate selectively eliminates senescent cells,exclude,4,第一阶段未同时发现皮肤对象和老化概念,exclude,第一阶段未同时发现皮肤对象和老化概念,two_stage_rule,False,cellular_senescence,,age_related; aging_generic; senescence; rejuvenation,,,anti_aging_intervention,,,0,2025/09/22,https://www.ncbi.nlm.nih.gov/geo/query/acc.cgi?acc=GSE243912
GSE268466,"Single-cell RNA sequencing of ovarian cells from mice aged 2 weeks, 3 weeks, 4 weeks, 5 weeks, and 6 weeks",exclude,-1,第一阶段未同时发现皮肤对象和老化概念,exclude,第一阶段未同时发现皮肤对象和老化概念,two_stage_rule,False,intrinsic_skin_aging,,aged,,,,,reproductive,0,2025/09/15,https://www.ncbi.nlm.nih.gov/geo/query/acc.cgi?acc=GSE268466
GSE306748,Safety and Regenerative Properties of Immortalized Human Mesenchymal Stromal Cell Secretome,exclude,0,第一阶段未同时发现皮肤对象和老化概念,exclude,第一阶段未同时发现皮肤对象和老化概念,two_stage_rule,False,intrinsic_skin_aging,,aging_generic,,,,,,0,2025/08/28,https://www.ncbi.nlm.nih.gov/geo/query/acc.cgi?acc=GSE306748
GSE276193,Integrative Single-Cell Analysis Reveals Iron Overload-Induced Senescence and Metabolic Reprogramming in Ovarian Endometriosis-Associated Infertility,exclude,-1,第一阶段未同时发现皮肤对象和老化概念,exclude,第一阶段未同时发现皮肤对象和老化概念,two_stage_rule,False,cellular_senescence,,aging_generic; senescence,,,,,reproductive,0,2025/08/27,https://www.ncbi.nlm.nih.gov/geo/query/acc.cgi?acc=GSE276193
GSE285137,A phosphorylation switch within the Mediator subunit MED15 controls cellular senescence and cognitive decline [ChIP-seq],exclude,5,第一阶段未同时发现皮肤对象和老化概念,exclude,第一阶段未同时发现皮肤对象和老化概念,two_stage_rule,False,cellular_senescence,,age_related; aging_generic; senescence,,senescent_control,,,,0,2025/08/27,https://www.ncbi.nlm.nih.gov/geo/query/acc.cgi?acc=GSE285137
GSE285138,A phosphorylation switch within the Mediator subunit MED15 controls cellular senescence and cognitive decline,exclude,5,第一阶段未同时发现皮肤对象和老化概念,exclude,第一阶段未同时发现皮肤对象和老化概念,two_stage_rule,False,cellular_senescence,,age_related; aging_generic; senescence,,senescent_control,,,,0,2025/08/27,https://www.ncbi.nlm.nih.gov/geo/query/acc.cgi?acc=GSE285138
GSE285719,A biomemetic senotherapy targeting MAT2A-mediated senescence-inflammation promotes wound regeneration through moonlighting reprogramming,exclude,2,第一阶段未同时发现皮肤对象和老化概念,exclude,第一阶段未同时发现皮肤对象和老化概念,two_stage_rule,False,aged_skin_repair,,senescence,,,,,,0,2025/08/24,https://www.ncbi.nlm.nih.gov/geo/query/acc.cgi?acc=GSE285719
GSE303093,Conserved small RNA networks link inflammation to pain signaling in mice and men,exclude,0,第一阶段未同时发现皮肤对象和老化概念,exclude,第一阶段未同时发现皮肤对象和老化概念,two_stage_rule,False,intrinsic_skin_aging,keratinocyte,,,,,,,0,2025/08/24,https://www.ncbi.nlm.nih.gov/geo/query/acc.cgi?acc=GSE303093
GSE305068,scRNA-seq Analysis of Dmp1cre-DTAki/wt and wt skin,include,12,摘要将皮肤老化作为组学实验的直接研究问题,include,摘要将皮肤老化作为组学实验的直接研究问题,two_stage_rule,True,intrinsic_skin_aging,skin,skin_aging; aging_generic,skin_direct; skin_tissue,,,,,2,2025/08/15,https://www.ncbi.nlm.nih.gov/geo/query/acc.cgi?acc=GSE305068
GSE297233,Prevalent mesenchymal drift in aging and disease is reversed by partial reprogramming [RNA-seq],exclude,2,第一阶段未同时发现皮肤对象和老化概念,exclude,第一阶段未同时发现皮肤对象和老化概念,two_stage_rule,False,intrinsic_skin_aging,,age_related; aging_generic; rejuvenation,,,,,,0,2025/08/14,https://www.ncbi.nlm.nih.gov/geo/query/acc.cgi?acc=GSE297233
GSE297234,Prevalent mesenchymal drift in aging and disease is reversed by partial reprogramming [scRNA-seq],exclude,2,第一阶段未同时发现皮肤对象和老化概念,exclude,第一阶段未同时发现皮肤对象和老化概念,two_stage_rule,False,intrinsic_skin_aging,,age_related; aging_generic; rejuvenation,,,,,,0,2025/08/14,https://www.ncbi.nlm.nih.gov/geo/query/acc.cgi?acc=GSE297234
GSE241457,NR4a knock-down in HER2 CAR-T cells improves T cell longevity and promotes solid tumor eradication [scRNA-Seq],exclude,-3,第一阶段未同时发现皮肤对象和老化概念,exclude,第一阶段未同时发现皮肤对象和老化概念,two_stage_rule,False,intrinsic_skin_aging,epidermis,,,,,,cancer,0,2025/08/01,https://www.ncbi.nlm.nih.gov/geo/query/acc.cgi?acc=GSE241457
GSE295355,Nicotinamide Mononucleotide alleviates aging defects of Hutchinson-Gilford progeria syndrome,exclude,-1,SuperSeries 的实际子研究指向非皮肤细胞，皮肤老化仅为背景,exclude,SuperSeries 的实际子研究指向非皮肤细胞，皮肤老化仅为背景,two_stage_rule,True,intrinsic_skin_aging,skin,aging_generic,,,,,systemic_premature_aging,0,2025/08/01,https://www.ncbi.nlm.nih.gov/geo/query/acc.cgi?acc=GSE295355
GSE282407,hnRNPL modulates synapsis gene and mTOR splicing to influence primordial follicle formation and activation,exclude,-3,第一阶段未同时发现皮肤对象和老化概念,exclude,第一阶段未同时发现皮肤对象和老化概念,two_stage_rule,False,intrinsic_skin_aging,,aging_generic,,,,,reproductive,0,2025/07/31,https://www.ncbi.nlm.nih.gov/geo/query/acc.cgi?acc=GSE282407
GSE299728,Urolithin A maintains primordial follicle dormancy and prevents cyclophosphamide-induced follicle loss by inhibiting the PI3K/Akt signaling,exclude,-3,第一阶段未同时发现皮肤对象和老化概念,exclude,第一阶段未同时发现皮肤对象和老化概念,two_stage_rule,False,intrinsic_skin_aging,,aged,,,,,reproductive,0,2025/07/30,https://www.ncbi.nlm.nih.gov/geo/query/acc.cgi?acc=GSE299728
GSE272762,Caulerpin alleviates cyclophosphamide -induced ovarian dysfunction by modulating macrophage-associated granulosa cells senescence in breast cancer,exclude,-4,第一阶段未同时发现皮肤对象和老化概念,exclude,第一阶段未同时发现皮肤对象和老化概念,two_stage_rule,False,cellular_senescence,,senescence,,,,,cancer; reproductive,0,2025/07/27,https://www.ncbi.nlm.nih.gov/geo/query/acc.cgi?acc=GSE272762
GSE253044,Glucocorticoid-induced alterations of skeletal stem cell-based processes,exclude,0,第一阶段未同时发现皮肤对象和老化概念,exclude,第一阶段未同时发现皮肤对象和老化概念,two_stage_rule,False,intrinsic_skin_aging,,aging_generic,,,,,,0,2025/07/25,https://www.ncbi.nlm.nih.gov/geo/query/acc.cgi?acc=GSE253044
GSE290637,"RNA-seq of aging mouse skin treated with red light, compared to untreated controls",include,14,标题明确以老化/细胞衰老为主题，Overall Design 验证了皮肤来源样本,include,标题明确以老化/细胞衰老为主题，Overall Design 验证了皮肤来源样本,two_stage_rule,True,intrinsic_skin_aging,skin,aging_generic,skin_direct; skin_tissue,,,,,2,2025/07/19,https://www.ncbi.nlm.nih.gov/geo/query/acc.cgi?acc=GSE290637
GSE294094,EFFECTS OF AGED GARLIC EXTRACT MAY DIFFER BETWEEN NORMAL CELLS AND CANCER CELLS,exclude,-1,第一阶段未同时发现皮肤对象和老化概念,exclude,第一阶段未同时发现皮肤对象和老化概念,two_stage_rule,False,intrinsic_skin_aging,,aged,,,,,cancer,0,2025/07/16,https://www.ncbi.nlm.nih.gov/geo/query/acc.cgi?acc=GSE294094
GSE228600,NR2F1 underlies persistence of residual disease in BRAF-mutant melanoma,exclude,-3,SuperSeries 的实际子研究指向非皮肤细胞，皮肤老化仅为背景,exclude,SuperSeries 的实际子研究指向非皮肤细胞，皮肤老化仅为背景,two_stage_rule,True,intrinsic_skin_aging,cutaneous,young_vs_old,,,,,cancer,0,2025/07/08,https://www.ncbi.nlm.nih.gov/geo/query/acc.cgi?acc=GSE228600
GSE158611,Antagonistic stem cell fates under stress govern decisions between hair greying and melanoma [array],exclude,2,研究核心为肿瘤，缺少皮肤老化样本与年龄对照的共同证据,exclude,研究核心为肿瘤，缺少皮肤老化样本与年龄对照的共同证据,two_stage_rule,True,intrinsic_skin_aging,melanocyte; skin_appendage,skin_appendage_aging_phenotype; aging_generic; senescence,skin_appendage_sample,,,,cancer,0,2025/07/07,https://www.ncbi.nlm.nih.gov/geo/query/acc.cgi?acc=GSE158611
GSE230785,"Transcriptomic Profiling of SARS-CoV-2 Spike Protein S1 Subunit Mediated Changes in Human Vascular -Pericytes, -Endothelial cells (ECs), -Smooth Muscle Cells and Lymphatic ECs: Evidence for Differential Gene Regulation",exclude,0,第一阶段未同时发现皮肤对象和老化概念,exclude,第一阶段未同时发现皮肤对象和老化概念,two_stage_rule,False,intrinsic_skin_aging,,senescence,,,,,,0,2025/07/07,https://www.ncbi.nlm.nih.gov/geo/query/acc.cgi?acc=GSE230785
GSE248613,Antagonistic stem cell fates under stress govern decisions between hair greying and melanoma [array],exclude,-1,SuperSeries 的实际子研究指向非皮肤细胞，皮肤老化仅为背景,exclude,SuperSeries 的实际子研究指向非皮肤细胞，皮肤老化仅为背景,two_stage_rule,True,intrinsic_skin_aging,melanocyte,skin_appendage_aging_phenotype; aging_generic; senescence,,,,,cancer,0,2025/07/07,https://www.ncbi.nlm.nih.gov/geo/query/acc.cgi?acc=GSE248613
GSE248614,Antagonistic stem cell fates under stress govern decisions between hair greying and melanoma [RNA-seq],exclude,5,研究核心为肿瘤，缺少皮肤老化样本与年龄对照的共同证据,exclude,研究核心为肿瘤，缺少皮肤老化样本与年龄对照的共同证据,two_stage_rule,True,intrinsic_skin_aging,skin; melanocyte; skin_appendage,skin_appendage_aging_phenotype; age_related; aging_generic; aged; young_vs_old; senescence,skin_appendage_sample,young_vs_old,,,cancer,0,2025/07/07,https://www.ncbi.nlm.nih.gov/geo/query/acc.cgi?acc=GSE248614
GSE248615,Antagonistic stem cell fates under stress govern decisions between hair greying and melanoma,exclude,-1,第一阶段未同时发现皮肤对象和老化概念,exclude,第一阶段未同时发现皮肤对象和老化概念,two_stage_rule,False,intrinsic_skin_aging,,skin_appendage_aging_phenotype,,,,,cancer,0,2025/07/07,https://www.ncbi.nlm.nih.gov/geo/query/acc.cgi?acc=GSE248615
GSE249074,Antagonistic stem cell fates under stress govern decisions between hair greying and melanoma [RNA-Seq],exclude,-1,SuperSeries 的实际子研究指向非皮肤细胞，皮肤老化仅为背景,exclude,SuperSeries 的实际子研究指向非皮肤细胞，皮肤老化仅为背景,two_stage_rule,True,intrinsic_skin_aging,melanocyte,skin_appendage_aging_phenotype; aging_generic; senescence,,,,,cancer,0,2025/07/07,https://www.ncbi.nlm.nih.gov/geo/query/acc.cgi?acc=GSE249074
GSE252031,Antagonistic stem cell fates under stress govern decisions between hair greying and melanoma [scRNA-Seq],exclude,5,研究核心为肿瘤，缺少皮肤老化样本与年龄对照的共同证据,exclude,研究核心为肿瘤，缺少皮肤老化样本与年龄对照的共同证据,two_stage_rule,True,intrinsic_skin_aging,skin; melanocyte,skin_appendage_aging_phenotype; aging_generic; young_vs_old; senescence,melanocyte_sample,young_vs_old,,,cancer,0,2025/07/07,https://www.ncbi.nlm.nih.gov/geo/query/acc.cgi?acc=GSE252031
GSE299729,"Overexpression of NPY leads to a progressive, cutaneous inflammatory fibrotic response in mouse skin.",include,9,摘要将皮肤老化作为组学实验的直接研究问题,include,摘要将皮肤老化作为组学实验的直接研究问题,two_stage_rule,True,intrinsic_skin_aging,skin; cutaneous; epidermis; dermis,skin_appendage_aging_phenotype,skin_direct,,,,,1,2025/06/20,https://www.ncbi.nlm.nih.gov/geo/query/acc.cgi?acc=GSE299729
GSE297406,Unveiling Aging Heterogeneities in Human Dermal Fibroblasts via Nanosensor Chemical Cytometry,include,14,标题明确以老化/细胞衰老为主题，Overall Design 验证了皮肤来源样本,include,标题明确以老化/细胞衰老为主题，Overall Design 验证了皮肤来源样本,two_stage_rule,True,intrinsic_skin_aging,dermis; dermal_fibroblast,aging_generic,dermal_sample; hdf,,,,,1,2025/06/19,https://www.ncbi.nlm.nih.gov/geo/query/acc.cgi?acc=GSE297406
GSE267431,Inactivation of histone chaperone HIRA unmasks a link between normal embryonic development of melanoblasts and maintenance of adult melanocyte stem cells (ATAC-Seq),exclude,2,同时命中皮肤和老化词，但缺少主研究问题与样本证据,exclude,同时命中皮肤和老化词，但缺少主研究问题与样本证据,two_stage_rule,True,intrinsic_skin_aging,melanocyte,skin_appendage_aging_phenotype; aging_generic,melanocyte_sample,,,,embryonic_development,0,2025/06/11,https://www.ncbi.nlm.nih.gov/geo/query/acc.cgi?acc=GSE267431
GSE267432,Inactivation of histone chaperone HIRA unmasks a link between normal embryonic development of melanoblasts and maintenance of adult melanocyte stem cells (RNA-Seq),exclude,2,同时命中皮肤和老化词，但缺少主研究问题与样本证据,exclude,同时命中皮肤和老化词，但缺少主研究问题与样本证据,two_stage_rule,True,intrinsic_skin_aging,melanocyte,skin_appendage_aging_phenotype; aging_generic,melanocyte_sample,,,,embryonic_development,0,2025/06/11,https://www.ncbi.nlm.nih.gov/geo/query/acc.cgi?acc=GSE267432
GSE297984,Chemical reprogramming ameliorates cellular hallmarks of aging and extends lifespan,exclude,2,第一阶段未同时发现皮肤对象和老化概念,exclude,第一阶段未同时发现皮肤对象和老化概念,two_stage_rule,False,intrinsic_skin_aging,,age_related; aging_generic; aged; senescence,,,,,,0,2025/06/10,https://www.ncbi.nlm.nih.gov/geo/query/acc.cgi?acc=GSE297984
GSE299043,Multimodal profiling reveals tissue-directed signatures of human immune cells altered with age,exclude,0,第一阶段未同时发现皮肤对象和老化概念,exclude,第一阶段未同时发现皮肤对象和老化概念,two_stage_rule,False,intrinsic_skin_aging,,age_related; aged,,,,,,0,2025/06/06,https://www.ncbi.nlm.nih.gov/geo/query/acc.cgi?acc=GSE299043
GSE298073,Targeting inflammatory macrophages with hyaluronan tetrasaccharide: effects on fibroblast collagen degradation and synthesis [1],exclude,2,同时命中皮肤和老化词，但缺少主研究问题与样本证据,exclude,同时命中皮肤和老化词，但缺少主研究问题与样本证据,two_stage_rule,True,intrinsic_skin_aging,skin; dermis; dermal_fibroblast,photoaging,,,,,,1,2025/06/05,https://www.ncbi.nlm.nih.gov/geo/query/acc.cgi?acc=GSE298073
GSE298076,Targeting inflammatory macrophages with hyaluronan tetrasaccharide: effects on fibroblast collagen degradation and synthesis [2],include,5,摘要将皮肤老化作为组学实验的直接研究问题,include,摘要将皮肤老化作为组学实验的直接研究问题,two_stage_rule,True,intrinsic_skin_aging,skin; dermis; dermal_fibroblast,photoaging,dermal_sample,,,,,1,2025/06/05,https://www.ncbi.nlm.nih.gov/geo/query/acc.cgi?acc=GSE298076
GSE293225,Changes in gene expression patterns in young and senescent fibroblasts in glycated three-dimensional collagen matrices,include,10,明确包含皮肤样本，并设置年龄、衰老或光老化对照,include,明确包含皮肤样本，并设置年龄、衰老或光老化对照,two_stage_rule,True,cellular_senescence,dermis; dermal_fibroblast,age_related; aging_generic; senescence,dermal_sample,senescent_control,,,,1,2025/06/04,https://www.ncbi.nlm.nih.gov/geo/query/acc.cgi?acc=GSE293225
GSE281390,α-Arbutin Prevents UVA-Induced Skin Photodamage via Alleviating DNA Damage and Collagen Degradation in NIH-3T3 cells,exclude,2,同时命中皮肤和老化词，但缺少主研究问题与样本证据,exclude,同时命中皮肤和老化词，但缺少主研究问题与样本证据,two_stage_rule,True,intrinsic_skin_aging,skin,aging_generic,,,,,,0,2025/06/01,https://www.ncbi.nlm.nih.gov/geo/query/acc.cgi?acc=GSE281390
GSE296578,Transcriptional characterisation of skin tissues from photoaged mice and mice treated with alpha-ketobutyrate (α-KB).,include,14,明确包含皮肤样本，并设置年龄、衰老或光老化对照,include,明确包含皮肤样本，并设置年龄、衰老或光老化对照,two_stage_rule,True,photoaging,skin,photoaging,skin_tissue,photoaging_model,aged_skin_treatment,,,1,2025/05/31,https://www.ncbi.nlm.nih.gov/geo/query/acc.cgi?acc=GSE296578
GSE146559,Genome wide mapping of histone mark and transcription factor binding in the context of experiments exploring the enhancer program of senescence I,exclude,2,第一阶段未同时发现皮肤对象和老化概念,exclude,第一阶段未同时发现皮肤对象和老化概念,two_stage_rule,False,cellular_senescence,,senescence,,,,,,0,2025/05/30,https://www.ncbi.nlm.nih.gov/geo/query/acc.cgi?acc=GSE146559
GSE146562,Genome wide mapping of JMJD6 binding in the context of experiments exploring the enhancer program of senescence,exclude,2,第一阶段未同时发现皮肤对象和老化概念,exclude,第一阶段未同时发现皮肤对象和老化概念,two_stage_rule,False,cellular_senescence,,senescence,,,,,,0,2025/05/30,https://www.ncbi.nlm.nih.gov/geo/query/acc.cgi?acc=GSE146562
GSE146564,Genome wide mapping of NFI and SMAD2/3 binding in senescence,exclude,2,第一阶段未同时发现皮肤对象和老化概念,exclude,第一阶段未同时发现皮肤对象和老化概念,two_stage_rule,False,cellular_senescence,,senescence,,,,,,0,2025/05/30,https://www.ncbi.nlm.nih.gov/geo/query/acc.cgi?acc=GSE146564
GSE146565,Genome wide mapping of the effect of JMJD6 knockdown upon H4R3me2s in the context of replicative senescence,exclude,5,第一阶段未同时发现皮肤对象和老化概念,exclude,第一阶段未同时发现皮肤对象和老化概念,two_stage_rule,False,cellular_senescence,,senescence,,replicative_aging,,,,0,2025/05/30,https://www.ncbi.nlm.nih.gov/geo/query/acc.cgi?acc=GSE146565
GSE146566,The effect of rapamycin upon the enhancer landscape in the context of replicative senescence,exclude,5,第一阶段未同时发现皮肤对象和老化概念,exclude,第一阶段未同时发现皮肤对象和老化概念,two_stage_rule,False,cellular_senescence,,senescence,,replicative_aging,,,,0,2025/05/30,https://www.ncbi.nlm.nih.gov/geo/query/acc.cgi?acc=GSE146566
GSE146569,Genome wide mapping of the effects of SMAD2/3 ligand treatment upon the distribution of senescence associated transcription factors,exclude,2,第一阶段未同时发现皮肤对象和老化概念,exclude,第一阶段未同时发现皮肤对象和老化概念,two_stage_rule,False,cellular_senescence,,senescence,,,,,,0,2025/05/30,https://www.ncbi.nlm.nih.gov/geo/query/acc.cgi?acc=GSE146569
GSE146570,Genome wide mapping of nascent transcription in the progression of replicative senescence,exclude,5,第一阶段未同时发现皮肤对象和老化概念,exclude,第一阶段未同时发现皮肤对象和老化概念,two_stage_rule,False,cellular_senescence,,senescence,,replicative_aging,,,,0,2025/05/30,https://www.ncbi.nlm.nih.gov/geo/query/acc.cgi?acc=GSE146570
GSE146571,Genome wide mapping of histone mark and transcription factor binding in the context of experiments exploring the enhancer program of senescence II,exclude,2,第一阶段未同时发现皮肤对象和老化概念,exclude,第一阶段未同时发现皮肤对象和老化概念,two_stage_rule,False,cellular_senescence,,senescence,,,,,,0,2025/05/30,https://www.ncbi.nlm.nih.gov/geo/query/acc.cgi?acc=GSE146571
GSE146572,Genome wide mapping of open chromatin in senescence cells upon knockdown of senescence associated transcription factors,exclude,2,第一阶段未同时发现皮肤对象和老化概念,exclude,第一阶段未同时发现皮肤对象和老化概念,two_stage_rule,False,cellular_senescence,,senescence,,,,,,0,2025/05/30,https://www.ncbi.nlm.nih.gov/geo/query/acc.cgi?acc=GSE146572
GSE146575,Genome wide expression analysis of the impact of rapamycin and DOT1L inhibitor treatment upon the progression of replicative senescence,exclude,5,第一阶段未同时发现皮肤对象和老化概念,exclude,第一阶段未同时发现皮肤对象和老化概念,two_stage_rule,False,cellular_senescence,,senescence,,replicative_aging,,,,0,2025/05/30,https://www.ncbi.nlm.nih.gov/geo/query/acc.cgi?acc=GSE146575
GSE146576,Genome wide expression analysis of the impact of JMJD6 knockdown upon the senescent transcription program.,exclude,2,第一阶段未同时发现皮肤对象和老化概念,exclude,第一阶段未同时发现皮肤对象和老化概念,two_stage_rule,False,cellular_senescence,,senescence,,,,,,0,2025/05/30,https://www.ncbi.nlm.nih.gov/geo/query/acc.cgi?acc=GSE146576
GSE146578,Genome wide expression analysis of the effect of senescence associated transcription factor knockdown upon the transcription of senescent cells.,exclude,2,第一阶段未同时发现皮肤对象和老化概念,exclude,第一阶段未同时发现皮肤对象和老化概念,two_stage_rule,False,cellular_senescence,,senescence,,,,,,0,2025/05/30,https://www.ncbi.nlm.nih.gov/geo/query/acc.cgi?acc=GSE146578
GSE146580,Genome wide expression analysis of senescent BJ fibroblasts in the presence or absence of various SMAD2/3 regulating molecules,exclude,2,第一阶段未同时发现皮肤对象和老化概念,exclude,第一阶段未同时发现皮肤对象和老化概念,two_stage_rule,False,cellular_senescence,,senescence,,,,,,0,2025/05/30,https://www.ncbi.nlm.nih.gov/geo/query/acc.cgi?acc=GSE146580
GSE146584,"Examining changes in the chromosomal interaction network in replicative senescent, rapamycin treatment, and p65 inhibition",exclude,2,第一阶段未同时发现皮肤对象和老化概念,exclude,第一阶段未同时发现皮肤对象和老化概念,two_stage_rule,False,cellular_senescence,,senescence,,,,,,0,2025/05/30,https://www.ncbi.nlm.nih.gov/geo/query/acc.cgi?acc=GSE146584
GSE146585,"Functional genomics assays, including ChIP-seq, ATAC-seq, RNA-seq, GRO-seq, and in situ Hi-C, in the context of replicative senescence",exclude,5,第一阶段未同时发现皮肤对象和老化概念,exclude,第一阶段未同时发现皮肤对象和老化概念,two_stage_rule,False,cellular_senescence,,senescence,,replicative_aging,,,,0,2025/05/30,https://www.ncbi.nlm.nih.gov/geo/query/acc.cgi?acc=GSE146585
GSE278079,Transcriptional study of the home-use TriPollar radiofrequency device on mice skin,exclude,2,同时命中皮肤和老化词，但缺少主研究问题与样本证据,exclude,同时命中皮肤和老化词，但缺少主研究问题与样本证据,two_stage_rule,True,intrinsic_skin_aging,skin,skin_aging; aging_generic,,,,,,0,2025/05/22,https://www.ncbi.nlm.nih.gov/geo/query/acc.cgi?acc=GSE278079
GSE203635,Transcriptomics provides novel insights into the regulatory mechanism of Panax notoginseng exosome-like nanoparticles in HSF,exclude,0,同时命中皮肤和老化词，但缺少主研究问题与样本证据,exclude,同时命中皮肤和老化词，但缺少主研究问题与样本证据,two_stage_rule,True,intrinsic_skin_aging,skin,skin_aging; aging_generic,,,,,,0,2025/05/16,https://www.ncbi.nlm.nih.gov/geo/query/acc.cgi?acc=GSE203635
GSE288730,Organism-wide cellular dynamics and epigenomic remodeling in mammalian aging,exclude,5,第一阶段未同时发现皮肤对象和老化概念,exclude,第一阶段未同时发现皮肤对象和老化概念,two_stage_rule,False,intrinsic_skin_aging,,age_related; aging_generic,skin_direct,,,,,0,2025/05/15,https://www.ncbi.nlm.nih.gov/geo/query/acc.cgi?acc=GSE288730
GSE297097,The ImmgenT Open-Source project,exclude,0,第一阶段未同时发现皮肤对象和老化概念,exclude,第一阶段未同时发现皮肤对象和老化概念,two_stage_rule,False,intrinsic_skin_aging,,,,,,,,0,2025/05/14,https://www.ncbi.nlm.nih.gov/geo/query/acc.cgi?acc=GSE297097
GSE296209,Effects of hyperbaric oxygen on tissue-specific aging and senescence in mice and human stromal cells,exclude,11,SuperSeries 的实际子研究指向非皮肤细胞，皮肤老化仅为背景,exclude,SuperSeries 的实际子研究指向非皮肤细胞，皮肤老化仅为背景,two_stage_rule,True,cellular_senescence,skin,aging_generic; aged; young_vs_old; senescence,skin_direct,,,,,2,2025/05/09,https://www.ncbi.nlm.nih.gov/geo/query/acc.cgi?acc=GSE296209
GSE278288,Engineering Fibroblast with Reprogramming and Spheronization for Bone Defect Repair,exclude,-3,第一阶段未同时发现皮肤对象和老化概念,exclude,第一阶段未同时发现皮肤对象和老化概念,two_stage_rule,False,intrinsic_skin_aging,,aging_generic,,,,,skeletal_repair,0,2025/05/07,https://www.ncbi.nlm.nih.gov/geo/query/acc.cgi?acc=GSE278288
GSE278615,Engineering Fibroblast with Reprogramming and Spheronization for Bone Defect Repair,exclude,-3,第一阶段未同时发现皮肤对象和老化概念,exclude,第一阶段未同时发现皮肤对象和老化概念,two_stage_rule,False,intrinsic_skin_aging,,aging_generic,,,,,skeletal_repair,0,2025/05/07,https://www.ncbi.nlm.nih.gov/geo/query/acc.cgi?acc=GSE278615
GSE266467,AGED CD8+ T CELLS DRIVE COGNITIVE DECLINE VIA GZMK [parabiosis],exclude,2,第一阶段未同时发现皮肤对象和老化概念,exclude,第一阶段未同时发现皮肤对象和老化概念,two_stage_rule,False,intrinsic_skin_aging,,age_related; aging_generic; aged; young_vs_old,,,,,,0,2025/05/02,https://www.ncbi.nlm.nih.gov/geo/query/acc.cgi?acc=GSE266467
GSE295189,"Fibulin-5, an integrin-binging matricellular protein, maintains epidermal stem cell heterogeneity during skin aging",include,18,标题明确以老化/细胞衰老为主题，Overall Design 验证了皮肤来源样本,include,标题明确以老化/细胞衰老为主题，Overall Design 验证了皮肤来源样本,two_stage_rule,True,intrinsic_skin_aging,skin; epidermis; keratinocyte; skin_stem_cell,skin_aging; chronological_aging; aging_generic,skin_direct; epidermal_sample,,,,,1,2025/05/01,https://www.ncbi.nlm.nih.gov/geo/query/acc.cgi?acc=GSE295189
GSE294791,ANTXR2 Deficiency Promotes Cellular Senescence and Chondroid Differentiation in Hyaline Fibromatosis Syndrome Fibroblasts,exclude,2,研究核心为特定疾病模型，未直接研究皮肤老化,exclude,研究核心为特定疾病模型，未直接研究皮肤老化,two_stage_rule,True,cellular_senescence,dermis; dermal_fibroblast,senescence,dermal_sample,,,,other_disease,0,2025/04/30,https://www.ncbi.nlm.nih.gov/geo/query/acc.cgi?acc=GSE294791
GSE276511,Big data-driven target identification by machine learning: DRD2 as a therapeutic target for psoriasis.,exclude,-3,第一阶段未同时发现皮肤对象和老化概念,exclude,第一阶段未同时发现皮肤对象和老化概念,two_stage_rule,False,intrinsic_skin_aging,,,,,,,other_disease,0,2025/04/28,https://www.ncbi.nlm.nih.gov/geo/query/acc.cgi?acc=GSE276511
GSE286316,Unveiling a Novel in-vitro Model of Skin Inflamm-Aging: Validation of Terminalia chebula Extract and Supermolecular Bakuchiol for Reversal of Inflamm-Aging,include,4,标题明确以皮肤老化为研究主问题，实验设计未发现相反证据,include,标题明确以皮肤老化为研究主问题，实验设计未发现相反证据,two_stage_rule,True,intrinsic_skin_aging,skin,aging_generic; senescence,,,,,,0,2025/04/16,https://www.ncbi.nlm.nih.gov/geo/query/acc.cgi?acc=GSE286316
GSE251705,Convergent evolution of monocyte differentiation in adult skin instructs Langerhans cell identity,exclude,2,第一阶段未同时发现皮肤对象和老化概念,exclude,第一阶段未同时发现皮肤对象和老化概念,two_stage_rule,False,intrinsic_skin_aging,skin; epidermis; skin_appendage,,,,,,,0,2025/04/03,https://www.ncbi.nlm.nih.gov/geo/query/acc.cgi?acc=GSE251705
GSE263864,BDNF secreted by mesenchymal stem cells improves the quality and development potential of aged oocytes by activating the ERK1/2 signaling pathway,exclude,-1,第一阶段未同时发现皮肤对象和老化概念,exclude,第一阶段未同时发现皮肤对象和老化概念,two_stage_rule,False,intrinsic_skin_aging,,age_related; aged,,,,,reproductive,0,2025/04/02,https://www.ncbi.nlm.nih.gov/geo/query/acc.cgi?acc=GSE263864
GSE293575,HyDrop v2: Scalable atlas construction for training sequence-to-function models,exclude,0,第一阶段未同时发现皮肤对象和老化概念,exclude,第一阶段未同时发现皮肤对象和老化概念,two_stage_rule,False,intrinsic_skin_aging,,aging_generic,,,,,,0,2025/04/02,https://www.ncbi.nlm.nih.gov/geo/query/acc.cgi?acc=GSE293575
GSE270902,Twist1-induced suppression of oncogene-induced senescence in non-small cell lung cancer requires the transactivation domain of Twist1,exclude,-4,第一阶段未同时发现皮肤对象和老化概念,exclude,第一阶段未同时发现皮肤对象和老化概念,two_stage_rule,False,cellular_senescence,,senescence,,,,,cancer; lung,0,2025/03/31,https://www.ncbi.nlm.nih.gov/geo/query/acc.cgi?acc=GSE270902
GSE292398,An Improved Human 3D Skin Model for Aging Research,include,8,标题明确以皮肤老化为研究主问题，实验设计未发现相反证据,include,标题明确以皮肤老化为研究主问题，实验设计未发现相反证据,two_stage_rule,True,intrinsic_skin_aging,skin; epidermis; dermis; dermal_fibroblast; keratinocyte; skin_model,skin_aging; aged_skin; chronological_aging; aging_generic; aged; senescence,,,,,,3,2025/03/31,https://www.ncbi.nlm.nih.gov/geo/query/acc.cgi?acc=GSE292398
GSE269752,"Transcriptomic analysis of FLCNLiKO, a study performed on males and females at 12- and 90-weeks of age",exclude,0,第一阶段未同时发现皮肤对象和老化概念,exclude,第一阶段未同时发现皮肤对象和老化概念,two_stage_rule,False,intrinsic_skin_aging,skin,,,,,,,0,2025/03/28,https://www.ncbi.nlm.nih.gov/geo/query/acc.cgi?acc=GSE269752
GSE268564,A subset of human dermal fibroblasts overexpressing Cockayne syndrome group B protein resist UVB radiation-mediated premature senescence,include,12,明确包含皮肤样本，并设置年龄、衰老或光老化对照,include,明确包含皮肤样本，并设置年龄、衰老或光老化对照,two_stage_rule,True,cellular_senescence,skin; epidermis; dermis; dermal_fibroblast,photoaging; aging_generic; senescence,dermal_sample,senescent_control,,,,0,2025/03/19,https://www.ncbi.nlm.nih.gov/geo/query/acc.cgi?acc=GSE268564
GSE288224,Transient Pharmacological Inhibition of SUMOylation during Pregnancy Induces Craniofacial Malformations in Offspring Mice,exclude,0,第一阶段未同时发现皮肤对象和老化概念,exclude,第一阶段未同时发现皮肤对象和老化概念,two_stage_rule,False,intrinsic_skin_aging,,,,,,,,0,2025/03/11,https://www.ncbi.nlm.nih.gov/geo/query/acc.cgi?acc=GSE288224
GSE290228,Epidermal loss of PRMT5 leads to the emergence of an atypical basal keratinocyte-like cell population and defective skin stratification,exclude,13,实验对象为胚胎皮肤发育，衰老程序仅为分子表型描述,exclude,实验对象为胚胎皮肤发育，衰老程序仅为分子表型描述,two_stage_rule,True,intrinsic_skin_aging,skin; epidermis; keratinocyte,senescence,skin_direct; skin_tissue,,,,embryonic_development,2,2025/03/11,https://www.ncbi.nlm.nih.gov/geo/query/acc.cgi?acc=GSE290228
GSE291330,Epidermal loss of PRMT5 leads to the emergence of an atypical basal keratinocyte-like cell population and defective skin stratification [multiome],exclude,13,实验对象为胚胎皮肤发育，衰老程序仅为分子表型描述,exclude,实验对象为胚胎皮肤发育，衰老程序仅为分子表型描述,two_stage_rule,True,intrinsic_skin_aging,skin; epidermis; keratinocyte,senescence,skin_direct; skin_tissue,,,,embryonic_development,2,2025/03/11,https://www.ncbi.nlm.nih.gov/geo/query/acc.cgi?acc=GSE291330
GSE290668,"A novel butyrate derivative, zinc dibutyroyllysinate, blunts MITF expression and up-regulates retinol and differentiation pathway mRNAs in a full-thickness human skin model",exclude,2,同时命中皮肤和老化词，但缺少主研究问题与样本证据,exclude,同时命中皮肤和老化词，但缺少主研究问题与样本证据,two_stage_rule,True,intrinsic_skin_aging,skin; epidermis; melanocyte; skin_model,aging_generic,,,,,,0,2025/03/03,https://www.ncbi.nlm.nih.gov/geo/query/acc.cgi?acc=GSE290668
GSE290476,TFEB Orchestrates Stress Recovery and Paves the Way for Senescence Induction in Human Dermal Fibroblasts,include,11,标题明确以老化/细胞衰老为主题，Overall Design 验证了皮肤来源样本,include,标题明确以老化/细胞衰老为主题，Overall Design 验证了皮肤来源样本,two_stage_rule,True,cellular_senescence,dermis; dermal_fibroblast,senescence,dermal_sample,,,,,1,2025/03/02,https://www.ncbi.nlm.nih.gov/geo/query/acc.cgi?acc=GSE290476
GSE284483,The Therapeutic Potential of mRNA-Mediated Type III Collagen Delivery for Photoaged Skin,include,14,明确包含皮肤样本，并设置年龄、衰老或光老化对照,include,明确包含皮肤样本，并设置年龄、衰老或光老化对照,two_stage_rule,True,photoaging,skin,skin_aging; photoaging; chronological_aging; aging_generic,skin_direct,photoaging_model,aged_skin_treatment,,,1,2025/03/01,https://www.ncbi.nlm.nih.gov/geo/query/acc.cgi?acc=GSE284483
GSE289784,Safety and Efficacy of Atuzabrutinib Topical Gel in Patients with Mild-to-Moderate Atopic Dermatitis: Findings from Phase 2a Trial,exclude,0,同时命中皮肤和老化词，但缺少主研究问题与样本证据,exclude,同时命中皮肤和老化词，但缺少主研究问题与样本证据,two_stage_rule,True,intrinsic_skin_aging,skin,aged,,,,,,0,2025/03/01,https://www.ncbi.nlm.nih.gov/geo/query/acc.cgi?acc=GSE289784
GSE290450,Mapping the Molecular Signature of Progressive Multiple Sclerosis [194017],exclude,0,第一阶段未同时发现皮肤对象和老化概念,exclude,第一阶段未同时发现皮肤对象和老化概念,two_stage_rule,False,intrinsic_skin_aging,,,,,,,,0,2025/02/26,https://www.ncbi.nlm.nih.gov/geo/query/acc.cgi?acc=GSE290450
GSE290554,Mapping the Molecular Signature of Progressive Multiple Sclerosis,exclude,0,第一阶段未同时发现皮肤对象和老化概念,exclude,第一阶段未同时发现皮肤对象和老化概念,two_stage_rule,False,intrinsic_skin_aging,,,,,,,,0,2025/02/26,https://www.ncbi.nlm.nih.gov/geo/query/acc.cgi?acc=GSE290554
GSE262772,Limited Cell-Autonomous Anticancer Mechanisms in Long-Lived Bats,exclude,2,第一阶段未同时发现皮肤对象和老化概念,exclude,第一阶段未同时发现皮肤对象和老化概念,two_stage_rule,False,intrinsic_skin_aging,,aging_generic; senescence; rejuvenation,,,anti_aging_intervention,,,0,2025/02/21,https://www.ncbi.nlm.nih.gov/geo/query/acc.cgi?acc=GSE262772
GSE276308,Two mutations associated with leukemia that change a single tyrosine residue in the STAT5B SH2 domain have opposite effects on the transcriptional programs controlling hematopoiesis [ChIP-seq],exclude,-3,第一阶段未同时发现皮肤对象和老化概念,exclude,第一阶段未同时发现皮肤对象和老化概念,two_stage_rule,False,intrinsic_skin_aging,skin,,,,,,cancer,0,2025/02/12,https://www.ncbi.nlm.nih.gov/geo/query/acc.cgi?acc=GSE276308
GSE276311,Two mutations associated with leukemia that change a single tyrosine residue in the STAT5B SH2 domain have opposite effects on the transcriptional programs controlling hematopoiesis [RNA-seq],exclude,-3,第一阶段未同时发现皮肤对象和老化概念,exclude,第一阶段未同时发现皮肤对象和老化概念,two_stage_rule,False,intrinsic_skin_aging,skin,,,,,,cancer,0,2025/02/12,https://www.ncbi.nlm.nih.gov/geo/query/acc.cgi?acc=GSE276311
GSE276312,Two mutations associated with leukemia that change a single tyrosine residue in the STAT5B SH2 domain have opposite effects on the transcriptional programs controlling hematopoiesis [scRNA-seq],exclude,-3,第一阶段未同时发现皮肤对象和老化概念,exclude,第一阶段未同时发现皮肤对象和老化概念,two_stage_rule,False,intrinsic_skin_aging,skin,,,,,,cancer,0,2025/02/12,https://www.ncbi.nlm.nih.gov/geo/query/acc.cgi?acc=GSE276312
GSE280465,Cross-Tissue Comparison of Epigenetic Aging Clocks in Humans,exclude,2,SuperSeries 的实际子研究指向非皮肤细胞，皮肤老化仅为背景,exclude,SuperSeries 的实际子研究指向非皮肤细胞，皮肤老化仅为背景,two_stage_rule,True,intrinsic_skin_aging,skin,chronological_aging; age_related; aging_generic; aged,,,,,,0,2025/02/07,https://www.ncbi.nlm.nih.gov/geo/query/acc.cgi?acc=GSE280465
GSE287292,Investigate the effect of cardiomyocyte-specific deletion of Trbp in transaortic constriction model in mice,exclude,0,第一阶段未同时发现皮肤对象和老化概念,exclude,第一阶段未同时发现皮肤对象和老化概念,two_stage_rule,False,intrinsic_skin_aging,,,,,,,,0,2025/01/31,https://www.ncbi.nlm.nih.gov/geo/query/acc.cgi?acc=GSE287292
GSE280770,Investigate the effect of high-glucose treatment in mouse endothelial cell,exclude,0,第一阶段未同时发现皮肤对象和老化概念,exclude,第一阶段未同时发现皮肤对象和老化概念,two_stage_rule,False,intrinsic_skin_aging,skin,,,,,,,0,2025/01/23,https://www.ncbi.nlm.nih.gov/geo/query/acc.cgi?acc=GSE280770
GSE276851,Single-cell analysis of the epigenome and 3D chromatin architecture in the human retina [bulk_ATAC],exclude,0,第一阶段未同时发现皮肤对象和老化概念,exclude,第一阶段未同时发现皮肤对象和老化概念,two_stage_rule,False,intrinsic_skin_aging,,,,,,,,0,2025/01/15,https://www.ncbi.nlm.nih.gov/geo/query/acc.cgi?acc=GSE276851
GSE277326,Single-cell analysis of the epigenome and 3D chromatin architecture in the human retina [10x multiome],exclude,0,第一阶段未同时发现皮肤对象和老化概念,exclude,第一阶段未同时发现皮肤对象和老化概念,two_stage_rule,False,intrinsic_skin_aging,,,,,,,,0,2025/01/15,https://www.ncbi.nlm.nih.gov/geo/query/acc.cgi?acc=GSE277326
GSE277361,Single-cell analysis of the epigenome and 3D chromatin architecture in the human retina [snm3c-seq],exclude,0,第一阶段未同时发现皮肤对象和老化概念,exclude,第一阶段未同时发现皮肤对象和老化概念,two_stage_rule,False,intrinsic_skin_aging,,,,,,,,0,2025/01/15,https://www.ncbi.nlm.nih.gov/geo/query/acc.cgi?acc=GSE277361
GSE286963,C/EBPβ suppresses keratinocyte autonomous type 1 IFN response and p53 to increase cell survival and susceptibility to UVB-induced skin cancer,exclude,1,研究核心为肿瘤，缺少皮肤老化样本与年龄对照的共同证据,exclude,研究核心为肿瘤，缺少皮肤老化样本与年龄对照的共同证据,two_stage_rule,True,intrinsic_skin_aging,skin; epidermis; keratinocyte,senescence,,,,,cancer,0,2025/01/15,https://www.ncbi.nlm.nih.gov/geo/query/acc.cgi?acc=GSE286963
GSE250322,Centromere inactivation during aging can be rescued in human cells,exclude,2,第一阶段未同时发现皮肤对象和老化概念,exclude,第一阶段未同时发现皮肤对象和老化概念,two_stage_rule,False,intrinsic_skin_aging,,aging_generic; aged; rejuvenation,,,,,,0,2025/01/13,https://www.ncbi.nlm.nih.gov/geo/query/acc.cgi?acc=GSE250322
GSE164667,RNA sequencing of NHEK treated with polyIC and siRNaseL for 48 hours;,exclude,0,SuperSeries 的实际子研究指向非皮肤细胞，皮肤老化仅为背景,exclude,SuperSeries 的实际子研究指向非皮肤细胞，皮肤老化仅为背景,two_stage_rule,True,intrinsic_skin_aging,skin,rejuvenation,,,,,,0,2025/01/01,https://www.ncbi.nlm.nih.gov/geo/query/acc.cgi?acc=GSE164667
GSE22838,Identification of distinct molecular signatures in BRAF V600E and BRAF wt cutaneous melanomas,exclude,-1,Overall Design 的实际样本属于其他器官、肿瘤或非皮肤细胞,exclude,Overall Design 的实际样本属于其他器官、肿瘤或非皮肤细胞,two_stage_rule,True,intrinsic_skin_aging,cutaneous,senescence,,,,,cancer,0,2024/12/31,https://www.ncbi.nlm.nih.gov/geo/query/acc.cgi?acc=GSE22838
GSE23976,"Apoptosis, autophagy and senescence protect BRAFV600E nevi from malignant transformation",exclude,-1,SuperSeries 的实际子研究指向非皮肤细胞，皮肤老化仅为背景,exclude,SuperSeries 的实际子研究指向非皮肤细胞，皮肤老化仅为背景,two_stage_rule,True,cellular_senescence,skin,senescence,,,,,cancer,0,2024/12/31,https://www.ncbi.nlm.nih.gov/geo/query/acc.cgi?acc=GSE23976
GSE267066,Comparative gene expression in healthy African American and White Non-Hispanic skin,include,10,摘要将皮肤老化作为组学实验的直接研究问题,exclude,仅比较不同族群的健康皮肤，年龄为供者描述而非研究变量，没有皮肤老化对照。,evidence_adjudication,True,intrinsic_skin_aging,skin; skin_model,aged,skin_biopsy; skin_punch_biopsy,,,,,1,2024/12/31,https://www.ncbi.nlm.nih.gov/geo/query/acc.cgi?acc=GSE267066
GSE283006,Fate Erasure Logic of Gene Networks Underlying Direct Neuronal Conversion of Somatic Cells by MicroRNAs II,exclude,-3,第一阶段未同时发现皮肤对象和老化概念,exclude,第一阶段未同时发现皮肤对象和老化概念,two_stage_rule,False,intrinsic_skin_aging,,,,,,,neurologic,0,2024/12/31,https://www.ncbi.nlm.nih.gov/geo/query/acc.cgi?acc=GSE283006
GSE223845,Single-cell transcriptomic profiling of dermal leukocytes,exclude,-1,标题和实验设计指向非皮肤器官，皮肤/衰老仅为附带描述,exclude,标题和实验设计指向非皮肤器官，皮肤/衰老仅为附带描述,two_stage_rule,True,intrinsic_skin_aging,skin; dermis,aged,,,,,blood,0,2024/12/25,https://www.ncbi.nlm.nih.gov/geo/query/acc.cgi?acc=GSE223845
GSE284467,Multi-omic Sequencing of Intermediate to High-Risk Cutaneous Squamous Cell Carcinoma Identifies Critical Genes and Expression Patterns Associated with Disease and Poor Outcomes,exclude,-1,Overall Design 的实际样本属于其他器官、肿瘤或非皮肤细胞,exclude,Overall Design 的实际样本属于其他器官、肿瘤或非皮肤细胞,two_stage_rule,True,intrinsic_skin_aging,skin; cutaneous,senescence,,,,,cancer,0,2024/12/23,https://www.ncbi.nlm.nih.gov/geo/query/acc.cgi?acc=GSE284467
GSE271149,Topical ABT-263 treatment reduces aged skin senescence and improves subsequent wound healing,include,21,标题明确以老化/细胞衰老为主题，Overall Design 验证了皮肤来源样本,include,标题明确以老化/细胞衰老为主题，Overall Design 验证了皮肤来源样本,two_stage_rule,True,aged_skin_repair,skin,aged_skin; aging_generic; aged; senescence; rejuvenation,skin_direct; skin_tissue,,anti_aging_intervention; aged_skin_treatment,,,2,2024/12/17,https://www.ncbi.nlm.nih.gov/geo/query/acc.cgi?acc=GSE271149
GSE273259,Sex and social status influence DNA methylation dynamics in a polygynous bat,exclude,0,第一阶段未同时发现皮肤对象和老化概念,exclude,第一阶段未同时发现皮肤对象和老化概念,two_stage_rule,False,intrinsic_skin_aging,,chronological_aging; aging_generic,,,,,,0,2024/12/12,https://www.ncbi.nlm.nih.gov/geo/query/acc.cgi?acc=GSE273259
GSE283543,The heterogeneity of demal mesenchymal cells reproduced in skin equivalents regulate barrier function and elasticity.,include,12,摘要将皮肤老化作为组学实验的直接研究问题,include,摘要将皮肤老化作为组学实验的直接研究问题,two_stage_rule,True,intrinsic_skin_aging,skin; dermis; skin_model,aging_generic,skin_direct; skin_model,,,,,1,2024/12/12,https://www.ncbi.nlm.nih.gov/geo/query/acc.cgi?acc=GSE283543
GSE283764,Canagliflozin treatment prevents follicular exhaustion and attenuates hallmarks of ovarian aging in genetically heterogenous mice,exclude,-1,第一阶段未同时发现皮肤对象和老化概念,exclude,第一阶段未同时发现皮肤对象和老化概念,two_stage_rule,False,intrinsic_skin_aging,,aging_generic; senescence,,,,,reproductive,0,2024/12/11,https://www.ncbi.nlm.nih.gov/geo/query/acc.cgi?acc=GSE283764
GSE282425,SenPred: A single-cell RNA sequencing-based machine learning pipeline to classify deeply senescent dermal fibroblast cells for the detection of an in vivo senescent cell burden,include,18,标题明确以老化/细胞衰老为主题，Overall Design 验证了皮肤来源样本,include,标题明确以老化/细胞衰老为主题，Overall Design 验证了皮肤来源样本,two_stage_rule,True,cellular_senescence,skin; dermis; dermal_fibroblast,age_related; senescence,skin_direct; dermal_sample; skin_fibroblast,,,,,2,2024/12/05,https://www.ncbi.nlm.nih.gov/geo/query/acc.cgi?acc=GSE282425
GSE255546,Crosstalk in Skin: Loss of Desmoglein 1 in Keratinocytes Inhibits BRAFV600E-induced Cellular Senescence in Human Melanocytes,exclude,11,研究核心为肿瘤，缺少皮肤老化样本与年龄对照的共同证据,exclude,研究核心为肿瘤，缺少皮肤老化样本与年龄对照的共同证据,two_stage_rule,True,cellular_senescence,skin; epidermis; keratinocyte; melanocyte,senescence,keratinocyte_sample; melanocyte_sample,,,,cancer,0,2024/11/18,https://www.ncbi.nlm.nih.gov/geo/query/acc.cgi?acc=GSE255546
GSE274955,An mRNA treatment for human skin rejuvenation,include,17,明确包含皮肤样本，并设置年龄、衰老或光老化对照,include,明确包含皮肤样本，并设置年龄、衰老或光老化对照,two_stage_rule,True,rejuvenation_intervention,skin; epidermis; dermis; dermal_fibroblast; keratinocyte; skin_appendage,skin_aging; photoaging; chronological_aging; aging_generic; aged; young_vs_old; senescence; rejuvenation,skin_tissue,young_vs_old,anti_aging_intervention; aged_skin_treatment,,,3,2024/11/18,https://www.ncbi.nlm.nih.gov/geo/query/acc.cgi?acc=GSE274955
GSE281449,Single-Cell RNA Sequencing Reveals Age-Related Changes in Epidermal Cell Populations and Interactions,include,17,明确包含皮肤样本，并设置年龄、衰老或光老化对照,include,明确包含皮肤样本，并设置年龄、衰老或光老化对照,two_stage_rule,True,intrinsic_skin_aging,skin; epidermis; keratinocyte,skin_aging; aged_skin; age_related; aging_generic; aged; young_vs_old,skin_tissue,young_vs_old; age_groups,,,,4,2024/11/15,https://www.ncbi.nlm.nih.gov/geo/query/acc.cgi?acc=GSE281449
GSE201710,Targeted partial reprogramming of age-associated cell states improves markers of health in mouse models of aging,exclude,4,第一阶段未同时发现皮肤对象和老化概念,exclude,第一阶段未同时发现皮肤对象和老化概念,two_stage_rule,False,intrinsic_skin_aging,,age_related; aging_generic,,,,,,0,2024/11/12,https://www.ncbi.nlm.nih.gov/geo/query/acc.cgi?acc=GSE201710
GSE248658,Single-cell Transcriptional Atlas of Murine Collecting Lymphatic Vessels,exclude,6,同时命中皮肤和老化词，但缺少主研究问题与样本证据,exclude,同时命中皮肤和老化词，但缺少主研究问题与样本证据,two_stage_rule,True,intrinsic_skin_aging,dermis,aged; young_vs_old,,young_vs_old; age_time_course,,,,0,2024/11/11,https://www.ncbi.nlm.nih.gov/geo/query/acc.cgi?acc=GSE248658
GSE247074,Exosomal miR-302b rejuvenates aging mice by reversing cell cycle arrest [scRNA-Seq],exclude,6,第一阶段未同时发现皮肤对象和老化概念,exclude,第一阶段未同时发现皮肤对象和老化概念,two_stage_rule,False,rejuvenation_intervention,,age_related; aging_generic; senescence; rejuvenation,,,anti_aging_intervention,,,0,2024/11/01,https://www.ncbi.nlm.nih.gov/geo/query/acc.cgi?acc=GSE247074
GSE247076,Exosomal miR-302b rejuvenates aging mice by reversing cell cycle arrest,exclude,4,第一阶段未同时发现皮肤对象和老化概念,exclude,第一阶段未同时发现皮肤对象和老化概念,two_stage_rule,False,rejuvenation_intervention,,aging_generic; rejuvenation,,,,,,0,2024/11/01,https://www.ncbi.nlm.nih.gov/geo/query/acc.cgi?acc=GSE247076
GSE254500,"Multiple cell trypes, incluiding melanocytes, contribute to elastogenesis in the developing murine aortic valve",exclude,5,第一阶段未同时发现皮肤对象和老化概念,exclude,第一阶段未同时发现皮肤对象和老化概念,two_stage_rule,False,intrinsic_skin_aging,melanocyte,,melanocyte_sample,,,,,0,2024/10/30,https://www.ncbi.nlm.nih.gov/geo/query/acc.cgi?acc=GSE254500
GSE193694,Chromatin dysfunction facilitates stem cells aging in atypical laminopathy-based progeria Mandibuloacral dysplasia type A (MAD),exclude,-1,第一阶段未同时发现皮肤对象和老化概念,exclude,第一阶段未同时发现皮肤对象和老化概念,two_stage_rule,False,intrinsic_skin_aging,,aging_generic; senescence; premature_aging,,,,,systemic_premature_aging,0,2024/10/24,https://www.ncbi.nlm.nih.gov/geo/query/acc.cgi?acc=GSE193694
GSE269484,"Differential gene expression in immortalised fibroblasts derived two independent Nestor Guillermo Progeria Syndrome (NGPS) patients, compared to immortalised fibroblasts of an healthy individual",exclude,-1,第一阶段未同时发现皮肤对象和老化概念,exclude,第一阶段未同时发现皮肤对象和老化概念,two_stage_rule,False,intrinsic_skin_aging,,aging_generic; rejuvenation; premature_aging,,,anti_aging_intervention,,systemic_premature_aging,0,2024/10/18,https://www.ncbi.nlm.nih.gov/geo/query/acc.cgi?acc=GSE269484
GSE226577,Stem Cell Activity-Coupled Suppression of Endogenous Retrovirus Governs Adult Tissue Regeneration [ATAC-seq],exclude,0,第一阶段未同时发现皮肤对象和老化概念,exclude,第一阶段未同时发现皮肤对象和老化概念,two_stage_rule,False,intrinsic_skin_aging,skin; skin_appendage,,,,,,,0,2024/10/17,https://www.ncbi.nlm.nih.gov/geo/query/acc.cgi?acc=GSE226577
GSE226579,Stem Cell Activity-Coupled Suppression of Endogenous Retrovirus Governs Adult Tissue Regeneration [RNA-seq],exclude,0,第一阶段未同时发现皮肤对象和老化概念,exclude,第一阶段未同时发现皮肤对象和老化概念,two_stage_rule,False,intrinsic_skin_aging,skin; skin_appendage,,,,,,,0,2024/10/17,https://www.ncbi.nlm.nih.gov/geo/query/acc.cgi?acc=GSE226579
GSE226580,Stem Cell Activity-Coupled Suppression of Endogenous Retrovirus Governs Adult Tissue Regeneration,exclude,0,第一阶段未同时发现皮肤对象和老化概念,exclude,第一阶段未同时发现皮肤对象和老化概念,two_stage_rule,False,intrinsic_skin_aging,skin; skin_appendage,,,,,,,0,2024/10/17,https://www.ncbi.nlm.nih.gov/geo/query/acc.cgi?acc=GSE226580
GSE276220,The mouse Balbiani body regulates primary oocyte quiescence via RNA storage,exclude,-3,第一阶段未同时发现皮肤对象和老化概念,exclude,第一阶段未同时发现皮肤对象和老化概念,two_stage_rule,False,intrinsic_skin_aging,,,,,,,reproductive,0,2024/10/15,https://www.ncbi.nlm.nih.gov/geo/query/acc.cgi?acc=GSE276220
GSE279220,YAP-TEAD complex inhibits photoaging via transcriptional regulation of homologous recombination repair in mouse (smal) - miRNA-seq,include,8,明确包含皮肤样本，并设置年龄、衰老或光老化对照,include,明确包含皮肤样本，并设置年龄、衰老或光老化对照,two_stage_rule,True,photoaging,skin,photoaging,skin_direct,photoaging_model,,,,0,2024/10/15,https://www.ncbi.nlm.nih.gov/geo/query/acc.cgi?acc=GSE279220
GSE279221,YAP-TEAD complex inhibits photoaging via transcriptional regulation of homologous recombination repair in mouse (smal) - lncRNA-seq,include,8,明确包含皮肤样本，并设置年龄、衰老或光老化对照,include,明确包含皮肤样本，并设置年龄、衰老或光老化对照,two_stage_rule,True,photoaging,skin,photoaging,skin_direct,photoaging_model,,,,0,2024/10/15,https://www.ncbi.nlm.nih.gov/geo/query/acc.cgi?acc=GSE279221
GSE268029,Transcriptomic profiling of the oocyte-cumulus-granulosa cell complex from estrogen receptor beta knockout mice,exclude,-3,第一阶段未同时发现皮肤对象和老化概念,exclude,第一阶段未同时发现皮肤对象和老化概念,two_stage_rule,False,intrinsic_skin_aging,,aged; young_vs_old,,,,,reproductive,0,2024/10/13,https://www.ncbi.nlm.nih.gov/geo/query/acc.cgi?acc=GSE268029
GSE263816,Cell type-specific weighting-factors to solve solid organs-specific limitations of single cell RNA-sequencing,exclude,0,第一阶段未同时发现皮肤对象和老化概念,exclude,第一阶段未同时发现皮肤对象和老化概念,two_stage_rule,False,intrinsic_skin_aging,,aging_generic,,,,,,0,2024/10/09,https://www.ncbi.nlm.nih.gov/geo/query/acc.cgi?acc=GSE263816
GSE275330,"Doxorubicin resistance involves modulation of interferon signaling, transcriptional bursting, and gene co-expression patterns of U-ISGF3-related genes",exclude,0,第一阶段未同时发现皮肤对象和老化概念,exclude,第一阶段未同时发现皮肤对象和老化概念,two_stage_rule,False,intrinsic_skin_aging,,senescence,,,,,,0,2024/10/09,https://www.ncbi.nlm.nih.gov/geo/query/acc.cgi?acc=GSE275330
GSE278717,Cellular and transcriptomic changes by the supplementation of aged rat serum in human pluripotent stem cell-derived myogenic progenitors,exclude,2,第一阶段未同时发现皮肤对象和老化概念,exclude,第一阶段未同时发现皮肤对象和老化概念,two_stage_rule,False,intrinsic_skin_aging,,age_related; aged; young_vs_old,,,,,,0,2024/10/03,https://www.ncbi.nlm.nih.gov/geo/query/acc.cgi?acc=GSE278717
GSE274832,Downregulation of Glucose-Energy Metabolism via AMPK Signaling Pathway in Granulosa Cells of Diminished Ovarian Reserve Patients,exclude,-3,第一阶段未同时发现皮肤对象和老化概念,exclude,第一阶段未同时发现皮肤对象和老化概念,two_stage_rule,False,intrinsic_skin_aging,,aged; young_vs_old,,,,,reproductive,0,2024/10/01,https://www.ncbi.nlm.nih.gov/geo/query/acc.cgi?acc=GSE274832
GSE244738,Highly concentrated trehalose prevents IL-4/IL-13-induced skin barrier impairment by suppressing IL-33 expression and increasing Nrf2 activation in epidermal keartinocytes,exclude,7,同时命中皮肤和老化词，但缺少主研究问题与样本证据,exclude,同时命中皮肤和老化词，但缺少主研究问题与样本证据,two_stage_rule,True,intrinsic_skin_aging,skin; cutaneous; epidermis; keratinocyte; skin_model,senescence,keratinocyte_sample,,,,,0,2024/09/30,https://www.ncbi.nlm.nih.gov/geo/query/acc.cgi?acc=GSE244738
GSE274777,Resistance to age-related hearing loss in the echolocating big brown bat (Eptesicus fuscus),exclude,5,第一阶段未同时发现皮肤对象和老化概念,exclude,第一阶段未同时发现皮肤对象和老化概念,two_stage_rule,False,intrinsic_skin_aging,,age_related; aging_generic,skin_tissue,,,,,0,2024/09/30,https://www.ncbi.nlm.nih.gov/geo/query/acc.cgi?acc=GSE274777
GSE225576,An atlas of the aging mouse transcriptome and proteome reveals the features of age-related post-transcriptional dysregulation,exclude,4,SuperSeries 的实际子研究指向非皮肤细胞，皮肤老化仅为背景,exclude,SuperSeries 的实际子研究指向非皮肤细胞，皮肤老化仅为背景,two_stage_rule,True,intrinsic_skin_aging,skin,age_related; aging_generic,,,,,,0,2024/09/18,https://www.ncbi.nlm.nih.gov/geo/query/acc.cgi?acc=GSE225576
GSE277167,Protective variant in PLCγ2 mitigates Alzheimer’s disease associated pathology via enhancing beneficial microglia functions,exclude,-1,SuperSeries 的实际子研究指向非皮肤细胞，皮肤老化仅为背景,exclude,SuperSeries 的实际子研究指向非皮肤细胞，皮肤老化仅为背景,two_stage_rule,True,intrinsic_skin_aging,skin,aging_generic; rejuvenation,,,anti_aging_intervention,,neurologic,0,2024/09/16,https://www.ncbi.nlm.nih.gov/geo/query/acc.cgi?acc=GSE277167
GSE255032,Single-cell and bulk transcriptional profiling of mouse ovaries reveals novel genes and pathways associated with DNA damage response in oocytes,exclude,-3,第一阶段未同时发现皮肤对象和老化概念,exclude,第一阶段未同时发现皮肤对象和老化概念,two_stage_rule,False,intrinsic_skin_aging,,aging_generic,,,,,reproductive,0,2024/09/15,https://www.ncbi.nlm.nih.gov/geo/query/acc.cgi?acc=GSE255032
GSE243204,RNA sequencing of HDFs(Human dermal fibroblasts) with or without Sal-B and UVB treatment,include,10,皮肤样本用于验证抗衰老或年轻化干预,include,皮肤样本用于验证抗衰老或年轻化干预,two_stage_rule,True,intrinsic_skin_aging,skin; dermis; dermal_fibroblast,skin_aging; photoaging; aging_generic,hdf,,anti_aging_intervention; aged_skin_treatment,,,0,2024/09/14,https://www.ncbi.nlm.nih.gov/geo/query/acc.cgi?acc=GSE243204
GSE243929,Generation of Human Expandable Limb Bud Cells via Chemically Induced Dedifferentiation Strategy [scRNA-seq],exclude,0,同时命中皮肤和老化词，但缺少主研究问题与样本证据,exclude,同时命中皮肤和老化词，但缺少主研究问题与样本证据,two_stage_rule,True,intrinsic_skin_aging,dermis; dermal_fibroblast,senescence,,,,,,0,2024/09/01,https://www.ncbi.nlm.nih.gov/geo/query/acc.cgi?acc=GSE243929
GSE248342,AAGGG repeat expansions trigger repeat-dependent synaptic dysregulation in human CANVAS Neurons [CANVAS_Control_Isogenic],exclude,-3,第一阶段未同时发现皮肤对象和老化概念,exclude,第一阶段未同时发现皮肤对象和老化概念,two_stage_rule,False,intrinsic_skin_aging,,,,,,,neurologic,0,2024/09/01,https://www.ncbi.nlm.nih.gov/geo/query/acc.cgi?acc=GSE248342
GSE248343,AAGGG repeat expansions trigger repeat-dependent synaptic dysregulation in human CANVAS Neurons [RFC1_Knockdown],exclude,-3,第一阶段未同时发现皮肤对象和老化概念,exclude,第一阶段未同时发现皮肤对象和老化概念,two_stage_rule,False,intrinsic_skin_aging,,,,,,,neurologic,0,2024/09/01,https://www.ncbi.nlm.nih.gov/geo/query/acc.cgi?acc=GSE248343
GSE248344,AAGGG repeat expansions trigger repeat-dependent synaptic dysregulation in human CANVAS Neurons [RFC1_Addition],exclude,-3,第一阶段未同时发现皮肤对象和老化概念,exclude,第一阶段未同时发现皮肤对象和老化概念,two_stage_rule,False,intrinsic_skin_aging,,,,,,,neurologic,0,2024/09/01,https://www.ncbi.nlm.nih.gov/geo/query/acc.cgi?acc=GSE248344
GSE263743,Human platelet-rich plasma promotes the primordial follicle activation through the PI3K/Akt signaling pathway,exclude,-3,第一阶段未同时发现皮肤对象和老化概念,exclude,第一阶段未同时发现皮肤对象和老化概念,two_stage_rule,False,intrinsic_skin_aging,,aged,,,,,reproductive,0,2024/09/01,https://www.ncbi.nlm.nih.gov/geo/query/acc.cgi?acc=GSE263743
GSE241456,NR4a knock-down in HER2 CAR-T cells improves T cell longevity and promotes solid tumor eradication [RNA-Seq],exclude,-3,第一阶段未同时发现皮肤对象和老化概念,exclude,第一阶段未同时发现皮肤对象和老化概念,two_stage_rule,False,intrinsic_skin_aging,epidermis,,,,,,cancer,0,2024/08/28,https://www.ncbi.nlm.nih.gov/geo/query/acc.cgi?acc=GSE241456
GSE275491,Differences in cell subsets between sun-exposed and unexposed skin: preliminary single-cell sequencing and biological analysis from a single case,include,7,摘要将皮肤老化作为组学实验的直接研究问题,include,摘要将皮肤老化作为组学实验的直接研究问题,two_stage_rule,True,intrinsic_skin_aging,skin,photoaging; chronological_aging; aging_generic,skin_punch_biopsy,,,,,1,2024/08/28,https://www.ncbi.nlm.nih.gov/geo/query/acc.cgi?acc=GSE275491
GSE275846,Single cell transcriptomics of human epidermis shows decreased expression of several structural genes associated with skin barrier development in aged skin,include,24,明确包含皮肤样本，并设置年龄、衰老或光老化对照,include,明确包含皮肤样本，并设置年龄、衰老或光老化对照,two_stage_rule,True,intrinsic_skin_aging,skin; epidermis; keratinocyte,aged_skin; aged; young_vs_old,skin_direct; keratinocyte_sample,young_vs_old; age_groups,,,,2,2024/08/28,https://www.ncbi.nlm.nih.gov/geo/query/acc.cgi?acc=GSE275846
GSE245045,The human pathome shows sex specific aging patterns post-development,exclude,2,第一阶段未同时发现皮肤对象和老化概念,exclude,第一阶段未同时发现皮肤对象和老化概念,two_stage_rule,False,intrinsic_skin_aging,,aging_generic; senescence,,,,,,0,2024/08/24,https://www.ncbi.nlm.nih.gov/geo/query/acc.cgi?acc=GSE245045
GSE275010,Immunocompatible Elastomer with increased resistance to the foreign body response,exclude,0,第一阶段未同时发现皮肤对象和老化概念,exclude,第一阶段未同时发现皮肤对象和老化概念,two_stage_rule,False,intrinsic_skin_aging,,,,,,,,0,2024/08/17,https://www.ncbi.nlm.nih.gov/geo/query/acc.cgi?acc=GSE275010
GSE250436,Muscle-resident mesenchymal progenitors sense and repair peripheral nerve injury via the GDNF-BDNF axis,exclude,0,第一阶段未同时发现皮肤对象和老化概念,exclude,第一阶段未同时发现皮肤对象和老化概念,two_stage_rule,False,intrinsic_skin_aging,,age_related; aged,,,,,,0,2024/07/30,https://www.ncbi.nlm.nih.gov/geo/query/acc.cgi?acc=GSE250436
GSE226204,Neurological Cockayne Syndrome Results from R-Loops Induced by Stalled RNA Polymerase II during Transcription Elongation,exclude,-3,第一阶段未同时发现皮肤对象和老化概念,exclude,第一阶段未同时发现皮肤对象和老化概念,two_stage_rule,False,intrinsic_skin_aging,,aging_generic; premature_aging,,,,,systemic_premature_aging,0,2024/07/29,https://www.ncbi.nlm.nih.gov/geo/query/acc.cgi?acc=GSE226204
GSE266428,Nuclear lamin A/C phosphorylation by loss of Androgen Receptor is a global determinant of cancer-associated fibroblast activation,exclude,0,研究核心为肿瘤，缺少皮肤老化样本与年龄对照的共同证据,exclude,研究核心为肿瘤，缺少皮肤老化样本与年龄对照的共同证据,two_stage_rule,True,intrinsic_skin_aging,dermis; dermal_fibroblast,senescence,dermal_sample,,,,cancer,0,2024/07/29,https://www.ncbi.nlm.nih.gov/geo/query/acc.cgi?acc=GSE266428
GSE270016,Rejuvenation of aged oocyte through exposure to young follicular microenvironment,exclude,6,第一阶段未同时发现皮肤对象和老化概念,exclude,第一阶段未同时发现皮肤对象和老化概念,two_stage_rule,False,rejuvenation_intervention,,age_related; aging_generic; aged; young_vs_old; rejuvenation,,young_vs_old,,,reproductive,0,2024/07/22,https://www.ncbi.nlm.nih.gov/geo/query/acc.cgi?acc=GSE270016
GSE240997,Competition shapes the landscape of X-linked genetic diversity [scRNA-seq],exclude,0,SuperSeries 的实际子研究指向非皮肤细胞，皮肤老化仅为背景,exclude,SuperSeries 的实际子研究指向非皮肤细胞，皮肤老化仅为背景,two_stage_rule,True,intrinsic_skin_aging,skin,aging_generic,,,,,,0,2024/07/17,https://www.ncbi.nlm.nih.gov/geo/query/acc.cgi?acc=GSE240997
GSE261621,Competition shapes the landscape of X-linked genetic diversity [ChIP-seq],exclude,0,SuperSeries 的实际子研究指向非皮肤细胞，皮肤老化仅为背景,exclude,SuperSeries 的实际子研究指向非皮肤细胞，皮肤老化仅为背景,two_stage_rule,True,intrinsic_skin_aging,skin,aging_generic,,,,,,0,2024/07/17,https://www.ncbi.nlm.nih.gov/geo/query/acc.cgi?acc=GSE261621
GSE268348,The m6A writer KIAA1429 regulates photoaging progression via MFAP4-dependent collagen synthesis,exclude,14,第一阶段未同时发现皮肤对象和老化概念,exclude,第一阶段未同时发现皮肤对象和老化概念,two_stage_rule,False,photoaging,,photoaging,hdf,photoaging_model,aged_skin_treatment,,,5,2024/07/16,https://www.ncbi.nlm.nih.gov/geo/query/acc.cgi?acc=GSE268348
GSE221034,Bulk Omni-ATAC-seq in young (2 months) and aged (22-24 months) mice across 23 cell-types,exclude,7,第一阶段未同时发现皮肤对象和老化概念,exclude,第一阶段未同时发现皮肤对象和老化概念,two_stage_rule,False,intrinsic_skin_aging,,aged; young_vs_old,,young_vs_old,,,,0,2024/07/15,https://www.ncbi.nlm.nih.gov/geo/query/acc.cgi?acc=GSE221034
GSE223049,Bulk RNA-seq in young (2 months) and aged (22-24 months) mice across 23 cell-types,exclude,7,第一阶段未同时发现皮肤对象和老化概念,exclude,第一阶段未同时发现皮肤对象和老化概念,two_stage_rule,False,intrinsic_skin_aging,,aged; young_vs_old,,young_vs_old,,,,0,2024/07/15,https://www.ncbi.nlm.nih.gov/geo/query/acc.cgi?acc=GSE223049
GSE223050,The activity of early-life gene regulatory elements is hijacked in aging through pervasive AP-1–linked chromatin opening,exclude,2,第一阶段未同时发现皮肤对象和老化概念,exclude,第一阶段未同时发现皮肤对象和老化概念,two_stage_rule,False,intrinsic_skin_aging,,aging_generic,,,,,,0,2024/07/15,https://www.ncbi.nlm.nih.gov/geo/query/acc.cgi?acc=GSE223050
GSE268766,"CUT & RUN for P63, Gata3, Jun in murine keratinocytes and Tcf1 and Jun in murine CD8 Naive T-cells across two age stages, young (2 months) and aged (20-24 months).",include,12,明确包含皮肤样本，并设置年龄、衰老或光老化对照,include,明确包含皮肤样本，并设置年龄、衰老或光老化对照,two_stage_rule,True,intrinsic_skin_aging,keratinocyte,aged; young_vs_old,keratinocyte_sample,young_vs_old,,,,0,2024/07/15,https://www.ncbi.nlm.nih.gov/geo/query/acc.cgi?acc=GSE268766
GSE233555,Calibrated ribosome profiling assesses the dynamics of ribosomal flux on transcripts,exclude,0,第一阶段未同时发现皮肤对象和老化概念,exclude,第一阶段未同时发现皮肤对象和老化概念,two_stage_rule,False,intrinsic_skin_aging,,aging_generic,,,,,,0,2024/07/10,https://www.ncbi.nlm.nih.gov/geo/query/acc.cgi?acc=GSE233555
GSE264548,Influence of Staphylococcus aureus biofilm infection phase on functional composition of host neutrophils,exclude,0,第一阶段未同时发现皮肤对象和老化概念,exclude,第一阶段未同时发现皮肤对象和老化概念,two_stage_rule,False,intrinsic_skin_aging,,aging_generic,,,,,,0,2024/07/03,https://www.ncbi.nlm.nih.gov/geo/query/acc.cgi?acc=GSE264548
GSE222001,Transcriptional profiling of NK cells from tuberculosis patients,exclude,0,第一阶段未同时发现皮肤对象和老化概念,exclude,第一阶段未同时发现皮肤对象和老化概念,two_stage_rule,False,intrinsic_skin_aging,,,,,,,,0,2024/07/01,https://www.ncbi.nlm.nih.gov/geo/query/acc.cgi?acc=GSE222001
GSE232856,A non-canonical role for a small nucleolar RNA in ribosome biogenesis and senescence (CRISPRi screen),exclude,2,第一阶段未同时发现皮肤对象和老化概念,exclude,第一阶段未同时发现皮肤对象和老化概念,two_stage_rule,False,cellular_senescence,,senescence,,,,,,0,2024/07/01,https://www.ncbi.nlm.nih.gov/geo/query/acc.cgi?acc=GSE232856
GSE232857,A non-canonical role for a small nucleolar RNA in ribosome biogenesis and senescence (RNA-sequencing),exclude,2,第一阶段未同时发现皮肤对象和老化概念,exclude,第一阶段未同时发现皮肤对象和老化概念,two_stage_rule,False,cellular_senescence,,senescence,,,,,,0,2024/07/01,https://www.ncbi.nlm.nih.gov/geo/query/acc.cgi?acc=GSE232857
GSE232858,A non-canonical role for a small nucleolar RNA in ribosome biogenesis and senescence (Ribosome profiling),exclude,2,第一阶段未同时发现皮肤对象和老化概念,exclude,第一阶段未同时发现皮肤对象和老化概念,two_stage_rule,False,cellular_senescence,,senescence,,,,,,0,2024/07/01,https://www.ncbi.nlm.nih.gov/geo/query/acc.cgi?acc=GSE232858
GSE232859,A non-canonical role for a small nucleolar RNA in ribosome biogenesis and senescence,exclude,2,第一阶段未同时发现皮肤对象和老化概念,exclude,第一阶段未同时发现皮肤对象和老化概念,two_stage_rule,False,cellular_senescence,,senescence,,,,,,0,2024/07/01,https://www.ncbi.nlm.nih.gov/geo/query/acc.cgi?acc=GSE232859
GSE266959,Epidermal Growth Factor Rejuvenates Aged Hematopoietic Stem Cells [EGFR Dominant Negative],exclude,3,标题和实验设计指向非皮肤器官，皮肤/衰老仅为附带描述,exclude,标题和实验设计指向非皮肤器官，皮肤/衰老仅为附带描述,two_stage_rule,True,rejuvenation_intervention,epidermis,aging_generic; aged; rejuvenation,,,,,blood,0,2024/07/01,https://www.ncbi.nlm.nih.gov/geo/query/acc.cgi?acc=GSE266959
GSE252870,Characterization of the mutational landscape of high-grade gliomas in a Latin American cohort,exclude,-3,第一阶段未同时发现皮肤对象和老化概念,exclude,第一阶段未同时发现皮肤对象和老化概念,two_stage_rule,False,intrinsic_skin_aging,epidermis,,,,,,neurologic,0,2024/06/30,https://www.ncbi.nlm.nih.gov/geo/query/acc.cgi?acc=GSE252870
GSE243999,Mouse models to investigate in situ cell fate decisions induced by TP53 and other factors (CUT&RUN),exclude,0,第一阶段未同时发现皮肤对象和老化概念,exclude,第一阶段未同时发现皮肤对象和老化概念,two_stage_rule,False,intrinsic_skin_aging,,senescence,,,,,,0,2024/06/28,https://www.ncbi.nlm.nih.gov/geo/query/acc.cgi?acc=GSE243999
GSE255695,Type VI Collagen Deficiency Causes Enhanced Periodontal Tissue Destruction in Induced Periodontitis,exclude,0,第一阶段未同时发现皮肤对象和老化概念,exclude,第一阶段未同时发现皮肤对象和老化概念,two_stage_rule,False,intrinsic_skin_aging,skin,,,,,,,0,2024/06/24,https://www.ncbi.nlm.nih.gov/geo/query/acc.cgi?acc=GSE255695
GSE243836,Cell-specific crosstalk proteomics reveals cathepsin B signaling as a driver of glioblastoma malignancy near the subventricular zone,exclude,0,第一阶段未同时发现皮肤对象和老化概念,exclude,第一阶段未同时发现皮肤对象和老化概念,two_stage_rule,False,intrinsic_skin_aging,,senescence,,,,,,0,2024/06/23,https://www.ncbi.nlm.nih.gov/geo/query/acc.cgi?acc=GSE243836
GSE253773,PRC2-AgeIndex: a universal biomarker of aging and rejuvenation [ChIP-seq],exclude,6,第一阶段未同时发现皮肤对象和老化概念,exclude,第一阶段未同时发现皮肤对象和老化概念,two_stage_rule,False,rejuvenation_intervention,,aging_generic; young_vs_old; rejuvenation,,,anti_aging_intervention,,,0,2024/06/19,https://www.ncbi.nlm.nih.gov/geo/query/acc.cgi?acc=GSE253773
GSE253985,PRC2-AgeIndex: a universal biomarker of aging and rejuvenation [WGBS],exclude,6,第一阶段未同时发现皮肤对象和老化概念,exclude,第一阶段未同时发现皮肤对象和老化概念,two_stage_rule,False,rejuvenation_intervention,,aging_generic; young_vs_old; rejuvenation,,,anti_aging_intervention,,,0,2024/06/19,https://www.ncbi.nlm.nih.gov/geo/query/acc.cgi?acc=GSE253985
GSE253987,PRC2-AgeIndex: a universal biomarker of aging and rejuvenation,exclude,4,第一阶段未同时发现皮肤对象和老化概念,exclude,第一阶段未同时发现皮肤对象和老化概念,two_stage_rule,False,rejuvenation_intervention,,aging_generic; rejuvenation,,,,,,0,2024/06/19,https://www.ncbi.nlm.nih.gov/geo/query/acc.cgi?acc=GSE253987
GSE266293,SASH1 S519N variant links skin hyperpigmentation and premature hair graying to dysfunction of melanocyte lineage,include,9,标题明确以老化/细胞衰老为主题，Overall Design 验证了皮肤来源样本,include,标题明确以老化/细胞衰老为主题，Overall Design 验证了皮肤来源样本,two_stage_rule,True,intrinsic_skin_aging,skin; melanocyte,skin_appendage_aging_phenotype; aging_generic,melanocyte_sample,,,,,0,2024/06/17,https://www.ncbi.nlm.nih.gov/geo/query/acc.cgi?acc=GSE266293
GSE225166,Predicting age in single cells and low coverage DNA methylation data [RRBS],exclude,0,第一阶段未同时发现皮肤对象和老化概念,exclude,第一阶段未同时发现皮肤对象和老化概念,two_stage_rule,False,intrinsic_skin_aging,,aging_generic,,,,,,0,2024/06/03,https://www.ncbi.nlm.nih.gov/geo/query/acc.cgi?acc=GSE225166
GSE263907,Aged skin exacerbates experimental osteoarthritis via enhanced IL-36R signaling,include,8,标题明确以老化/细胞衰老为主题，Overall Design 验证了皮肤来源样本,include,标题明确以老化/细胞衰老为主题，Overall Design 验证了皮肤来源样本,two_stage_rule,True,intrinsic_skin_aging,skin; epidermis; keratinocyte,skin_aging; aged_skin; aging_generic; aged,skin_tissue,,,,skeletal_repair,1,2024/05/31,https://www.ncbi.nlm.nih.gov/geo/query/acc.cgi?acc=GSE263907
GSE263843,Theophylline derivatives promote the activation of primordial follicles and ameliorate fertility deficits in naturally aged mice,exclude,-1,第一阶段未同时发现皮肤对象和老化概念,exclude,第一阶段未同时发现皮肤对象和老化概念,two_stage_rule,False,intrinsic_skin_aging,,aged,,,,,reproductive,0,2024/05/30,https://www.ncbi.nlm.nih.gov/geo/query/acc.cgi?acc=GSE263843
GSE249782,Characterization of age-associated gene expression changes in mouse sweat glands [FP_WT_TA],exclude,2,同时命中皮肤和老化词，但缺少主研究问题与样本证据,exclude,同时命中皮肤和老化词，但缺少主研究问题与样本证据,two_stage_rule,True,intrinsic_skin_aging,skin,age_related; aging_generic; aged; young_vs_old,,,,,,0,2024/05/17,https://www.ncbi.nlm.nih.gov/geo/query/acc.cgi?acc=GSE249782
GSE249783,Characterization of age-associated gene expression changes in mouse sweat glands [FP_YO],exclude,2,同时命中皮肤和老化词，但缺少主研究问题与样本证据,exclude,同时命中皮肤和老化词，但缺少主研究问题与样本证据,two_stage_rule,True,intrinsic_skin_aging,skin,age_related; aging_generic; aged; young_vs_old,,,,,,0,2024/05/17,https://www.ncbi.nlm.nih.gov/geo/query/acc.cgi?acc=GSE249783
GSE249784,Characterization of age-associated gene expression changes in mouse sweat glands,exclude,2,第一阶段未同时发现皮肤对象和老化概念,exclude,第一阶段未同时发现皮肤对象和老化概念,two_stage_rule,False,intrinsic_skin_aging,,age_related,,,,,,0,2024/05/17,https://www.ncbi.nlm.nih.gov/geo/query/acc.cgi?acc=GSE249784
GSE266663,Induced pluripotent stem cell-derived fibroblasts efficiently engage senescence pathways but show increased sensitivity to stress inducers,exclude,-4,SuperSeries 的实际子研究指向非皮肤细胞，皮肤老化仅为背景,exclude,SuperSeries 的实际子研究指向非皮肤细胞，皮肤老化仅为背景,two_stage_rule,True,cellular_senescence,skin,senescence,,,,fibroblast_reprogramming,pluripotent,0,2024/05/11,https://www.ncbi.nlm.nih.gov/geo/query/acc.cgi?acc=GSE266663
GSE190032,Characterisation of the epidermal diurnal transcriptome of mice with tissue-specific circadian clock activity [LD],exclude,2,同时命中皮肤和老化词，但缺少主研究问题与样本证据,exclude,同时命中皮肤和老化词，但缺少主研究问题与样本证据,two_stage_rule,True,intrinsic_skin_aging,skin; epidermis,aging_generic,epidermal_sample,,,,neurologic,0,2024/05/02,https://www.ncbi.nlm.nih.gov/geo/query/acc.cgi?acc=GSE190032
GSE190034,Characterisation of the epidermal circadian transcriptome of mice with tissue-specific circadian clock activity [DD],exclude,2,同时命中皮肤和老化词，但缺少主研究问题与样本证据,exclude,同时命中皮肤和老化词，但缺少主研究问题与样本证据,two_stage_rule,True,intrinsic_skin_aging,skin; epidermis,aging_generic,epidermal_sample,,,,neurologic,0,2024/05/02,https://www.ncbi.nlm.nih.gov/geo/query/acc.cgi?acc=GSE190034
GSE255474,Characterisation of the epidermal diurnal transcriptome of mice with K14-Cre-driven Bmal1 knockout,exclude,5,同时命中皮肤和老化词，但缺少主研究问题与样本证据,exclude,同时命中皮肤和老化词，但缺少主研究问题与样本证据,two_stage_rule,True,intrinsic_skin_aging,skin; epidermis,aging_generic,epidermal_sample,,,,,0,2024/05/02,https://www.ncbi.nlm.nih.gov/geo/query/acc.cgi?acc=GSE255474
GSE264103,Aged skin exacerbates experimental osteoarthritis via enhanced IL-36R signaling,exclude,5,研究核心为特定疾病模型，未直接研究皮肤老化,exclude,实际 RNA-seq 对象为 articular chondrocytes，皮肤老化仅用于构建处理条件，不是被测组织或细胞。,evidence_adjudication,True,intrinsic_skin_aging,skin; keratinocyte,skin_aging; aged_skin; aging_generic; aged,,,,,skeletal_repair,1,2024/05/01,https://www.ncbi.nlm.nih.gov/geo/query/acc.cgi?acc=GSE264103
GSE266005,Targeting senescence induced by age or chemotherapy with a polyphenol-rich natural extract improves longevity and healthspan in mice,exclude,2,SuperSeries 的实际子研究指向非皮肤细胞，皮肤老化仅为背景,exclude,SuperSeries 的实际子研究指向非皮肤细胞，皮肤老化仅为背景,two_stage_rule,True,cellular_senescence,skin,age_related; aged; senescence,,,,,,0,2024/05/01,https://www.ncbi.nlm.nih.gov/geo/query/acc.cgi?acc=GSE266005
GSE253194,Primary oocytes with cellular senescence features are involved in ovarian aging in mice,exclude,3,第一阶段未同时发现皮肤对象和老化概念,exclude,第一阶段未同时发现皮肤对象和老化概念,two_stage_rule,False,cellular_senescence,,aging_generic; aged; senescence; rejuvenation,,,anti_aging_intervention,,reproductive,0,2024/04/30,https://www.ncbi.nlm.nih.gov/geo/query/acc.cgi?acc=GSE253194
GSE264413,Transcriptome profiling of ovaries in aged mice administered with Samul-tang,exclude,2,第一阶段未同时发现皮肤对象和老化概念,exclude,第一阶段未同时发现皮肤对象和老化概念,two_stage_rule,False,intrinsic_skin_aging,,age_related; aging_generic; aged; young_vs_old,,,,,,0,2024/04/30,https://www.ncbi.nlm.nih.gov/geo/query/acc.cgi?acc=GSE264413
GSE182540,Premature aging in growth-plate and periosteum resident skeletal stem cells is responsible for bone loss,exclude,1,第一阶段未同时发现皮肤对象和老化概念,exclude,第一阶段未同时发现皮肤对象和老化概念,two_stage_rule,False,intrinsic_skin_aging,,age_related; aging_generic; aged; premature_aging,,,,,skeletal_repair,0,2024/04/24,https://www.ncbi.nlm.nih.gov/geo/query/acc.cgi?acc=GSE182540
GSE149202,Differences in gene expression among AMD and non-AMD patients arise after initial fibroblasts are reprogrammed to iPSC and differentiation into RPE,exclude,-4,SuperSeries 的实际子研究指向非皮肤细胞，皮肤老化仅为背景,exclude,SuperSeries 的实际子研究指向非皮肤细胞，皮肤老化仅为背景,two_stage_rule,True,intrinsic_skin_aging,skin,age_related,,,,fibroblast_reprogramming,pluripotent,1,2024/04/23,https://www.ncbi.nlm.nih.gov/geo/query/acc.cgi?acc=GSE149202
GSE264327,Nano-encapsulated senolytics cocktail ameliorates germ cell senescence in female mice,exclude,6,第一阶段未同时发现皮肤对象和老化概念,exclude,第一阶段未同时发现皮肤对象和老化概念,two_stage_rule,False,rejuvenation_intervention,,age_related; aged; senescence; rejuvenation,,,anti_aging_intervention,,,0,2024/04/23,https://www.ncbi.nlm.nih.gov/geo/query/acc.cgi?acc=GSE264327
GSE262932,Systemic comparison of molecular characteristics in different skin fibroblast senescent models,include,7,标题明确以老化/细胞衰老为主题，Overall Design 验证了皮肤来源样本,include,标题明确以老化/细胞衰老为主题，Overall Design 验证了皮肤来源样本,two_stage_rule,True,cellular_senescence,skin,aging_generic; senescence,skin_fibroblast,,,,,0,2024/04/10,https://www.ncbi.nlm.nih.gov/geo/query/acc.cgi?acc=GSE262932
GSE262961,miRNA expression profile of human GMSC-derived EVs,exclude,2,SuperSeries 的实际子研究指向非皮肤细胞，皮肤老化仅为背景,exclude,SuperSeries 的实际子研究指向非皮肤细胞，皮肤老化仅为背景,two_stage_rule,True,intrinsic_skin_aging,dermis; dermal_fibroblast,aged,,,,,,1,2024/04/02,https://www.ncbi.nlm.nih.gov/geo/query/acc.cgi?acc=GSE262961
GSE252293,Epidermal Growth Factor Rejuvenates Aged Hematopoietic Stem Cells,exclude,3,标题和实验设计指向非皮肤器官，皮肤/衰老仅为附带描述,exclude,标题和实验设计指向非皮肤器官，皮肤/衰老仅为附带描述,two_stage_rule,True,rejuvenation_intervention,epidermis,aging_generic; aged; rejuvenation,,,,,blood,0,2024/04/01,https://www.ncbi.nlm.nih.gov/geo/query/acc.cgi?acc=GSE252293
GSE261101,Quietly hiding: PD-L1 checkpoint expression in melanocyte stem cell quiescence and aging,include,15,明确包含皮肤样本，并设置年龄、衰老或光老化对照,include,明确包含皮肤样本，并设置年龄、衰老或光老化对照,two_stage_rule,True,skin_appendage_aging,skin; dermis; melanocyte; skin_appendage,aging_generic; aged,skin_direct; melanocyte_sample,young_vs_old,,,,1,2024/04/01,https://www.ncbi.nlm.nih.gov/geo/query/acc.cgi?acc=GSE261101
GSE247179,Multi-omics characterization of partial chemical reprogramming reveals evidence of cell rejuvenation [Array],exclude,2,第一阶段未同时发现皮肤对象和老化概念,exclude,第一阶段未同时发现皮肤对象和老化概念,two_stage_rule,False,rejuvenation_intervention,,aging_generic; aged; young_vs_old; rejuvenation,,,,,,0,2024/03/21,https://www.ncbi.nlm.nih.gov/geo/query/acc.cgi?acc=GSE247179
GSE247199,Multi-omics characterization of partial chemical reprogramming reveals evidence of cell rejuvenation,exclude,2,第一阶段未同时发现皮肤对象和老化概念,exclude,第一阶段未同时发现皮肤对象和老化概念,two_stage_rule,False,rejuvenation_intervention,,rejuvenation,,,,,,0,2024/03/21,https://www.ncbi.nlm.nih.gov/geo/query/acc.cgi?acc=GSE247199
GSE237268,Transcription-Associated Chromatin Reorganization During Cellular Rejuvenation (Hi-C),exclude,2,第一阶段未同时发现皮肤对象和老化概念,exclude,第一阶段未同时发现皮肤对象和老化概念,two_stage_rule,False,rejuvenation_intervention,,aging_generic; aged; young_vs_old; rejuvenation,,,,,,0,2024/03/20,https://www.ncbi.nlm.nih.gov/geo/query/acc.cgi?acc=GSE237268
GSE237269,Transcription-Associated Chromatin Reorganization During Cellular Rejuvenation (RNA-Seq),exclude,2,第一阶段未同时发现皮肤对象和老化概念,exclude,第一阶段未同时发现皮肤对象和老化概念,two_stage_rule,False,rejuvenation_intervention,,aging_generic; aged; young_vs_old; rejuvenation,,,,,,0,2024/03/20,https://www.ncbi.nlm.nih.gov/geo/query/acc.cgi?acc=GSE237269
GSE237271,Transcription-Associated Chromatin Reorganization During Cellular Rejuvenation,exclude,2,第一阶段未同时发现皮肤对象和老化概念,exclude,第一阶段未同时发现皮肤对象和老化概念,two_stage_rule,False,rejuvenation_intervention,,rejuvenation,,,,,,0,2024/03/20,https://www.ncbi.nlm.nih.gov/geo/query/acc.cgi?acc=GSE237271
GSE255684,Functional analysis and transcriptome profile of meninges and skin fibroblasts from human aged donors,include,9,标题明确以老化/细胞衰老为主题，Overall Design 验证了皮肤来源样本,exclude,研究主问题是 aged donor 脑膜与皮肤成纤维细胞的组织差异，没有年龄对照，主要服务于 CNS 研究。,evidence_adjudication,True,intrinsic_skin_aging,skin,aged,skin_fibroblast,,,,,1,2024/02/29,https://www.ncbi.nlm.nih.gov/geo/query/acc.cgi?acc=GSE255684
GSE256050,Senescent fibroblasts and innate immune cell activation might play a role in the pathogenesis of elderly atopic dermatitis,exclude,2,SuperSeries 的实际子研究指向非皮肤细胞，皮肤老化仅为背景,exclude,SuperSeries 的实际子研究指向非皮肤细胞，皮肤老化仅为背景,two_stage_rule,True,cellular_senescence,skin,senescence,,,,,,0,2024/02/23,https://www.ncbi.nlm.nih.gov/geo/query/acc.cgi?acc=GSE256050
GSE156014,Dietary restriction delays but cannot heal irradiation-induced hair graying by preserving hair follicle stem cells in quiescence,include,7,标题明确以老化/细胞衰老为主题，Overall Design 验证了皮肤来源样本,include,标题明确以老化/细胞衰老为主题，Overall Design 验证了皮肤来源样本,two_stage_rule,True,intrinsic_skin_aging,skin; skin_appendage,skin_appendage_aging_phenotype; aging_generic,skin_appendage_sample,,,,,0,2024/02/21,https://www.ncbi.nlm.nih.gov/geo/query/acc.cgi?acc=GSE156014
GSE255049,CGRP sensory neurons promote tissue healing by modulating neutrophils and macrophages,exclude,-3,第一阶段未同时发现皮肤对象和老化概念,exclude,第一阶段未同时发现皮肤对象和老化概念,two_stage_rule,False,intrinsic_skin_aging,skin,,,,,,neurologic,0,2024/02/18,https://www.ncbi.nlm.nih.gov/geo/query/acc.cgi?acc=GSE255049
GSE236849,Accelerated Aging and Microsatellite Instability in Recessive Dystrophic Epidermolysis Bullosa-Associated Cutaneous Squamous Cell Carcinoma,exclude,3,研究核心为肿瘤，缺少皮肤老化样本与年龄对照的共同证据,exclude,研究核心为肿瘤，缺少皮肤老化样本与年龄对照的共同证据,two_stage_rule,True,intrinsic_skin_aging,skin; cutaneous; epidermis,aging_generic,skin_tissue,,,,cancer; other_disease,0,2024/02/17,https://www.ncbi.nlm.nih.gov/geo/query/acc.cgi?acc=GSE236849
GSE224673,Transcriptome profiling of lesional skin from 3-week-old Tg.hKLK5 mice,exclude,5,第一阶段未同时发现皮肤对象和老化概念,exclude,第一阶段未同时发现皮肤对象和老化概念,two_stage_rule,False,intrinsic_skin_aging,skin; epidermis,,skin_direct,,,,,0,2024/02/05,https://www.ncbi.nlm.nih.gov/geo/query/acc.cgi?acc=GSE224673
GSE255023,Single-cell sequencing Unveils Age-Dependent Differential Impacts of Mxra7 Knockout on Mouse Bone Marrow Immune Cell Development and Function,exclude,-3,研究核心为特定疾病模型，未直接研究皮肤老化,exclude,研究核心为特定疾病模型，未直接研究皮肤老化,two_stage_rule,True,intrinsic_skin_aging,skin,aged,,,,,skeletal_repair,0,2024/02/04,https://www.ncbi.nlm.nih.gov/geo/query/acc.cgi?acc=GSE255023
GSE240486,Anti-aging and Rejuvenating Effects and Potential Mechanism of Dead Sea Water in Skin,include,9,标题明确以皮肤老化为研究主问题，实验设计未发现相反证据,include,标题明确以皮肤老化为研究主问题，实验设计未发现相反证据,two_stage_rule,True,rejuvenation_intervention,skin; epidermis; dermis; dermal_fibroblast,photoaging; age_related; aging_generic; senescence; rejuvenation,,,anti_aging_intervention; aged_skin_treatment,,,0,2024/02/01,https://www.ncbi.nlm.nih.gov/geo/query/acc.cgi?acc=GSE240486
GSE254881,Stem Leydig cells support macrophage immunological homeostasis through intercellular mitochondria transfer in a TRPM7-mediated manner in the testis,exclude,-3,第一阶段未同时发现皮肤对象和老化概念,exclude,第一阶段未同时发现皮肤对象和老化概念,two_stage_rule,False,intrinsic_skin_aging,,aging_generic,,,,,reproductive,0,2024/02/01,https://www.ncbi.nlm.nih.gov/geo/query/acc.cgi?acc=GSE254881
GSE246691,The R1441C-LRRK2 mutation induces myeloid immune cell exhaustion in an age- and sex-dependent manner,exclude,-3,第一阶段未同时发现皮肤对象和老化概念,exclude,第一阶段未同时发现皮肤对象和老化概念,two_stage_rule,False,intrinsic_skin_aging,,aging_generic,,,,age_covariate_only,,0,2024/01/31,https://www.ncbi.nlm.nih.gov/geo/query/acc.cgi?acc=GSE246691
GSE194373,BMI1 is required for melanocyte stem cell maintenance and hair pigmentation,exclude,5,同时命中皮肤和老化词，但缺少主研究问题与样本证据,exclude,同时命中皮肤和老化词，但缺少主研究问题与样本证据,two_stage_rule,True,intrinsic_skin_aging,cutaneous; melanocyte,skin_appendage_aging_phenotype,melanocyte_sample,,,,,0,2024/01/28,https://www.ncbi.nlm.nih.gov/geo/query/acc.cgi?acc=GSE194373
GSE215808,Maresin 1 Repletion Improves Muscle Regeneration After Volumetric Muscle Loss,exclude,0,第一阶段未同时发现皮肤对象和老化概念,exclude,第一阶段未同时发现皮肤对象和老化概念,two_stage_rule,False,intrinsic_skin_aging,,,,,,,,0,2024/01/18,https://www.ncbi.nlm.nih.gov/geo/query/acc.cgi?acc=GSE215808
GSE234789,Perturbation of the circadian clock contributes to radiotherapy-induced salivary gland hypofunction,exclude,0,第一阶段未同时发现皮肤对象和老化概念,exclude,第一阶段未同时发现皮肤对象和老化概念,two_stage_rule,False,intrinsic_skin_aging,,,,,,,,0,2024/01/01,https://www.ncbi.nlm.nih.gov/geo/query/acc.cgi?acc=GSE234789
GSE218906,PD-L1 ubiquitination by MIB2 enables its translocation to the plasma membrane for tumor immune evasion,exclude,-3,第一阶段未同时发现皮肤对象和老化概念,exclude,第一阶段未同时发现皮肤对象和老化概念,two_stage_rule,False,intrinsic_skin_aging,,,,,,,cancer,0,2023/12/31,https://www.ncbi.nlm.nih.gov/geo/query/acc.cgi?acc=GSE218906
GSE163839,DNA methylation of fibroblasts from Cockayne syndrome and UV-sensitivity syndrome patients [450k],exclude,-3,第一阶段未同时发现皮肤对象和老化概念,exclude,第一阶段未同时发现皮肤对象和老化概念,two_stage_rule,False,intrinsic_skin_aging,,aging_generic,,,,,systemic_premature_aging,0,2023/12/24,https://www.ncbi.nlm.nih.gov/geo/query/acc.cgi?acc=GSE163839
GSE163840,DNA methylation of fibroblasts from Cockayne syndrome and UV-sensitivity syndrome patients [EPIC],exclude,-3,第一阶段未同时发现皮肤对象和老化概念,exclude,第一阶段未同时发现皮肤对象和老化概念,two_stage_rule,False,intrinsic_skin_aging,,aging_generic,,,,,systemic_premature_aging,0,2023/12/24,https://www.ncbi.nlm.nih.gov/geo/query/acc.cgi?acc=GSE163840
GSE163178,Transcriptome analysis among young and senescent fibroblasts expressing shLuciferase or shFbxo22,include,8,明确包含皮肤样本，并设置年龄、衰老或光老化对照,include,明确包含皮肤样本，并设置年龄、衰老或光老化对照,two_stage_rule,True,cellular_senescence,skin,senescence,skin_direct,senescent_control,,,,0,2023/12/14,https://www.ncbi.nlm.nih.gov/geo/query/acc.cgi?acc=GSE163178
GSE220231,PSIP1/LEDGF reduces R-loops at transcription sites and maintain genome integrity (CUT&Tag-Seq),exclude,0,第一阶段未同时发现皮肤对象和老化概念,exclude,第一阶段未同时发现皮肤对象和老化概念,two_stage_rule,False,intrinsic_skin_aging,,aging_generic,,,,,,0,2023/12/08,https://www.ncbi.nlm.nih.gov/geo/query/acc.cgi?acc=GSE220231
GSE220232,PSIP1/LEDGF reduces R-loops at transcription sites and maintain genome integrity (RNA-Seq),exclude,0,第一阶段未同时发现皮肤对象和老化概念,exclude,第一阶段未同时发现皮肤对象和老化概念,two_stage_rule,False,intrinsic_skin_aging,,aging_generic,,,,,,0,2023/12/08,https://www.ncbi.nlm.nih.gov/geo/query/acc.cgi?acc=GSE220232
GSE220233,PSIP1/LEDGF reduces R-loops at transcription sites and maintain genome integrity (TT-Seq),exclude,0,第一阶段未同时发现皮肤对象和老化概念,exclude,第一阶段未同时发现皮肤对象和老化概念,two_stage_rule,False,intrinsic_skin_aging,,aging_generic,,,,,,0,2023/12/08,https://www.ncbi.nlm.nih.gov/geo/query/acc.cgi?acc=GSE220233
GSE147723,"ChIP-seq analysis comparing WT, TAp63-/-, and ΔNp63-/- primary murine keratinocytes",exclude,5,同时命中皮肤和老化词，但缺少主研究问题与样本证据,exclude,同时命中皮肤和老化词，但缺少主研究问题与样本证据,two_stage_rule,True,intrinsic_skin_aging,skin; epidermis; keratinocyte,aging_generic; senescence; premature_aging,keratinocyte_sample,,,,,0,2023/12/06,https://www.ncbi.nlm.nih.gov/geo/query/acc.cgi?acc=GSE147723
GSE249225,RNA-seq profiling of epidermal tissues of visually younger and older women in the Youngster-Oldie (Y-O) study,include,14,明确包含皮肤样本，并设置年龄、衰老或光老化对照,include,明确包含皮肤样本，并设置年龄、衰老或光老化对照,two_stage_rule,True,intrinsic_skin_aging,skin; epidermis,skin_aging; chronological_aging; age_related; aging_generic; aged; young_vs_old,epidermal_sample,young_vs_old,,,,2,2023/12/04,https://www.ncbi.nlm.nih.gov/geo/query/acc.cgi?acc=GSE249225
GSE221927,Molecular characterization of aged human eccrine gland cells using single-cell transcriptomic analysis,exclude,2,同时命中皮肤和老化词，但缺少主研究问题与样本证据,exclude,同时命中皮肤和老化词，但缺少主研究问题与样本证据,two_stage_rule,True,intrinsic_skin_aging,skin,aged,,,,,,0,2023/12/01,https://www.ncbi.nlm.nih.gov/geo/query/acc.cgi?acc=GSE221927
GSE235606,Long non-coding RNA PVT1 is overexpressed in cutaneous squamous cell carcinoma and exon 2 is critical for its oncogenicity,exclude,-1,研究核心为肿瘤，缺少皮肤老化样本与年龄对照的共同证据,exclude,研究核心为肿瘤，缺少皮肤老化样本与年龄对照的共同证据,two_stage_rule,True,intrinsic_skin_aging,skin; cutaneous,senescence,,,,,cancer,0,2023/11/30,https://www.ncbi.nlm.nih.gov/geo/query/acc.cgi?acc=GSE235606
GSE222691,Transcriptional profiling by RNA-seq in Dbx2-overexpressing cultures of adult neural progenitors,exclude,-1,标题和实验设计指向非皮肤器官，皮肤/衰老仅为附带描述,exclude,标题和实验设计指向非皮肤器官，皮肤/衰老仅为附带描述,two_stage_rule,True,intrinsic_skin_aging,epidermis,aging_generic; aged; young_vs_old,,,,,neurologic,1,2023/11/29,https://www.ncbi.nlm.nih.gov/geo/query/acc.cgi?acc=GSE222691
GSE247049,Highly cooperative chimeric super-SOX induces naïve pluripotency across species [RNA-Seq],exclude,0,第一阶段未同时发现皮肤对象和老化概念,exclude,第一阶段未同时发现皮肤对象和老化概念,two_stage_rule,False,intrinsic_skin_aging,,,,,,,,0,2023/11/27,https://www.ncbi.nlm.nih.gov/geo/query/acc.cgi?acc=GSE247049
GSE247050,Highly cooperative chimeric super-SOX induces naïve pluripotency across species [RRBS],exclude,0,第一阶段未同时发现皮肤对象和老化概念,exclude,第一阶段未同时发现皮肤对象和老化概念,two_stage_rule,False,intrinsic_skin_aging,,,,,,,,0,2023/11/27,https://www.ncbi.nlm.nih.gov/geo/query/acc.cgi?acc=GSE247050
GSE247469,SIRT1 prevents R-loops during chronological aging by modulating DNA replication at rDNA loci,exclude,4,第一阶段未同时发现皮肤对象和老化概念,exclude,第一阶段未同时发现皮肤对象和老化概念,two_stage_rule,False,intrinsic_skin_aging,,chronological_aging; aging_generic,,,,,,0,2023/11/27,https://www.ncbi.nlm.nih.gov/geo/query/acc.cgi?acc=GSE247469
GSE248483,A study of genetic variants associated with skin traits in the Vietnamese population,exclude,2,同时命中皮肤和老化词，但缺少主研究问题与样本证据,exclude,同时命中皮肤和老化词，但缺少主研究问题与样本证据,two_stage_rule,True,intrinsic_skin_aging,skin; cutaneous,skin_aging; aging_generic,,,,,,0,2023/11/26,https://www.ncbi.nlm.nih.gov/geo/query/acc.cgi?acc=GSE248483
GSE247964,The browning and mobilization of subcutaneous white adipose tissue supports efficient skin repair,exclude,2,同时命中皮肤和老化词，但缺少主研究问题与样本证据,exclude,同时命中皮肤和老化词，但缺少主研究问题与样本证据,two_stage_rule,True,intrinsic_skin_aging,skin; dermis,aging_generic,,,,,,0,2023/11/21,https://www.ncbi.nlm.nih.gov/geo/query/acc.cgi?acc=GSE247964
GSE218198,Transcriptomic analysis of human dermal fibroblasts overexpressing ANKRD1.,exclude,4,同时命中皮肤和老化词，但缺少主研究问题与样本证据,exclude,同时命中皮肤和老化词，但缺少主研究问题与样本证据,two_stage_rule,True,intrinsic_skin_aging,dermis; dermal_fibroblast,senescence,,,,,,0,2023/11/10,https://www.ncbi.nlm.nih.gov/geo/query/acc.cgi?acc=GSE218198
GSE218204,ChIP-seq analysis of primary human dermal fibroblasts overexpressing ANKRD1 in human dermal fibroblasts (HDFs),exclude,4,同时命中皮肤和老化词，但缺少主研究问题与样本证据,exclude,同时命中皮肤和老化词，但缺少主研究问题与样本证据,two_stage_rule,True,intrinsic_skin_aging,dermis; dermal_fibroblast,senescence,,,,,,0,2023/11/10,https://www.ncbi.nlm.nih.gov/geo/query/acc.cgi?acc=GSE218204
GSE239551,Polyamine metabolite spermidine rejuvenates the oocyte quality by enhancing mitophagy during female reproductive aging,exclude,1,第一阶段未同时发现皮肤对象和老化概念,exclude,第一阶段未同时发现皮肤对象和老化概念,two_stage_rule,False,rejuvenation_intervention,,aging_generic; aged; rejuvenation,,,,,reproductive,0,2023/11/10,https://www.ncbi.nlm.nih.gov/geo/query/acc.cgi?acc=GSE239551
GSE239292,ChIp-Seq on Normal Human Cholangiocytes,exclude,0,第一阶段未同时发现皮肤对象和老化概念,exclude,第一阶段未同时发现皮肤对象和老化概念,two_stage_rule,False,intrinsic_skin_aging,,senescence,,,,,,0,2023/11/08,https://www.ncbi.nlm.nih.gov/geo/query/acc.cgi?acc=GSE239292
GSE216548,VEXAS syndrome is characterized by blood and tissues inflammasome pathway activation and monocyte dysregulation,exclude,0,SuperSeries 的实际子研究指向非皮肤细胞，皮肤老化仅为背景,exclude,SuperSeries 的实际子研究指向非皮肤细胞，皮肤老化仅为背景,two_stage_rule,True,intrinsic_skin_aging,skin,aged,,,,,,0,2023/11/06,https://www.ncbi.nlm.nih.gov/geo/query/acc.cgi?acc=GSE216548
GSE244995,Genome-wide methylation profiles of post-mortem tissue samples (human) 3,exclude,2,同时命中皮肤和老化词，但缺少主研究问题与样本证据,exclude,同时命中皮肤和老化词，但缺少主研究问题与样本证据,two_stage_rule,True,intrinsic_skin_aging,epidermis; dermis,aged,,,,,,1,2023/10/22,https://www.ncbi.nlm.nih.gov/geo/query/acc.cgi?acc=GSE244995
GSE222771,Arraystar m6A-mRNA Epitranscriptomic Microarray Analysis of Atopic Dermatitis and healthy controls,exclude,0,第一阶段未同时发现皮肤对象和老化概念,exclude,第一阶段未同时发现皮肤对象和老化概念,two_stage_rule,False,intrinsic_skin_aging,,,,,,,,0,2023/10/12,https://www.ncbi.nlm.nih.gov/geo/query/acc.cgi?acc=GSE222771
GSE241430,Longitudinal modeling of human neuronal aging reveals the contribution of the RCAN1-TFEB pathway to Huntington's disease neurodegeneration,exclude,-1,第一阶段未同时发现皮肤对象和老化概念,exclude,第一阶段未同时发现皮肤对象和老化概念,two_stage_rule,False,intrinsic_skin_aging,,aging_generic; aged,,,,,neurologic,0,2023/10/10,https://www.ncbi.nlm.nih.gov/geo/query/acc.cgi?acc=GSE241430
GSE244430,Fangji Dihuang formulation ameliorated DNCB-induced atopic dermatitis-like skin lesions by IL-17 signaling pathway: Integrating network analysis and experimental validation,exclude,5,第一阶段未同时发现皮肤对象和老化概念,exclude,第一阶段未同时发现皮肤对象和老化概念,two_stage_rule,False,intrinsic_skin_aging,skin,,skin_direct,,,,,0,2023/10/10,https://www.ncbi.nlm.nih.gov/geo/query/acc.cgi?acc=GSE244430
GSE242072,Epigenetic aging of Māui and Hector's dolphins,exclude,2,同时命中皮肤和老化词，但缺少主研究问题与样本证据,exclude,同时命中皮肤和老化词，但缺少主研究问题与样本证据,two_stage_rule,True,intrinsic_skin_aging,skin,aging_generic,,,,,,0,2023/09/28,https://www.ncbi.nlm.nih.gov/geo/query/acc.cgi?acc=GSE242072
GSE203034,Single-cell analysis of human dermal fibroblasts isolated from a single male donor over 35 years,include,15,明确包含皮肤样本，并设置年龄、衰老或光老化对照,include,明确包含皮肤样本，并设置年龄、衰老或光老化对照,two_stage_rule,True,intrinsic_skin_aging,skin; dermis; dermal_fibroblast,skin_aging; age_related; aging_generic; senescence,dermal_sample,age_groups; serial_ages,,,,1,2023/09/21,https://www.ncbi.nlm.nih.gov/geo/query/acc.cgi?acc=GSE203034
GSE231305,Bone dysplasia in Hutchinson-Gilford Progeria Syndrome is associated with dysregulated differentiation and function of bone cell populations.,exclude,-6,研究核心为特定疾病模型，未直接研究皮肤老化,exclude,研究核心为特定疾病模型，未直接研究皮肤老化,two_stage_rule,True,intrinsic_skin_aging,dermis,aging_generic; premature_aging,,,,,skeletal_repair; systemic_premature_aging,0,2023/09/18,https://www.ncbi.nlm.nih.gov/geo/query/acc.cgi?acc=GSE231305
GSE158000,ESC-sEVs rejuvenate aging hippocampal NSCs by transferring SMADs to regulate the MYT1-Egln3-Sirt1 axis,exclude,1,第一阶段未同时发现皮肤对象和老化概念,exclude,第一阶段未同时发现皮肤对象和老化概念,two_stage_rule,False,rejuvenation_intervention,,age_related; aging_generic; senescence; rejuvenation,,,,,neurologic,0,2023/09/09,https://www.ncbi.nlm.nih.gov/geo/query/acc.cgi?acc=GSE158000
GSE234154,Increased hyaluronan by naked mole-rat HAS2 extends healthspan in mice,exclude,0,第一阶段未同时发现皮肤对象和老化概念,exclude,第一阶段未同时发现皮肤对象和老化概念,two_stage_rule,False,intrinsic_skin_aging,,aging_generic,,,,,,0,2023/09/08,https://www.ncbi.nlm.nih.gov/geo/query/acc.cgi?acc=GSE234154
GSE242252,Unravelling the immune signature of herpes zoster: Insights into pathophysiology and the HLA risk profile,exclude,0,第一阶段未同时发现皮肤对象和老化概念,exclude,第一阶段未同时发现皮肤对象和老化概念,two_stage_rule,False,intrinsic_skin_aging,,,,,,,,0,2023/09/08,https://www.ncbi.nlm.nih.gov/geo/query/acc.cgi?acc=GSE242252
GSE157340,Direct reprogramming of human fibroblasts to expandable induced dopaminergic neuronal progenitors for Parkinson’s disease therapy [ChIP-seq],exclude,-3,第一阶段未同时发现皮肤对象和老化概念,exclude,第一阶段未同时发现皮肤对象和老化概念,two_stage_rule,False,intrinsic_skin_aging,,aged,,,,,neurologic,0,2023/08/31,https://www.ncbi.nlm.nih.gov/geo/query/acc.cgi?acc=GSE157340
GSE157392,Direct reprogramming of human fibroblasts to expandable induced dopaminergic neuronal progenitors for Parkinson’s disease therapy [Array],exclude,-3,第一阶段未同时发现皮肤对象和老化概念,exclude,第一阶段未同时发现皮肤对象和老化概念,two_stage_rule,False,intrinsic_skin_aging,,aged,,,,,neurologic,0,2023/08/31,https://www.ncbi.nlm.nih.gov/geo/query/acc.cgi?acc=GSE157392
GSE157394,Direct reprogramming of human fibroblasts to expandable induced dopaminergic neuronal progenitors for Parkinson’s disease therapy,exclude,-3,第一阶段未同时发现皮肤对象和老化概念,exclude,第一阶段未同时发现皮肤对象和老化概念,two_stage_rule,False,intrinsic_skin_aging,,,,,,,neurologic,0,2023/08/31,https://www.ncbi.nlm.nih.gov/geo/query/acc.cgi?acc=GSE157394
GSE224293,CRISPR-Screen Identifies Senescence-Related Genes in Human Dyskeratosis Congenita Cells,exclude,2,第一阶段未同时发现皮肤对象和老化概念,exclude,第一阶段未同时发现皮肤对象和老化概念,two_stage_rule,False,cellular_senescence,,aging_generic; senescence; premature_aging,,,,,,0,2023/08/30,https://www.ncbi.nlm.nih.gov/geo/query/acc.cgi?acc=GSE224293
GSE240209,"Melatonin, as a downstream molecule of follicle-stimulating hormone, improves nutrient accumulation and mitochondrial function in mammalian oocytes.",exclude,-3,第一阶段未同时发现皮肤对象和老化概念,exclude,第一阶段未同时发现皮肤对象和老化概念,two_stage_rule,False,intrinsic_skin_aging,,aged; rejuvenation,,,,,reproductive,0,2023/08/12,https://www.ncbi.nlm.nih.gov/geo/query/acc.cgi?acc=GSE240209
GSE240226,Effect of rice fermentation and succinic acid on gene expression of human dermal fibroblasts irradiated with UVA,include,16,皮肤样本用于验证抗衰老或年轻化干预,include,皮肤样本用于验证抗衰老或年轻化干预,two_stage_rule,True,intrinsic_skin_aging,skin; dermis; dermal_fibroblast,skin_aging; photoaging; aging_generic; senescence; rejuvenation,skin_direct; dermal_sample; hdf,,anti_aging_intervention,,,1,2023/08/10,https://www.ncbi.nlm.nih.gov/geo/query/acc.cgi?acc=GSE240226
GSE211241,Characterization of the effects of Runx1 KO in the mouse adult ovary,exclude,-3,第一阶段未同时发现皮肤对象和老化概念,exclude,第一阶段未同时发现皮肤对象和老化概念,two_stage_rule,False,intrinsic_skin_aging,,aged,,,,,reproductive,0,2023/08/08,https://www.ncbi.nlm.nih.gov/geo/query/acc.cgi?acc=GSE211241
GSE233680,CUT&RUN seq of HSF4 and COIL after UV stimulation of NIH-3T3 cells,exclude,0,同时命中皮肤和老化词，但缺少主研究问题与样本证据,exclude,同时命中皮肤和老化词，但缺少主研究问题与样本证据,two_stage_rule,True,intrinsic_skin_aging,skin,aging_generic,,,,,,0,2023/08/08,https://www.ncbi.nlm.nih.gov/geo/query/acc.cgi?acc=GSE233680
GSE210996,Mechanism for the modifier effect of RCAN1 in neurodegeneration of Huntington’s disease in patient-derived neurons [ATAC-Seq],exclude,-3,第一阶段未同时发现皮肤对象和老化概念,exclude,第一阶段未同时发现皮肤对象和老化概念,two_stage_rule,False,intrinsic_skin_aging,,,,,,,neurologic,0,2023/08/07,https://www.ncbi.nlm.nih.gov/geo/query/acc.cgi?acc=GSE210996
GSE164780,Insights into Epithelial Cell Senescence from Transcriptome and Secretome Analysis of Human Oral Keratinocytes [DNA-Seq],exclude,10,实际研究对象为口腔/黏膜细胞，而非皮肤组织或皮肤来源细胞,exclude,实际研究对象为口腔角质形成细胞，且该子系列不是皮肤组学数据。,evidence_adjudication,True,cellular_senescence,keratinocyte,age_related; aging_generic; senescence; rejuvenation,keratinocyte_sample,,anti_aging_intervention,,oral_mucosa,2,2023/07/19,https://www.ncbi.nlm.nih.gov/geo/query/acc.cgi?acc=GSE164780
GSE225829,An engineered Sox17 induces somatic to neural stem cell fate transition independently from pluripotency reprogramming [RNA-seq II],exclude,-3,第一阶段未同时发现皮肤对象和老化概念,exclude,第一阶段未同时发现皮肤对象和老化概念,two_stage_rule,False,intrinsic_skin_aging,,aged,,,,,neurologic,0,2023/07/19,https://www.ncbi.nlm.nih.gov/geo/query/acc.cgi?acc=GSE225829
GSE235768,Conserved transcriptomic signatures and protein markers in cellular senescence models,exclude,2,第一阶段未同时发现皮肤对象和老化概念,exclude,第一阶段未同时发现皮肤对象和老化概念,two_stage_rule,False,cellular_senescence,,senescence,,,,,,0,2023/07/17,https://www.ncbi.nlm.nih.gov/geo/query/acc.cgi?acc=GSE235768
GSE236967,Hypoglycosylated FSH enhances oocyte quality via increased cell-to-cell interaction during mouse follicle development,exclude,-3,第一阶段未同时发现皮肤对象和老化概念,exclude,第一阶段未同时发现皮肤对象和老化概念,two_stage_rule,False,intrinsic_skin_aging,,aging_generic,,,,,reproductive,0,2023/07/15,https://www.ncbi.nlm.nih.gov/geo/query/acc.cgi?acc=GSE236967
GSE209769,Vemurafenib induces a noncanonical senescence-associated secretory phenotype in melanoma cells which promotes vemurafenib resistance,exclude,-1,第一阶段未同时发现皮肤对象和老化概念,exclude,第一阶段未同时发现皮肤对象和老化概念,two_stage_rule,False,cellular_senescence,,senescence,,,,,cancer,0,2023/07/07,https://www.ncbi.nlm.nih.gov/geo/query/acc.cgi?acc=GSE209769
GSE226189,Transcriptomes of human primary skin fibroblasts reveal age-associated mRNAs and long noncoding RNAs,include,11,标题明确以老化/细胞衰老为主题，Overall Design 验证了皮肤来源样本,include,标题明确以老化/细胞衰老为主题，Overall Design 验证了皮肤来源样本,two_stage_rule,True,intrinsic_skin_aging,skin,age_related; aging_generic,skin_fibroblast,,,,,3,2023/07/06,https://www.ncbi.nlm.nih.gov/geo/query/acc.cgi?acc=GSE226189
GSE236617,DNA methylation changes in mice induced by mock parabiosis,exclude,0,第一阶段未同时发现皮肤对象和老化概念,exclude,第一阶段未同时发现皮肤对象和老化概念,two_stage_rule,False,intrinsic_skin_aging,,aging_generic,,,,,,0,2023/07/06,https://www.ncbi.nlm.nih.gov/geo/query/acc.cgi?acc=GSE236617
GSE153920,Nicotinamide mononucleotide supplementation reverses the declining quality of maternally aged oocytes,exclude,-1,第一阶段未同时发现皮肤对象和老化概念,exclude,第一阶段未同时发现皮肤对象和老化概念,two_stage_rule,False,intrinsic_skin_aging,,age_related; aged,,,,,reproductive,0,2023/07/01,https://www.ncbi.nlm.nih.gov/geo/query/acc.cgi?acc=GSE153920
GSE227782,Single cell analysis of transcriptome and open chromatin reveals the dynamics of hair follicle stem cell aging [scRNA-Seq],include,6,标题明确以皮肤老化为研究主问题，实验设计未发现相反证据,include,标题明确以皮肤老化为研究主问题，实验设计未发现相反证据,two_stage_rule,True,skin_appendage_aging,skin; skin_appendage,skin_appendage_aging_phenotype; aging_generic,,,,,,1,2023/06/25,https://www.ncbi.nlm.nih.gov/geo/query/acc.cgi?acc=GSE227782
GSE227783,Single cell analysis of transcriptome and open chromatin reveals the dynamics of hair follicle stem cell aging [scATAC-Seq],include,9,标题明确以老化/细胞衰老为主题，Overall Design 验证了皮肤来源样本,include,标题明确以老化/细胞衰老为主题，Overall Design 验证了皮肤来源样本,two_stage_rule,True,skin_appendage_aging,skin; skin_appendage,skin_appendage_aging_phenotype; aging_generic,skin_direct,,,,,1,2023/06/25,https://www.ncbi.nlm.nih.gov/geo/query/acc.cgi?acc=GSE227783
GSE227784,Single cell analysis of transcriptome and open chromatin reveals the dynamics of hair follicle stem cell aging,include,9,标题明确以老化/细胞衰老为主题，Overall Design 验证了皮肤来源样本,include,标题明确以老化/细胞衰老为主题，Overall Design 验证了皮肤来源样本,two_stage_rule,True,skin_appendage_aging,skin_appendage,aging_generic,skin_appendage_sample,,,,,1,2023/06/25,https://www.ncbi.nlm.nih.gov/geo/query/acc.cgi?acc=GSE227784
GSE182158,Single-Cell Transcriptome Atlas of Human Mesenchymal Stem Cells,exclude,0,SuperSeries 的实际子研究指向非皮肤细胞，皮肤老化仅为背景,exclude,SuperSeries 的实际子研究指向非皮肤细胞，皮肤老化仅为背景,two_stage_rule,True,intrinsic_skin_aging,dermis,senescence,,,,,,0,2023/06/19,https://www.ncbi.nlm.nih.gov/geo/query/acc.cgi?acc=GSE182158
GSE213812,Prenatal exposure to benzo[a]pyrene depletes ovarian reserve and masculinizes embryonic ovarian germ cell transcriptome transgenerationally [RNA-seq],exclude,-6,第一阶段未同时发现皮肤对象和老化概念,exclude,第一阶段未同时发现皮肤对象和老化概念,two_stage_rule,False,intrinsic_skin_aging,,senescence,,,,,embryonic_development; reproductive,0,2023/06/07,https://www.ncbi.nlm.nih.gov/geo/query/acc.cgi?acc=GSE213812
GSE213945,Prenatal exposure to benzo[a]pyrene depletes ovarian reserve and masculinizes embryonic ovarian germ cell transcriptome transgenerationally I,exclude,-6,第一阶段未同时发现皮肤对象和老化概念,exclude,第一阶段未同时发现皮肤对象和老化概念,two_stage_rule,False,intrinsic_skin_aging,,senescence,,,,,embryonic_development; reproductive,0,2023/06/07,https://www.ncbi.nlm.nih.gov/geo/query/acc.cgi?acc=GSE213945
GSE213946,Prenatal exposure to benzo[a]pyrene depletes ovarian reserve and masculinizes embryonic ovarian germ cell transcriptome transgenerationally II,exclude,-6,第一阶段未同时发现皮肤对象和老化概念,exclude,第一阶段未同时发现皮肤对象和老化概念,two_stage_rule,False,intrinsic_skin_aging,,senescence,,,,,embryonic_development; reproductive,0,2023/06/07,https://www.ncbi.nlm.nih.gov/geo/query/acc.cgi?acc=GSE213946
GSE230356,Prenatal exposure to benzo[a]pyrene depletes ovarian reserve and masculinizes embryonic ovarian germ cell transcriptome transgenerationally [Bisulfite-Seq],exclude,-6,第一阶段未同时发现皮肤对象和老化概念,exclude,第一阶段未同时发现皮肤对象和老化概念,two_stage_rule,False,intrinsic_skin_aging,,senescence,,,,,embryonic_development; reproductive,0,2023/06/07,https://www.ncbi.nlm.nih.gov/geo/query/acc.cgi?acc=GSE230356
GSE218919,BCAS2 regulates granulosa cell survival via participating in Flt3l mRNA splicing,exclude,-3,第一阶段未同时发现皮肤对象和老化概念,exclude,第一阶段未同时发现皮肤对象和老化概念,two_stage_rule,False,intrinsic_skin_aging,,senescence,,,,,reproductive,0,2023/06/01,https://www.ncbi.nlm.nih.gov/geo/query/acc.cgi?acc=GSE218919
GSE232350,The metallic compound promotes primordial follicle activation and ameliorates fertility deficits in aged mice,exclude,-1,第一阶段未同时发现皮肤对象和老化概念,exclude,第一阶段未同时发现皮肤对象和老化概念,two_stage_rule,False,intrinsic_skin_aging,,aged,,,,,reproductive,0,2023/05/27,https://www.ncbi.nlm.nih.gov/geo/query/acc.cgi?acc=GSE232350
GSE223646,Compartmentalization of human B cell responses in early life through induction of bronchus-associated lymphoid tissue,exclude,0,第一阶段未同时发现皮肤对象和老化概念,exclude,第一阶段未同时发现皮肤对象和老化概念,two_stage_rule,False,intrinsic_skin_aging,,aged,,,,,,0,2023/05/25,https://www.ncbi.nlm.nih.gov/geo/query/acc.cgi?acc=GSE223646
GSE229915,Heat promotes melanogenesis by increasing the paracrine effects in keratinocytes via the TRPV3/Ca2+/Hh signaling pathway,exclude,5,同时命中皮肤和老化词，但缺少主研究问题与样本证据,exclude,同时命中皮肤和老化词，但缺少主研究问题与样本证据,two_stage_rule,True,intrinsic_skin_aging,skin; keratinocyte,aging_generic,keratinocyte_sample,,,,,0,2023/05/20,https://www.ncbi.nlm.nih.gov/geo/query/acc.cgi?acc=GSE229915
GSE232425,mRNA expression of mid-old fibroblasts co-cultured with young and mid-old fibroblasts,exclude,5,第一阶段未同时发现皮肤对象和老化概念,exclude,第一阶段未同时发现皮肤对象和老化概念,two_stage_rule,False,intrinsic_skin_aging,,young_vs_old,,young_vs_old,,,,0,2023/05/19,https://www.ncbi.nlm.nih.gov/geo/query/acc.cgi?acc=GSE232425
GSE232427,"mRNA expression of young, mid-old, and old fibroblasts",exclude,8,第一阶段未同时发现皮肤对象和老化概念,exclude,第一阶段未同时发现皮肤对象和老化概念,two_stage_rule,False,intrinsic_skin_aging,,young_vs_old,hdf,young_vs_old,,,,0,2023/05/19,https://www.ncbi.nlm.nih.gov/geo/query/acc.cgi?acc=GSE232427
GSE231853,Initiation Phase Cellular Reprogramming Rejuvenates DNA Damage Repair Defect In The Ercc1 Accelerated Aging Mouse Model,exclude,4,第一阶段未同时发现皮肤对象和老化概念,exclude,第一阶段未同时发现皮肤对象和老化概念,two_stage_rule,False,aged_skin_repair,,aging_generic; senescence; rejuvenation,,,,,,0,2023/05/11,https://www.ncbi.nlm.nih.gov/geo/query/acc.cgi?acc=GSE231853
GSE231971,C-type lectin receptor expression is a hallmark of neutrophils infiltrating the skin in epidermolysis bulls acquisita.,exclude,4,第一阶段未同时发现皮肤对象和老化概念,exclude,第一阶段未同时发现皮肤对象和老化概念,two_stage_rule,False,intrinsic_skin_aging,skin; epidermis,,,,,,,0,2023/05/11,https://www.ncbi.nlm.nih.gov/geo/query/acc.cgi?acc=GSE231971
GSE182410,"Accelerated replicative senescence of ataxia-telangiectasia skin fibroblasts is retained at physiologic oxygen levels, with unique and common transcriptional patterns",include,10,明确包含皮肤样本，并设置年龄、衰老或光老化对照,include,明确包含皮肤样本，并设置年龄、衰老或光老化对照,two_stage_rule,True,cellular_senescence,skin,age_related; aging_generic; senescence; premature_aging,skin_fibroblast,replicative_aging,,,,0,2023/05/09,https://www.ncbi.nlm.nih.gov/geo/query/acc.cgi?acc=GSE182410
GSE39144,"Expression data of human induced pluripotent stem cells (hiPSCs), human embryonic stem cells (hESCs) and those differentiated cells.",exclude,-3,第一阶段未同时发现皮肤对象和老化概念,exclude,第一阶段未同时发现皮肤对象和老化概念,two_stage_rule,False,intrinsic_skin_aging,,,hdf,,,,embryonic_development; pluripotent,0,2023/05/09,https://www.ncbi.nlm.nih.gov/geo/query/acc.cgi?acc=GSE39144
GSE203330,"Age-dependent immune and lymphatic responses after spinal cord injury [RNA-seq, aged]",exclude,2,第一阶段未同时发现皮肤对象和老化概念,exclude,第一阶段未同时发现皮肤对象和老化概念,two_stage_rule,False,intrinsic_skin_aging,,aging_generic; aged; young_vs_old,,,,,,0,2023/04/28,https://www.ncbi.nlm.nih.gov/geo/query/acc.cgi?acc=GSE203330
GSE205037,"Age-dependent immune and lymphatic responses after spinal cord injury [RNA-seq, young]",exclude,0,第一阶段未同时发现皮肤对象和老化概念,exclude,第一阶段未同时发现皮肤对象和老化概念,two_stage_rule,False,intrinsic_skin_aging,,aging_generic; aged; young_vs_old,,,,,,0,2023/04/28,https://www.ncbi.nlm.nih.gov/geo/query/acc.cgi?acc=GSE205037
GSE224361,DNA methylation changes in mice induced by parabiosis and recovery [HorvathMammalMethylChip40],exclude,0,第一阶段未同时发现皮肤对象和老化概念,exclude,第一阶段未同时发现皮肤对象和老化概念,two_stage_rule,False,intrinsic_skin_aging,,aging_generic,,,,,,0,2023/04/21,https://www.ncbi.nlm.nih.gov/geo/query/acc.cgi?acc=GSE224361
GSE224378,Gene expression changes in mice induced by parabiosis and recovery [RNA-seq],exclude,0,第一阶段未同时发现皮肤对象和老化概念,exclude,第一阶段未同时发现皮肤对象和老化概念,two_stage_rule,False,intrinsic_skin_aging,,aging_generic,,,,,,0,2023/04/21,https://www.ncbi.nlm.nih.gov/geo/query/acc.cgi?acc=GSE224378
GSE224442,DNA methylation changes in mice induced by parabiosis and recovery [RRBS],exclude,0,第一阶段未同时发现皮肤对象和老化概念,exclude,第一阶段未同时发现皮肤对象和老化概念,two_stage_rule,False,intrinsic_skin_aging,,aging_generic,,,,,,0,2023/04/21,https://www.ncbi.nlm.nih.gov/geo/query/acc.cgi?acc=GSE224442
GSE224447,DNA methylation and gene expression changes in mice induced by parabiosis and recovery,exclude,0,第一阶段未同时发现皮肤对象和老化概念,exclude,第一阶段未同时发现皮肤对象和老化概念,two_stage_rule,False,intrinsic_skin_aging,,,,,,,,0,2023/04/21,https://www.ncbi.nlm.nih.gov/geo/query/acc.cgi?acc=GSE224447
GSE201098,Metformin promotes in vitro maturation of oocytes from aged mice,exclude,-1,第一阶段未同时发现皮肤对象和老化概念,exclude,第一阶段未同时发现皮肤对象和老化概念,two_stage_rule,False,intrinsic_skin_aging,,aging_generic; aged,,,,,reproductive,0,2023/04/20,https://www.ncbi.nlm.nih.gov/geo/query/acc.cgi?acc=GSE201098
GSE230026,Senotherapeutic peptide treatment reduces biological age and senescence burden in human skin models,include,7,标题明确以老化/细胞衰老为主题，Overall Design 验证了皮肤来源样本,include,标题明确以老化/细胞衰老为主题，Overall Design 验证了皮肤来源样本,two_stage_rule,True,cellular_senescence,skin,senescence,skin_direct,,,,,0,2023/04/20,https://www.ncbi.nlm.nih.gov/geo/query/acc.cgi?acc=GSE230026
GSE205692,Escape From Oncogene-Induced Senescence is Controlled by POU2F2 and Memorized by Chromatin Scars [Expression],exclude,2,第一阶段未同时发现皮肤对象和老化概念,exclude,第一阶段未同时发现皮肤对象和老化概念,two_stage_rule,False,cellular_senescence,,senescence,,,,,,0,2023/04/05,https://www.ncbi.nlm.nih.gov/geo/query/acc.cgi?acc=GSE205692
GSE205898,Escape From Oncogene-Induced Senescence is Controlled by POU2F2 and Memorized by Chromatin Scars [ChIP-seq],exclude,2,第一阶段未同时发现皮肤对象和老化概念,exclude,第一阶段未同时发现皮肤对象和老化概念,two_stage_rule,False,cellular_senescence,,senescence,,,,,,0,2023/04/05,https://www.ncbi.nlm.nih.gov/geo/query/acc.cgi?acc=GSE205898
GSE206402,Escape From Oncogene-Induced Senescence is Controlled by POU2F2 and Memorized by Chromatin Scars [ATAC-seq],exclude,2,第一阶段未同时发现皮肤对象和老化概念,exclude,第一阶段未同时发现皮肤对象和老化概念,two_stage_rule,False,cellular_senescence,,senescence,,,,,,0,2023/04/05,https://www.ncbi.nlm.nih.gov/geo/query/acc.cgi?acc=GSE206402
GSE206493,Escape From Oncogene-Induced Senescence is Controlled by POU2F2 and Memorized by Chromatin Scars [RNA-seq],exclude,2,第一阶段未同时发现皮肤对象和老化概念,exclude,第一阶段未同时发现皮肤对象和老化概念,two_stage_rule,False,cellular_senescence,,senescence,,,,,,0,2023/04/05,https://www.ncbi.nlm.nih.gov/geo/query/acc.cgi?acc=GSE206493
GSE206496,Escape From Oncogene-Induced Senescence is Controlled by POU2F2 and Memorized by Chromatin Scars,exclude,2,第一阶段未同时发现皮肤对象和老化概念,exclude,第一阶段未同时发现皮肤对象和老化概念,two_stage_rule,False,cellular_senescence,,senescence,,,,,,0,2023/04/05,https://www.ncbi.nlm.nih.gov/geo/query/acc.cgi?acc=GSE206496
GSE228470,Senescent melanocytes driven by glycolytic changes are characterized by melanosome transfer dysfunction [RNA-seq],include,11,标题明确以老化/细胞衰老为主题，Overall Design 验证了皮肤来源样本,include,标题明确以老化/细胞衰老为主题，Overall Design 验证了皮肤来源样本,two_stage_rule,True,cellular_senescence,melanocyte,senescence,melanocyte_sample,,,,,2,2023/04/03,https://www.ncbi.nlm.nih.gov/geo/query/acc.cgi?acc=GSE228470
GSE228471,Senescent melanocytes driven by glycolytic changes are characterized by melanosome transfer dysfunction [scRNA-seq],include,11,标题明确以老化/细胞衰老为主题，Overall Design 验证了皮肤来源样本,include,标题明确以老化/细胞衰老为主题，Overall Design 验证了皮肤来源样本,two_stage_rule,True,cellular_senescence,melanocyte,senescence,melanocyte_sample,,,,,2,2023/04/03,https://www.ncbi.nlm.nih.gov/geo/query/acc.cgi?acc=GSE228471
GSE215912,Fate restricted stromal fibroblasts and adipocytes demonstrate multi-modal responses to tissue injury,exclude,0,同时命中皮肤和老化词，但缺少主研究问题与样本证据,exclude,同时命中皮肤和老化词，但缺少主研究问题与样本证据,two_stage_rule,True,intrinsic_skin_aging,skin,aging_generic,,,,,,0,2023/03/31,https://www.ncbi.nlm.nih.gov/geo/query/acc.cgi?acc=GSE215912
GSE191055,"Young and old breast skin, and fibroblast cell line RNA seq data",include,20,明确包含皮肤样本，并设置年龄、衰老或光老化对照,include,明确包含皮肤样本，并设置年龄、衰老或光老化对照,two_stage_rule,True,cellular_senescence,skin,aged_skin; young_vs_old; senescence,skin_direct; skin_tissue,young_vs_old; senescent_control,,,,2,2023/03/30,https://www.ncbi.nlm.nih.gov/geo/query/acc.cgi?acc=GSE191055
GSE222639,Large scale production of melanocyte derived from pluripotent stem cells for biotherapeutic approaches to treat skin pigmentation disorders,exclude,7,同时命中皮肤和老化词，但缺少主研究问题与样本证据,exclude,同时命中皮肤和老化词，但缺少主研究问题与样本证据,two_stage_rule,True,intrinsic_skin_aging,skin; melanocyte,senescence,melanocyte_sample,,,,,0,2023/03/30,https://www.ncbi.nlm.nih.gov/geo/query/acc.cgi?acc=GSE222639
GSE226331,Alteration of m6A epitranscriptome profile in the bleomycin-treated mouse model of scleroderma,exclude,0,第一阶段未同时发现皮肤对象和老化概念,exclude,第一阶段未同时发现皮肤对象和老化概念,two_stage_rule,False,intrinsic_skin_aging,,,,,,,,0,2023/03/27,https://www.ncbi.nlm.nih.gov/geo/query/acc.cgi?acc=GSE226331
GSE190182,Trancriptomics effect of IL-17 blockade on aged murine epidermal cells [young vs old],include,12,明确包含皮肤样本，并设置年龄、衰老或光老化对照,include,明确包含皮肤样本，并设置年龄、衰老或光老化对照,two_stage_rule,True,intrinsic_skin_aging,epidermis,skin_aging; aged; young_vs_old,epidermal_sample,young_vs_old,,,,0,2023/03/24,https://www.ncbi.nlm.nih.gov/geo/query/acc.cgi?acc=GSE190182
GSE190393,Trancriptomics effect of IL-17 blockade on aged murine epidermal cells,include,7,标题明确以老化/细胞衰老为主题，Overall Design 验证了皮肤来源样本,include,标题明确以老化/细胞衰老为主题，Overall Design 验证了皮肤来源样本,two_stage_rule,True,intrinsic_skin_aging,epidermis,skin_aging; aged,epidermal_sample,,,,,0,2023/03/24,https://www.ncbi.nlm.nih.gov/geo/query/acc.cgi?acc=GSE190393
GSE213732,Analysis of p65 genomic location changes with IL-17 blockade,exclude,0,同时命中皮肤和老化词，但缺少主研究问题与样本证据,exclude,同时命中皮肤和老化词，但缺少主研究问题与样本证据,two_stage_rule,True,intrinsic_skin_aging,epidermis,skin_aging; aged,,,,,,0,2023/03/24,https://www.ncbi.nlm.nih.gov/geo/query/acc.cgi?acc=GSE213732
GSE200002,Fibroblast heterogeneity: a new phenotype associated with photoaging/solar elastosis,include,18,明确包含皮肤样本，并设置年龄、衰老或光老化对照,include,明确包含皮肤样本，并设置年龄、衰老或光老化对照,two_stage_rule,True,photoaging,skin; epidermis; dermis; dermal_fibroblast; keratinocyte; skin_model,photoaging; photoaging_phenotype; aging_generic; young_vs_old,dermal_sample; keratinocyte_sample,young_vs_old; photoaging_model,,,,1,2023/03/22,https://www.ncbi.nlm.nih.gov/geo/query/acc.cgi?acc=GSE200002
GSE227160,DNA methylation analysis of cellular senescence,exclude,4,SuperSeries 的实际子研究指向非皮肤细胞，皮肤老化仅为背景,exclude,SuperSeries 的实际子研究指向非皮肤细胞，皮肤老化仅为背景,two_stage_rule,True,cellular_senescence,skin,senescence,,,,,,1,2023/03/20,https://www.ncbi.nlm.nih.gov/geo/query/acc.cgi?acc=GSE227160
GSE198907,Steroidogenic factor 1 regulates transcription of the inhibin B co-receptor in pituitary gonadotrope cells,exclude,0,第一阶段未同时发现皮肤对象和老化概念,exclude,第一阶段未同时发现皮肤对象和老化概念,two_stage_rule,False,intrinsic_skin_aging,,,,,,,,0,2023/03/13,https://www.ncbi.nlm.nih.gov/geo/query/acc.cgi?acc=GSE198907
GSE217312,Age-related alterations in meningeal immunity drive impaired CNS lymphatic drainage [FACS LECs],exclude,2,第一阶段未同时发现皮肤对象和老化概念,exclude,第一阶段未同时发现皮肤对象和老化概念,two_stage_rule,False,intrinsic_skin_aging,,age_related; aging_generic; aged; young_vs_old,,,,,,0,2023/03/10,https://www.ncbi.nlm.nih.gov/geo/query/acc.cgi?acc=GSE217312
GSE217458,Characterizing expression changes in noncoding RNAs during aging and heterochronic parabiosis across mouse tissues,exclude,2,第一阶段未同时发现皮肤对象和老化概念,exclude,第一阶段未同时发现皮肤对象和老化概念,two_stage_rule,False,intrinsic_skin_aging,,aging_generic; rejuvenation,,,,,,0,2023/03/10,https://www.ncbi.nlm.nih.gov/geo/query/acc.cgi?acc=GSE217458
GSE226452,Transcriptome analysis of the potential mechanism of Longkui Yinxiao soup in the treatment of imiquimod-induced psoriasis-like mice,exclude,-3,第一阶段未同时发现皮肤对象和老化概念,exclude,第一阶段未同时发现皮肤对象和老化概念,two_stage_rule,False,intrinsic_skin_aging,skin,,,,,,other_disease,0,2023/03/03,https://www.ncbi.nlm.nih.gov/geo/query/acc.cgi?acc=GSE226452
GSE225848,Aging-related changes of facial skin microbiome in healthy women.,include,7,标题明确以老化/细胞衰老为主题，Overall Design 验证了皮肤来源样本,include,标题明确以老化/细胞衰老为主题，Overall Design 验证了皮肤来源样本,two_stage_rule,True,intrinsic_skin_aging,skin,aging_generic,skin_direct,,,,,0,2023/02/24,https://www.ncbi.nlm.nih.gov/geo/query/acc.cgi?acc=GSE225848
GSE221376,Immunotoxin-αCD40 therapy activates innate and adaptive immunity and generates a durable antitumor response in glioblastoma models,exclude,-6,Overall Design 的实际样本属于其他器官、肿瘤或非皮肤细胞,exclude,Overall Design 的实际样本属于其他器官、肿瘤或非皮肤细胞,two_stage_rule,True,intrinsic_skin_aging,epidermis,senescence,,,,,cancer; neurologic,0,2023/02/17,https://www.ncbi.nlm.nih.gov/geo/query/acc.cgi?acc=GSE221376
GSE220238,DNA methylation changes from primary cultures through senescence-bypass in Syrian hamster fetal cells initially exposed to benzo[a]pyrene,exclude,2,第一阶段未同时发现皮肤对象和老化概念,exclude,第一阶段未同时发现皮肤对象和老化概念,two_stage_rule,False,cellular_senescence,,senescence,,,,,,0,2023/02/10,https://www.ncbi.nlm.nih.gov/geo/query/acc.cgi?acc=GSE220238
GSE197588,Wound memory of epidermal stem cells [scRNAseq L1-aged],include,9,标题明确以老化/细胞衰老为主题，Overall Design 验证了皮肤来源样本,include,标题明确以老化/细胞衰老为主题，Overall Design 验证了皮肤来源样本,two_stage_rule,True,aged_skin_repair,skin; epidermis; skin_stem_cell,aging_generic; aged,epidermal_sample,,,,,0,2023/02/02,https://www.ncbi.nlm.nih.gov/geo/query/acc.cgi?acc=GSE197588
GSE197392,ApoA-I nanotherapy rescues inadequate post-ischemic vascular adaptation in diabetic mice by modulating macrophage phenotype,exclude,0,同时命中皮肤和老化词，但缺少主研究问题与样本证据,exclude,同时命中皮肤和老化词，但缺少主研究问题与样本证据,two_stage_rule,True,intrinsic_skin_aging,skin,aged,,,,,,0,2023/01/30,https://www.ncbi.nlm.nih.gov/geo/query/acc.cgi?acc=GSE197392
GSE222638,CPEB1-dependent disruption of the mRNA translation program in oocytes during maternal aging,exclude,-1,第一阶段未同时发现皮肤对象和老化概念,exclude,第一阶段未同时发现皮肤对象和老化概念,two_stage_rule,False,intrinsic_skin_aging,,aging_generic; young_vs_old,,,,,reproductive,0,2023/01/11,https://www.ncbi.nlm.nih.gov/geo/query/acc.cgi?acc=GSE222638
GSE184892,Highly concentrated trehalose induces prohealing senescence-like state in fibroblasts via CDKN1A/p21,include,5,标题明确以老化/细胞衰老为主题，Overall Design 验证了皮肤来源样本,include,标题明确以老化/细胞衰老为主题，Overall Design 验证了皮肤来源样本,two_stage_rule,True,aged_skin_repair,skin; epidermis; dermis; keratinocyte; skin_model,senescence,keratinocyte_sample,,,,,0,2023/01/10,https://www.ncbi.nlm.nih.gov/geo/query/acc.cgi?acc=GSE184892
GSE190697,Selective autophagic degradation of ATP citrate lyase maintains citrate homeostasis and promotes oocyte maturation,exclude,-3,第一阶段未同时发现皮肤对象和老化概念,exclude,第一阶段未同时发现皮肤对象和老化概念,two_stage_rule,False,intrinsic_skin_aging,,aging_generic,,,,,reproductive,0,2023/01/09,https://www.ncbi.nlm.nih.gov/geo/query/acc.cgi?acc=GSE190697
GSE198629,Type I IFN stimulates lymph node stromal cells from adult and old mice during a West Nile virus infection,exclude,3,第一阶段未同时发现皮肤对象和老化概念,exclude,第一阶段未同时发现皮肤对象和老化概念,two_stage_rule,False,intrinsic_skin_aging,,age_related; aging_generic; aged; senescence,,young_vs_old,,,,0,2023/01/05,https://www.ncbi.nlm.nih.gov/geo/query/acc.cgi?acc=GSE198629
GSE146969,Development of gene expression signatures for barrier recovery phase in epidermis from acute barrier disruption,exclude,2,第一阶段未同时发现皮肤对象和老化概念,exclude,第一阶段未同时发现皮肤对象和老化概念,two_stage_rule,False,intrinsic_skin_aging,skin; epidermis,,,,,,,0,2023/01/01,https://www.ncbi.nlm.nih.gov/geo/query/acc.cgi?acc=GSE146969
GSE171050,"RiboMeth-seq profiling of ribose methylations in ribosomal RNA of proliferating, quiescent and senescent primary human dermal fibroblasts.",include,19,明确包含皮肤样本，并设置年龄、衰老或光老化对照,include,明确包含皮肤样本，并设置年龄、衰老或光老化对照,two_stage_rule,True,cellular_senescence,dermis; dermal_fibroblast,senescence,dermal_sample; hdf,senescent_control,,,,2,2023/01/01,https://www.ncbi.nlm.nih.gov/geo/query/acc.cgi?acc=GSE171050
GSE175650,Fate restricted stromal fibroblasts and adipocytes demonstrate multi-modal responses to tissue injury,exclude,3,同时命中皮肤和老化词，但缺少主研究问题与样本证据,exclude,同时命中皮肤和老化词，但缺少主研究问题与样本证据,two_stage_rule,True,intrinsic_skin_aging,skin,aging_generic,skin_direct,,,,,0,2023/01/01,https://www.ncbi.nlm.nih.gov/geo/query/acc.cgi?acc=GSE175650
GSE193920,Local IL-17 orchestrates skin aging,include,8,标题明确以皮肤老化为研究主问题，实验设计未发现相反证据,include,标题明确以皮肤老化为研究主问题，实验设计未发现相反证据,two_stage_rule,True,intrinsic_skin_aging,skin; epidermis; dermis; skin_appendage,skin_aging; aged_skin; age_related; aging_generic; aged,,,,,,1,2022/12/31,https://www.ncbi.nlm.nih.gov/geo/query/acc.cgi?acc=GSE193920
GSE200612,"10X Gemonics Single-cell RNA sequence of ovaries at P1,P14,W8,M8 and M12",exclude,0,第一阶段未同时发现皮肤对象和老化概念,exclude,第一阶段未同时发现皮肤对象和老化概念,two_stage_rule,False,intrinsic_skin_aging,,senescence,,,,,,0,2022/12/31,https://www.ncbi.nlm.nih.gov/geo/query/acc.cgi?acc=GSE200612
GSE221027,Human PSEN1 Mutant Glia Improve Spatial Learning and Memory in Aged Mice,exclude,2,第一阶段未同时发现皮肤对象和老化概念,exclude,第一阶段未同时发现皮肤对象和老化概念,two_stage_rule,False,intrinsic_skin_aging,,aged,,,,,,0,2022/12/15,https://www.ncbi.nlm.nih.gov/geo/query/acc.cgi?acc=GSE221027
GSE206495,Exploratory Study to Identify Skin Anti-Aging Biomarkers as a Result of a Non-ablative Fractional Laser Treatment,include,15,明确包含皮肤样本，并设置年龄、衰老或光老化对照,include,明确包含皮肤样本，并设置年龄、衰老或光老化对照,two_stage_rule,True,photoaging,skin; dermis,photoaging; aging_generic; rejuvenation,skin_direct,photoaging_model,anti_aging_intervention; aged_skin_treatment,,,0,2022/12/09,https://www.ncbi.nlm.nih.gov/geo/query/acc.cgi?acc=GSE206495
GSE218785,Single-cell transcriptional atlas revealed that the resident progenitor cell niche functions in TMJ disc development and injury,exclude,0,第一阶段未同时发现皮肤对象和老化概念,exclude,第一阶段未同时发现皮肤对象和老化概念,two_stage_rule,False,intrinsic_skin_aging,,aging_generic,,,,,,0,2022/12/01,https://www.ncbi.nlm.nih.gov/geo/query/acc.cgi?acc=GSE218785
GSE188862,Uncharged tRNAGln as an indicator of intracellular amino acid level upregulates UBC expression to maintain its charging level,exclude,0,第一阶段未同时发现皮肤对象和老化概念,exclude,第一阶段未同时发现皮肤对象和老化概念,two_stage_rule,False,intrinsic_skin_aging,,,,,,,,0,2022/11/30,https://www.ncbi.nlm.nih.gov/geo/query/acc.cgi?acc=GSE188862
GSE198657,"Innate type 2 immunity controls hair follicle commensalism by Demodex mites [IL-4, IL-13]",exclude,2,同时命中皮肤和老化词，但缺少主研究问题与样本证据,exclude,同时命中皮肤和老化词，但缺少主研究问题与样本证据,two_stage_rule,True,intrinsic_skin_aging,skin; cutaneous; skin_appendage,aging_generic,,,,,,0,2022/11/29,https://www.ncbi.nlm.nih.gov/geo/query/acc.cgi?acc=GSE198657
GSE206141,ANT2 accelerates cutaneous wound healing in aged skin by reverse senescence,include,15,标题明确以老化/细胞衰老为主题，Overall Design 验证了皮肤来源样本,include,标题明确以老化/细胞衰老为主题，Overall Design 验证了皮肤来源样本,two_stage_rule,True,aged_skin_repair,skin; cutaneous; dermis; dermal_fibroblast,aged_skin; age_related; aging_generic; aged; senescence,hdf,,,,,1,2022/11/21,https://www.ncbi.nlm.nih.gov/geo/query/acc.cgi?acc=GSE206141
GSE178545,RAS induced senescence of skin keratinocytes is mediated through Rho kinase,include,11,标题明确以老化/细胞衰老为主题，Overall Design 验证了皮肤来源样本,include,标题明确以老化/细胞衰老为主题，Overall Design 验证了皮肤来源样本,two_stage_rule,True,cellular_senescence,skin; keratinocyte,senescence,keratinocyte_sample,,,,,1,2022/10/27,https://www.ncbi.nlm.nih.gov/geo/query/acc.cgi?acc=GSE178545
GSE192564,Expression data from actinic lentigines in European volunteers,include,5,标题明确以老化/细胞衰老为主题，Overall Design 验证了皮肤来源样本,include,标题明确以老化/细胞衰老为主题，Overall Design 验证了皮肤来源样本,two_stage_rule,True,intrinsic_skin_aging,skin,skin_aging; photoaging_phenotype; aging_generic; aged,skin_punch_biopsy,,,,,0,2022/10/14,https://www.ncbi.nlm.nih.gov/geo/query/acc.cgi?acc=GSE192564
GSE192565,Expression data from actinic lentigines in Japanese volunteers,include,5,标题明确以老化/细胞衰老为主题，Overall Design 验证了皮肤来源样本,include,标题明确以老化/细胞衰老为主题，Overall Design 验证了皮肤来源样本,two_stage_rule,True,intrinsic_skin_aging,skin,skin_aging; photoaging_phenotype; aging_generic; aged,skin_punch_biopsy,,,,,0,2022/10/14,https://www.ncbi.nlm.nih.gov/geo/query/acc.cgi?acc=GSE192565
GSE215305,Muscle injury induces a transient senescence-like state that is required for myofiber growth during muscle regeneration [Spatial Transcriptomics],exclude,4,SuperSeries 的实际子研究指向非皮肤细胞，皮肤老化仅为背景,exclude,SuperSeries 的实际子研究指向非皮肤细胞，皮肤老化仅为背景,two_stage_rule,True,cellular_senescence,skin,senescence; rejuvenation,,,anti_aging_intervention,,,0,2022/10/14,https://www.ncbi.nlm.nih.gov/geo/query/acc.cgi?acc=GSE215305
GSE171897,Postnatal expansion of the lymph node stromal cell pool towards reticular and CD34+ stromal cell subsets [ATAC-seq],exclude,0,同时命中皮肤和老化词，但缺少主研究问题与样本证据,exclude,同时命中皮肤和老化词，但缺少主研究问题与样本证据,two_stage_rule,True,intrinsic_skin_aging,skin,aged,,,,,,0,2022/10/07,https://www.ncbi.nlm.nih.gov/geo/query/acc.cgi?acc=GSE171897
GSE171901,Postnatal expansion of the lymph node stromal cell pool towards reticular and CD34+ stromal cell subsets [BRB-seq],exclude,0,同时命中皮肤和老化词，但缺少主研究问题与样本证据,exclude,同时命中皮肤和老化词，但缺少主研究问题与样本证据,two_stage_rule,True,intrinsic_skin_aging,skin,aged,,,,,,0,2022/10/07,https://www.ncbi.nlm.nih.gov/geo/query/acc.cgi?acc=GSE171901
GSE171903,Postnatal expansion of the lymph node stromal cell pool towards reticular and CD34+ stromal cell subsets [RNA-seq],exclude,0,同时命中皮肤和老化词，但缺少主研究问题与样本证据,exclude,同时命中皮肤和老化词，但缺少主研究问题与样本证据,two_stage_rule,True,intrinsic_skin_aging,skin,aged,,,,,,0,2022/10/07,https://www.ncbi.nlm.nih.gov/geo/query/acc.cgi?acc=GSE171903
GSE171905,Postnatal expansion of the lymph node stromal cell pool towards reticular and CD34+ stromal cell subsets [WGBS],exclude,0,同时命中皮肤和老化词，但缺少主研究问题与样本证据,exclude,同时命中皮肤和老化词，但缺少主研究问题与样本证据,two_stage_rule,True,intrinsic_skin_aging,skin,aged,,,,,,0,2022/10/07,https://www.ncbi.nlm.nih.gov/geo/query/acc.cgi?acc=GSE171905
GSE172514,Postnatal expansion of the lymph node stromal cell pool towards reticular and CD34+ stromal cell subsets [scRNA-seq],exclude,0,同时命中皮肤和老化词，但缺少主研究问题与样本证据,exclude,同时命中皮肤和老化词，但缺少主研究问题与样本证据,two_stage_rule,True,intrinsic_skin_aging,skin,aged,,,,,,0,2022/10/07,https://www.ncbi.nlm.nih.gov/geo/query/acc.cgi?acc=GSE172514
GSE193705,Postnatal expansion of the lymph node stromal cell pool towards reticular and CD34+ stromal cell subsets [scRNA-seq II],exclude,0,同时命中皮肤和老化词，但缺少主研究问题与样本证据,exclude,同时命中皮肤和老化词，但缺少主研究问题与样本证据,two_stage_rule,True,intrinsic_skin_aging,skin,aged,,,,,,0,2022/10/07,https://www.ncbi.nlm.nih.gov/geo/query/acc.cgi?acc=GSE193705
GSE193709,Postnatal expansion of the lymph node stromal cell pool towards reticular and CD34+ stromal cell subsets [scRNA-seq III],exclude,0,同时命中皮肤和老化词，但缺少主研究问题与样本证据,exclude,同时命中皮肤和老化词，但缺少主研究问题与样本证据,two_stage_rule,True,intrinsic_skin_aging,skin,aged,,,,,,0,2022/10/07,https://www.ncbi.nlm.nih.gov/geo/query/acc.cgi?acc=GSE193709
GSE198857,Extended longevity geometrically-inverted proximal tubule organoids,exclude,0,第一阶段未同时发现皮肤对象和老化概念,exclude,第一阶段未同时发现皮肤对象和老化概念,two_stage_rule,False,intrinsic_skin_aging,,,,,,,,0,2022/10/07,https://www.ncbi.nlm.nih.gov/geo/query/acc.cgi?acc=GSE198857
GSE185086,RNA sequencing of epidermal stem cells in Fbln7 WT vs Fbln7 KO mice,include,11,摘要将皮肤老化作为组学实验的直接研究问题,include,摘要将皮肤老化作为组学实验的直接研究问题,two_stage_rule,True,intrinsic_skin_aging,epidermis; skin_stem_cell,aging_generic; aged; young_vs_old,epidermal_sample,,,,,2,2022/10/01,https://www.ncbi.nlm.nih.gov/geo/query/acc.cgi?acc=GSE185086
GSE185087,RNA sequencing of slow-and fast-cycling epidermal stem cells vs hair follicle stem cells in young vs old mice,include,21,明确包含皮肤样本，并设置年龄、衰老或光老化对照,include,明确包含皮肤样本，并设置年龄、衰老或光老化对照,two_stage_rule,True,intrinsic_skin_aging,skin; epidermis; skin_stem_cell; skin_appendage,chronological_aging; aging_generic; young_vs_old,epidermal_sample; skin_appendage_sample,young_vs_old,,,,3,2022/10/01,https://www.ncbi.nlm.nih.gov/geo/query/acc.cgi?acc=GSE185087
GSE180484,Differentially regulated miRNAs in skin fibroblasts with constitutively active Nrf2,exclude,5,同时命中皮肤和老化词，但缺少主研究问题与样本证据,exclude,同时命中皮肤和老化词，但缺少主研究问题与样本证据,two_stage_rule,True,intrinsic_skin_aging,skin; dermis,aged_skin; age_related; aging_generic; aged,skin_direct,,,,,0,2022/09/20,https://www.ncbi.nlm.nih.gov/geo/query/acc.cgi?acc=GSE180484
GSE194241,Age-related Huntington's disease progression modeled in directly reprogrammed patient-derived striatal neurons highlights impaired autophagy (Figure 2 and S2),exclude,-1,第一阶段未同时发现皮肤对象和老化概念,exclude,第一阶段未同时发现皮肤对象和老化概念,two_stage_rule,False,intrinsic_skin_aging,,age_related; aging_generic,,,,,neurologic,0,2022/09/15,https://www.ncbi.nlm.nih.gov/geo/query/acc.cgi?acc=GSE194241
GSE194242,"Age- and stage-dependent degeneration of Huntington’s disease neurons is linked to declining autophagy mediated by mir-29b-3p (Figure 5, 7 and S4)",exclude,-3,第一阶段未同时发现皮肤对象和老化概念,exclude,第一阶段未同时发现皮肤对象和老化概念,two_stage_rule,False,intrinsic_skin_aging,,age_related; aging_generic,,,,,neurologic,0,2022/09/15,https://www.ncbi.nlm.nih.gov/geo/query/acc.cgi?acc=GSE194242
GSE194243,Age- and stage-dependent degeneration of Huntington’s disease neurons is linked to declining autophagy mediated by mir-29b-3p,exclude,-3,第一阶段未同时发现皮肤对象和老化概念,exclude,第一阶段未同时发现皮肤对象和老化概念,two_stage_rule,False,intrinsic_skin_aging,,,,,,,neurologic,0,2022/09/15,https://www.ncbi.nlm.nih.gov/geo/query/acc.cgi?acc=GSE194243
GSE213223,"Expanding the prostate cancer cell line repository: insights into the first Caribbean cell line, ACRJ-PC28",exclude,-3,第一阶段未同时发现皮肤对象和老化概念,exclude,第一阶段未同时发现皮肤对象和老化概念,two_stage_rule,False,intrinsic_skin_aging,,,,,,,cancer,0,2022/09/15,https://www.ncbi.nlm.nih.gov/geo/query/acc.cgi?acc=GSE213223
GSE210020,Nintedanib induces senolytic effect via STAT3 inhibition,exclude,7,第一阶段未同时发现皮肤对象和老化概念,exclude,第一阶段未同时发现皮肤对象和老化概念,two_stage_rule,False,rejuvenation_intervention,,age_related; aging_generic; senescence; rejuvenation,hdf,,anti_aging_intervention,,,0,2022/09/06,https://www.ncbi.nlm.nih.gov/geo/query/acc.cgi?acc=GSE210020
GSE195811,Genomic signature of Fanconi anemia DNA repair pathway deficiency in cancer,exclude,0,第一阶段未同时发现皮肤对象和老化概念,exclude,第一阶段未同时发现皮肤对象和老化概念,two_stage_rule,False,intrinsic_skin_aging,keratinocyte,,keratinocyte_sample,,,,cancer,0,2022/09/04,https://www.ncbi.nlm.nih.gov/geo/query/acc.cgi?acc=GSE195811
GSE183831,mRNA sequencing of skins isolated from B6;129S4-Npytm2Rpa/J homozygous mice and wildtype litter mates reveals transcriptomic changes indicative of skin inflammation associated with Npy overexpression.,exclude,2,同时命中皮肤和老化词，但缺少主研究问题与样本证据,exclude,同时命中皮肤和老化词，但缺少主研究问题与样本证据,two_stage_rule,True,intrinsic_skin_aging,skin; cutaneous; epidermis; dermis; melanocyte; skin_appendage,skin_appendage_aging_phenotype,,,,,,0,2022/09/01,https://www.ncbi.nlm.nih.gov/geo/query/acc.cgi?acc=GSE183831
GSE197981,Innate type 2 immunity controls hair follicle commensalism by Demodex mites [2019],exclude,5,同时命中皮肤和老化词，但缺少主研究问题与样本证据,exclude,同时命中皮肤和老化词，但缺少主研究问题与样本证据,two_stage_rule,True,intrinsic_skin_aging,skin; cutaneous; skin_appendage,aging_generic,skin_direct,,,,,0,2022/08/29,https://www.ncbi.nlm.nih.gov/geo/query/acc.cgi?acc=GSE197981
GSE197982,Innate type 2 immunity controls hair follicle commensalism by Demodex mites [2021],exclude,5,同时命中皮肤和老化词，但缺少主研究问题与样本证据,exclude,同时命中皮肤和老化词，但缺少主研究问题与样本证据,two_stage_rule,True,intrinsic_skin_aging,skin; cutaneous; skin_appendage,aging_generic,skin_direct,,,,,0,2022/08/29,https://www.ncbi.nlm.nih.gov/geo/query/acc.cgi?acc=GSE197982
GSE162802,"Stat1 activation, through systemic interferon signaling, and upregulation of innate immune system receptors drives inflammaging, that is ameliorated by dietary restriction intervention [RNA-seq]",exclude,0,第一阶段未同时发现皮肤对象和老化概念,exclude,第一阶段未同时发现皮肤对象和老化概念,two_stage_rule,False,intrinsic_skin_aging,,age_related; aging_generic,,,,,,0,2022/08/25,https://www.ncbi.nlm.nih.gov/geo/query/acc.cgi?acc=GSE162802
GSE162803,"Stat1 activation, through systemic interferon signaling, and upregulation of innate immune system receptors drives inflammaging, that is ameliorated by dietary restriction intervention",exclude,0,第一阶段未同时发现皮肤对象和老化概念,exclude,第一阶段未同时发现皮肤对象和老化概念,two_stage_rule,False,intrinsic_skin_aging,,,,,,,,0,2022/08/25,https://www.ncbi.nlm.nih.gov/geo/query/acc.cgi?acc=GSE162803
GSE211839,"Expression data from SQ, TRI-SQ and Tetra-SQ-treated HFDPCs",include,5,皮肤样本用于验证抗衰老或年轻化干预,exclude,实验终点是 HFDPC 毛发生长，anti-aging 仅为材料属性描述，未设置皮肤或毛囊老化模型。,evidence_adjudication,True,intrinsic_skin_aging,dermis,aging_generic; rejuvenation,dermal_papilla,,anti_aging_intervention,,,0,2022/08/25,https://www.ncbi.nlm.nih.gov/geo/query/acc.cgi?acc=GSE211839
GSE198675,LINE-1 antisense oligonucleotide ameliorate HGPA and WRN aging phenotype.,exclude,2,第一阶段未同时发现皮肤对象和老化概念,exclude,第一阶段未同时发现皮肤对象和老化概念,two_stage_rule,False,intrinsic_skin_aging,,aging_generic; senescence; premature_aging,,,,,,0,2022/08/24,https://www.ncbi.nlm.nih.gov/geo/query/acc.cgi?acc=GSE198675
GSE205466,Single neonatal perturbations long-lastingly shape the transcriptome and TCR repertoire of the first wave of regulatory T cells,exclude,0,第一阶段未同时发现皮肤对象和老化概念,exclude,第一阶段未同时发现皮肤对象和老化概念,two_stage_rule,False,intrinsic_skin_aging,,aging_generic,,,,,,0,2022/08/23,https://www.ncbi.nlm.nih.gov/geo/query/acc.cgi?acc=GSE205466
GSE202351,Tfam-deficiency mediated mitochondrial disorder affects Langerhans cell maintenance and function,exclude,2,同时命中皮肤和老化词，但缺少主研究问题与样本证据,exclude,同时命中皮肤和老化词，但缺少主研究问题与样本证据,two_stage_rule,True,intrinsic_skin_aging,skin; cutaneous; epidermis,skin_aging; age_related; aging_generic,,,,,,1,2022/08/13,https://www.ncbi.nlm.nih.gov/geo/query/acc.cgi?acc=GSE202351
GSE192872,Transcriptional regulation of the thymus master regulator Foxn1 [RNAseq_AR3_vs_nude],exclude,0,第一阶段未同时发现皮肤对象和老化概念,exclude,第一阶段未同时发现皮肤对象和老化概念,two_stage_rule,False,intrinsic_skin_aging,skin_appendage,,,,,,,0,2022/08/03,https://www.ncbi.nlm.nih.gov/geo/query/acc.cgi?acc=GSE192872
GSE188432,Wound healing in aged skin exhibits systems-level alterations in cellular composition and cell-cell communication,include,14,明确包含皮肤样本，并设置年龄、衰老或光老化对照,include,明确包含皮肤样本，并设置年龄、衰老或光老化对照,two_stage_rule,True,aged_skin_repair,skin,aged_skin; aged; young_vs_old,skin_direct,young_vs_old,,,,1,2022/08/02,https://www.ncbi.nlm.nih.gov/geo/query/acc.cgi?acc=GSE188432
GSE166855,Single-cell transcriptomic analysis of dermal macrophage from PDGFRa-lineage origin under atopic dermatitis,exclude,2,同时命中皮肤和老化词，但缺少主研究问题与样本证据,exclude,同时命中皮肤和老化词，但缺少主研究问题与样本证据,two_stage_rule,True,intrinsic_skin_aging,skin; dermis,aged,,,,,,0,2022/07/27,https://www.ncbi.nlm.nih.gov/geo/query/acc.cgi?acc=GSE166855
GSE197471,Cell division drives DNA methylation loss in late-replicating domains in primary human cells [RNA-seq],exclude,0,第一阶段未同时发现皮肤对象和老化概念,exclude,第一阶段未同时发现皮肤对象和老化概念,two_stage_rule,False,intrinsic_skin_aging,,aging_generic,,,,,,0,2022/07/25,https://www.ncbi.nlm.nih.gov/geo/query/acc.cgi?acc=GSE197471
GSE197512,Cell division drives DNA methylation loss in late-replicating domains in primary human cells [methylation array],exclude,0,第一阶段未同时发现皮肤对象和老化概念,exclude,第一阶段未同时发现皮肤对象和老化概念,two_stage_rule,False,intrinsic_skin_aging,,aging_generic,,,,,,0,2022/07/25,https://www.ncbi.nlm.nih.gov/geo/query/acc.cgi?acc=GSE197512
GSE197545,Cell division drives DNA methylation loss in late-replicating domains in primary human cells,exclude,0,第一阶段未同时发现皮肤对象和老化概念,exclude,第一阶段未同时发现皮肤对象和老化概念,two_stage_rule,False,intrinsic_skin_aging,,,,,,,,0,2022/07/25,https://www.ncbi.nlm.nih.gov/geo/query/acc.cgi?acc=GSE197545
GSE190064,FSH-deficiency in gonadotrope-specific GATA2 knockout mice is associated with a loss of gremlin expression [snATAC-Seq],exclude,0,第一阶段未同时发现皮肤对象和老化概念,exclude,第一阶段未同时发现皮肤对象和老化概念,two_stage_rule,False,intrinsic_skin_aging,,,,,,,,0,2022/07/14,https://www.ncbi.nlm.nih.gov/geo/query/acc.cgi?acc=GSE190064
GSE199763,Age-related alterations in macrophage distribution and function impair cutaneous wound healing,include,9,标题明确以皮肤老化为研究主问题，实验设计未发现相反证据,include,标题明确以皮肤老化为研究主问题，实验设计未发现相反证据,two_stage_rule,True,aged_skin_repair,skin; cutaneous,age_related; aging_generic; aged; young_vs_old,,young_vs_old,,,,1,2022/06/24,https://www.ncbi.nlm.nih.gov/geo/query/acc.cgi?acc=GSE199763
GSE178115,Synergistic chemical combination for cell cycle restoration in senescent cells via FoxM1 and E2F1 activation,include,5,标题明确以老化/细胞衰老为主题，Overall Design 验证了皮肤来源样本,include,标题明确以老化/细胞衰老为主题，Overall Design 验证了皮肤来源样本,two_stage_rule,True,cellular_senescence,dermis; dermal_fibroblast,aging_generic; senescence,dermal_sample,,,,,0,2022/06/22,https://www.ncbi.nlm.nih.gov/geo/query/acc.cgi?acc=GSE178115
GSE206684,Transcriptional profiling of Hutchinson-Gilford Progeria syndrome fibroblasts reveals deficits in mesenchymal stem cell commitment to differentiation related to early events in endochondral ossification. [RNA-Seq],exclude,-3,第一阶段未同时发现皮肤对象和老化概念,exclude,第一阶段未同时发现皮肤对象和老化概念,two_stage_rule,False,intrinsic_skin_aging,,aged,,,,,systemic_premature_aging,0,2022/06/22,https://www.ncbi.nlm.nih.gov/geo/query/acc.cgi?acc=GSE206684
GSE165666,Transcriptional effects of YAP/TAZ knockdown in fibroblasts,exclude,2,同时命中皮肤和老化词，但缺少主研究问题与样本证据,exclude,同时命中皮肤和老化词，但缺少主研究问题与样本证据,two_stage_rule,True,intrinsic_skin_aging,skin,young_vs_old,,,,,,1,2022/06/20,https://www.ncbi.nlm.nih.gov/geo/query/acc.cgi?acc=GSE165666
GSE165668,YAP/TAZ activity in stromal cells prevents ageing by controlling cGAS/STING,exclude,2,第一阶段未同时发现皮肤对象和老化概念,exclude,第一阶段未同时发现皮肤对象和老化概念,two_stage_rule,False,intrinsic_skin_aging,,aging_generic,,,,,,0,2022/06/20,https://www.ncbi.nlm.nih.gov/geo/query/acc.cgi?acc=GSE165668
GSE205395,Aging exacerbates neuromuscular junction disruption after injury that stimulates pro-inflammatory and diminishes pro-regenerative factor expression in macrophages and fibroadipogenic progenitors.,exclude,2,第一阶段未同时发现皮肤对象和老化概念,exclude,第一阶段未同时发现皮肤对象和老化概念,two_stage_rule,False,intrinsic_skin_aging,,aging_generic; aged,,,,,,0,2022/06/05,https://www.ncbi.nlm.nih.gov/geo/query/acc.cgi?acc=GSE205395
GSE195707,Senolytics rescue blunted muscle hypertrophy in old mice,exclude,4,第一阶段未同时发现皮肤对象和老化概念,exclude,第一阶段未同时发现皮肤对象和老化概念,two_stage_rule,False,rejuvenation_intervention,,aging_generic; young_vs_old; senescence; rejuvenation,,,anti_aging_intervention,,,0,2022/05/29,https://www.ncbi.nlm.nih.gov/geo/query/acc.cgi?acc=GSE195707
GSE193386,"Transcriptome profiling reveals different expression pattern in baseline group, 0G group,and 5G group in ex vivo organ-cultured HFs.",exclude,2,同时命中皮肤和老化词，但缺少主研究问题与样本证据,exclude,同时命中皮肤和老化词，但缺少主研究问题与样本证据,two_stage_rule,True,intrinsic_skin_aging,melanocyte; skin_appendage,skin_appendage_aging_phenotype; age_related; aging_generic; senescence; rejuvenation,,,anti_aging_intervention,,,0,2022/05/19,https://www.ncbi.nlm.nih.gov/geo/query/acc.cgi?acc=GSE193386
GSE190756,Comparative transcriptomics reveals circadian and pluripotency networks as two pillars of longevity regulation,exclude,2,第一阶段未同时发现皮肤对象和老化概念,exclude,第一阶段未同时发现皮肤对象和老化概念,two_stage_rule,False,intrinsic_skin_aging,,aging_generic; rejuvenation,,,anti_aging_intervention,,,0,2022/05/18,https://www.ncbi.nlm.nih.gov/geo/query/acc.cgi?acc=GSE190756
GSE173385,Single-cell RNA-seq of UVB-radiated Skin Reveals Landscape of Photoaging-related Inflammation and Protection by Vitamin D,include,12,明确包含皮肤样本，并设置年龄、衰老或光老化对照,include,明确包含皮肤样本，并设置年龄、衰老或光老化对照,two_stage_rule,True,photoaging,skin,photoaging,skin_direct,photoaging_model,,,,1,2022/05/16,https://www.ncbi.nlm.nih.gov/geo/query/acc.cgi?acc=GSE173385
GSE171035,"Global transcriptional profiles of plantar epidermal basal cells from normal diet-fed, HFD-fed, and aged mice",include,14,标题明确以老化/细胞衰老为主题，Overall Design 验证了皮肤来源样本,include,标题明确以老化/细胞衰老为主题，Overall Design 验证了皮肤来源样本,two_stage_rule,True,intrinsic_skin_aging,skin; epidermis; dermis; keratinocyte,aged,skin_direct; dermal_sample,,,,,3,2022/05/15,https://www.ncbi.nlm.nih.gov/geo/query/acc.cgi?acc=GSE171035
GSE201447,ScRNA-seq Analysis of Whole Skin Cells from Irradiated and Naïve Mice,exclude,5,第一阶段未同时发现皮肤对象和老化概念,exclude,第一阶段未同时发现皮肤对象和老化概念,two_stage_rule,False,intrinsic_skin_aging,skin,,skin_tissue,,,,,0,2022/05/04,https://www.ncbi.nlm.nih.gov/geo/query/acc.cgi?acc=GSE201447
GSE201451,The gene expression of co-cultured mid old cells,exclude,3,第一阶段未同时发现皮肤对象和老化概念,exclude,第一阶段未同时发现皮肤对象和老化概念,two_stage_rule,False,intrinsic_skin_aging,,young_vs_old; rejuvenation,hdf,,,,,0,2022/04/30,https://www.ncbi.nlm.nih.gov/geo/query/acc.cgi?acc=GSE201451
GSE201464,The gene expression of aged HDF cells.,exclude,5,第一阶段未同时发现皮肤对象和老化概念,exclude,第一阶段未同时发现皮肤对象和老化概念,two_stage_rule,False,intrinsic_skin_aging,,aged; young_vs_old,hdf,,,,,0,2022/04/30,https://www.ncbi.nlm.nih.gov/geo/query/acc.cgi?acc=GSE201464
GSE165176,Multi-omic rejuvenation of human cells by maturation phase transient reprogramming [Sendai_RNAseq],exclude,-2,Overall Design 的实际样本属于其他器官、肿瘤或非皮肤细胞,exclude,Overall Design 的实际样本属于其他器官、肿瘤或非皮肤细胞,two_stage_rule,True,rejuvenation_intervention,dermis; dermal_fibroblast,age_related; aging_generic; rejuvenation,,,anti_aging_intervention,fibroblast_reprogramming,pluripotent,0,2022/04/19,https://www.ncbi.nlm.nih.gov/geo/query/acc.cgi?acc=GSE165176
GSE165177,Multi-omic rejuvenation of human cells by maturation phase transient reprogramming [Transient_RNAseq],exclude,1,皮肤细胞仅作为重编程或疾病诊断材料，并非皮肤老化研究对象,exclude,皮肤细胞仅作为重编程或疾病诊断材料，并非皮肤老化研究对象,two_stage_rule,True,rejuvenation_intervention,dermis; dermal_fibroblast,age_related; aging_generic; rejuvenation,,,anti_aging_intervention,fibroblast_reprogramming,,0,2022/04/19,https://www.ncbi.nlm.nih.gov/geo/query/acc.cgi?acc=GSE165177
GSE165178,Multi-omic rejuvenation of human cells by maturation phase transient reprogramming [Sendai array],exclude,-2,Overall Design 的实际样本属于其他器官、肿瘤或非皮肤细胞,exclude,Overall Design 的实际样本属于其他器官、肿瘤或非皮肤细胞,two_stage_rule,True,rejuvenation_intervention,dermis; dermal_fibroblast,age_related; aging_generic; rejuvenation,,,anti_aging_intervention,fibroblast_reprogramming,pluripotent,0,2022/04/19,https://www.ncbi.nlm.nih.gov/geo/query/acc.cgi?acc=GSE165178
GSE165179,Multi-omic rejuvenation of human cells by maturation phase transient reprogramming [Transient array],exclude,1,皮肤细胞仅作为重编程或疾病诊断材料，并非皮肤老化研究对象,exclude,皮肤细胞仅作为重编程或疾病诊断材料，并非皮肤老化研究对象,two_stage_rule,True,rejuvenation_intervention,dermis; dermal_fibroblast,age_related; aging_generic; rejuvenation,,,anti_aging_intervention,fibroblast_reprogramming,,0,2022/04/19,https://www.ncbi.nlm.nih.gov/geo/query/acc.cgi?acc=GSE165179
GSE165180,Multi-omic rejuvenation of human cells by maturation phase transient reprogramming,exclude,2,第一阶段未同时发现皮肤对象和老化概念,exclude,第一阶段未同时发现皮肤对象和老化概念,two_stage_rule,False,rejuvenation_intervention,,rejuvenation,,,,,,0,2022/04/19,https://www.ncbi.nlm.nih.gov/geo/query/acc.cgi?acc=GSE165180
GSE199794,Benchmark Dose Modeling Approaches for Volatile Organic Chemicals using a Novel Air-Liquid Interface In Vitro Exposure System,exclude,0,第一阶段未同时发现皮肤对象和老化概念,exclude,第一阶段未同时发现皮肤对象和老化概念,two_stage_rule,False,intrinsic_skin_aging,,,,,,,,0,2022/04/17,https://www.ncbi.nlm.nih.gov/geo/query/acc.cgi?acc=GSE199794
GSE184820,Concordance of hydrogen peroxide-induced 8-oxoguanine patterns with two cancer mutation signatures of upper GI tract tumors,exclude,-3,第一阶段未同时发现皮肤对象和老化概念,exclude,第一阶段未同时发现皮肤对象和老化概念,two_stage_rule,False,intrinsic_skin_aging,,aging_generic,,,,,cancer,0,2022/04/12,https://www.ncbi.nlm.nih.gov/geo/query/acc.cgi?acc=GSE184820
GSE163376,Single cell deconstruction of murine volumetric muscle loss reveals inflammatory imbalances preventing muscle stem cell mediated regeneration,exclude,0,第一阶段未同时发现皮肤对象和老化概念,exclude,第一阶段未同时发现皮肤对象和老化概念,two_stage_rule,False,intrinsic_skin_aging,,,,,,,,0,2022/04/04,https://www.ncbi.nlm.nih.gov/geo/query/acc.cgi?acc=GSE163376
GSE199755,Fracture callus from young and aged mice,exclude,7,第一阶段未同时发现皮肤对象和老化概念,exclude,第一阶段未同时发现皮肤对象和老化概念,two_stage_rule,False,intrinsic_skin_aging,,aging_generic; aged; young_vs_old,,young_vs_old,,,,0,2022/04/01,https://www.ncbi.nlm.nih.gov/geo/query/acc.cgi?acc=GSE199755
GSE188763,Decrease in Rnase HII and accumulation of lncRNAs/DNA hybrids: a causal implication in psoriasis?,exclude,-3,研究核心为特定疾病模型，未直接研究皮肤老化,exclude,研究核心为特定疾病模型，未直接研究皮肤老化,two_stage_rule,True,intrinsic_skin_aging,skin,aging_generic,,,,,other_disease,0,2022/03/30,https://www.ncbi.nlm.nih.gov/geo/query/acc.cgi?acc=GSE188763
GSE167246,Transcriptomic study from total RNA extract from reconstructed Human Epidermis (RHE) at 3 time points and quatriplicats under Afatinib (100 nm) exposure versus vehicle,exclude,4,同时命中皮肤和老化词，但缺少主研究问题与样本证据,exclude,同时命中皮肤和老化词，但缺少主研究问题与样本证据,two_stage_rule,True,intrinsic_skin_aging,skin; cutaneous; epidermis; keratinocyte,senescence,,,,,,1,2022/02/23,https://www.ncbi.nlm.nih.gov/geo/query/acc.cgi?acc=GSE167246
GSE167104,Distinct sub-cellular autophagy impairments occur independently of protein aggregation in aged induced neurons from patients with Huntington’s disease,exclude,-4,SuperSeries 的实际子研究指向非皮肤细胞，皮肤老化仅为背景,exclude,SuperSeries 的实际子研究指向非皮肤细胞，皮肤老化仅为背景,two_stage_rule,True,intrinsic_skin_aging,skin,aged,,,,fibroblast_reprogramming,neurologic,0,2022/02/01,https://www.ncbi.nlm.nih.gov/geo/query/acc.cgi?acc=GSE167104
GSE159997,Unbiased identification of CSDE1-regulated targets during oncogene-induced senescence [i-CLIP],exclude,2,第一阶段未同时发现皮肤对象和老化概念,exclude,第一阶段未同时发现皮肤对象和老化概念,two_stage_rule,False,cellular_senescence,,senescence,,,,,,0,2022/01/11,https://www.ncbi.nlm.nih.gov/geo/query/acc.cgi?acc=GSE159997
GSE159998,Unbiased identification of CSDE1-regulated targets during oncogene-induced senescence [polysome profiling],exclude,2,第一阶段未同时发现皮肤对象和老化概念,exclude,第一阶段未同时发现皮肤对象和老化概念,two_stage_rule,False,cellular_senescence,,senescence,,,,,,0,2022/01/11,https://www.ncbi.nlm.nih.gov/geo/query/acc.cgi?acc=GSE159998
GSE159999,Unbiased identification of CSDE1-regulated targets during oncogene-induced senescence [RNA-Seq],exclude,2,第一阶段未同时发现皮肤对象和老化概念,exclude,第一阶段未同时发现皮肤对象和老化概念,two_stage_rule,False,cellular_senescence,,senescence,,,,,,0,2022/01/11,https://www.ncbi.nlm.nih.gov/geo/query/acc.cgi?acc=GSE159999
GSE160000,Unbiased identification of CSDE1-regulated targets during oncogene-induced senescence [RNA-Seq-sh],exclude,2,第一阶段未同时发现皮肤对象和老化概念,exclude,第一阶段未同时发现皮肤对象和老化概念,two_stage_rule,False,cellular_senescence,,senescence,,,,,,0,2022/01/11,https://www.ncbi.nlm.nih.gov/geo/query/acc.cgi?acc=GSE160000
GSE160002,Unbiased identification of CSDE1-regulated targets during oncogene-induced senescence,exclude,2,第一阶段未同时发现皮肤对象和老化概念,exclude,第一阶段未同时发现皮肤对象和老化概念,two_stage_rule,False,cellular_senescence,,senescence,,,,,,0,2022/01/11,https://www.ncbi.nlm.nih.gov/geo/query/acc.cgi?acc=GSE160002
GSE190983,In vivo partial reprogramming alters manifestation of age-associated molecular changes in aging mice (7 months; long-term treatment),exclude,4,第一阶段未同时发现皮肤对象和老化概念,exclude,第一阶段未同时发现皮肤对象和老化概念,two_stage_rule,False,intrinsic_skin_aging,,age_related; aging_generic,,,,,,0,2022/01/11,https://www.ncbi.nlm.nih.gov/geo/query/acc.cgi?acc=GSE190983
GSE190984,In vivo partial reprogramming alters manifestation of age-associated molecular changes in aging mice (1 months; sort-term treatment),exclude,4,第一阶段未同时发现皮肤对象和老化概念,exclude,第一阶段未同时发现皮肤对象和老化概念,two_stage_rule,False,intrinsic_skin_aging,,age_related; aging_generic,,,,,,0,2022/01/11,https://www.ncbi.nlm.nih.gov/geo/query/acc.cgi?acc=GSE190984
GSE190985,In vivo partial reprogramming alters manifestation of age-associated molecular changes in aging mice (10 months; long-term treatment),exclude,4,第一阶段未同时发现皮肤对象和老化概念,exclude,第一阶段未同时发现皮肤对象和老化概念,two_stage_rule,False,intrinsic_skin_aging,,age_related; aging_generic,,,,,,0,2022/01/11,https://www.ncbi.nlm.nih.gov/geo/query/acc.cgi?acc=GSE190985
GSE190986,In vivo partial reprogramming alters manifestation of age-associated molecular changes in aging mice,exclude,4,第一阶段未同时发现皮肤对象和老化概念,exclude,第一阶段未同时发现皮肤对象和老化概念,two_stage_rule,False,intrinsic_skin_aging,,age_related; aging_generic,,,,,,0,2022/01/11,https://www.ncbi.nlm.nih.gov/geo/query/acc.cgi?acc=GSE190986
GSE77074,Identification of new microRNA-22-5p and -199a-5p/MMP1 functional interactions in stress-induced senescent human dermal fibroblasts [mRNA],include,6,标题明确以皮肤老化为研究主问题，实验设计未发现相反证据,include,标题明确以皮肤老化为研究主问题，实验设计未发现相反证据,two_stage_rule,True,cellular_senescence,dermis; dermal_fibroblast,senescence,,,,,,0,2022/01/09,https://www.ncbi.nlm.nih.gov/geo/query/acc.cgi?acc=GSE77074
GSE77406,Identification of new microRNA-22-5p and -199a-5p/MMP1 functional interactions in stress-induced senescent human dermal fibroblasts [miRNA],include,6,标题明确以皮肤老化为研究主问题，实验设计未发现相反证据,include,标题明确以皮肤老化为研究主问题，实验设计未发现相反证据,two_stage_rule,True,cellular_senescence,dermis; dermal_fibroblast,senescence,,,,,,0,2022/01/09,https://www.ncbi.nlm.nih.gov/geo/query/acc.cgi?acc=GSE77406
GSE77407,Identification of new microRNA-22-5p and -199a-5p/MMP1 functional interactions in stress-induced senescent human dermal fibroblasts,include,9,标题明确以老化/细胞衰老为主题，Overall Design 验证了皮肤来源样本,include,标题明确以老化/细胞衰老为主题，Overall Design 验证了皮肤来源样本,two_stage_rule,True,cellular_senescence,dermis; dermal_fibroblast,senescence,dermal_sample,,,,,0,2022/01/09,https://www.ncbi.nlm.nih.gov/geo/query/acc.cgi?acc=GSE77407
GSE141252,Chronologic age and morbidities could converge on gene-specific traits through length-dependent failure of transcript polymerization,exclude,2,第一阶段未同时发现皮肤对象和老化概念,exclude,第一阶段未同时发现皮肤对象和老化概念,two_stage_rule,False,intrinsic_skin_aging,,chronological_aging; aging_generic,,,,,,0,2021/12/31,https://www.ncbi.nlm.nih.gov/geo/query/acc.cgi?acc=GSE141252
GSE141950,RNA-seq analysis of primary dermal fibroblasts of Hutchinson-Gilford progeria syndrome.,review,4,使用皮肤来源细胞研究系统性早老疾病，需确认是否属于皮肤老化范围,exclude,实验仅研究 Hutchinson-Gilford progeria syndrome 患者成纤维细胞，主问题是系统性早老疾病而非皮肤老化。,evidence_adjudication,True,intrinsic_skin_aging,dermis; dermal_fibroblast,aging_generic,dermal_sample,,,,systemic_premature_aging,0,2021/12/31,https://www.ncbi.nlm.nih.gov/geo/query/acc.cgi?acc=GSE141950
GSE181329,Histone deacetylase 4 reverses cellular senescence via DDIT4 in dermal fibroblasts,include,10,标题明确以皮肤老化为研究主问题，实验设计未发现相反证据,include,标题明确以皮肤老化为研究主问题，实验设计未发现相反证据,two_stage_rule,True,cellular_senescence,skin; dermis; dermal_fibroblast,skin_aging; aging_generic; aged; senescence,,,,,,2,2021/12/31,https://www.ncbi.nlm.nih.gov/geo/query/acc.cgi?acc=GSE181329
GSE181651,Senescence induction dictates response and resistance to chemo- and immunotherapy in preclinical models of ovarian cancer,exclude,-4,第一阶段未同时发现皮肤对象和老化概念,exclude,第一阶段未同时发现皮肤对象和老化概念,two_stage_rule,False,cellular_senescence,,senescence,,,,,cancer; reproductive,0,2021/12/31,https://www.ncbi.nlm.nih.gov/geo/query/acc.cgi?acc=GSE181651
GSE135210,Age-related gene signatures in brain tumors of young and old mice [dataset 2],exclude,1,第一阶段未同时发现皮肤对象和老化概念,exclude,第一阶段未同时发现皮肤对象和老化概念,two_stage_rule,False,intrinsic_skin_aging,,age_related; aging_generic; young_vs_old; rejuvenation,,young_vs_old,,,cancer; neurologic,0,2021/12/25,https://www.ncbi.nlm.nih.gov/geo/query/acc.cgi?acc=GSE135210
GSE142542,Whole transcriptome analysis and functional studies reveal that senescence plays a pivotal role in Myotonic Dystrophy type 1,exclude,1,SuperSeries 的实际子研究指向非皮肤细胞，皮肤老化仅为背景,exclude,SuperSeries 的实际子研究指向非皮肤细胞，皮肤老化仅为背景,two_stage_rule,True,cellular_senescence,skin,aging_generic; senescence; rejuvenation,,,anti_aging_intervention,age_covariate_only,,0,2021/12/21,https://www.ncbi.nlm.nih.gov/geo/query/acc.cgi?acc=GSE142542
GSE190665,In vivo partial reprogramming in 4F mice,exclude,0,第一阶段未同时发现皮肤对象和老化概念,exclude,第一阶段未同时发现皮肤对象和老化概念,two_stage_rule,False,intrinsic_skin_aging,,aging_generic; young_vs_old; premature_aging,,,,,,0,2021/12/10,https://www.ncbi.nlm.nih.gov/geo/query/acc.cgi?acc=GSE190665
GSE92643,γH2A.X Modulates Self-renewal and Differentiation of Human Pluripotent Stem Cells. [HuGene-1_0-st],exclude,0,第一阶段未同时发现皮肤对象和老化概念,exclude,第一阶段未同时发现皮肤对象和老化概念,two_stage_rule,False,intrinsic_skin_aging,,aging_generic,,,,,,0,2021/12/06,https://www.ncbi.nlm.nih.gov/geo/query/acc.cgi?acc=GSE92643
GSE165312,Stem cells expand potency and alter tissue fitness by accumulating diverse epigenetic memories (ATAC-seq),exclude,0,同时命中皮肤和老化词，但缺少主研究问题与样本证据,exclude,同时命中皮肤和老化词，但缺少主研究问题与样本证据,two_stage_rule,True,intrinsic_skin_aging,skin; epidermis; skin_appendage,aging_generic,,,,,,0,2021/11/29,https://www.ncbi.nlm.nih.gov/geo/query/acc.cgi?acc=GSE165312
GSE165314,Stem cells expand potency and alter tissue fitness by accumulating diverse epigenetic memories (scRNA-seq),exclude,0,同时命中皮肤和老化词，但缺少主研究问题与样本证据,exclude,同时命中皮肤和老化词，但缺少主研究问题与样本证据,two_stage_rule,True,intrinsic_skin_aging,skin; epidermis; skin_appendage,aging_generic,,,,,,0,2021/11/29,https://www.ncbi.nlm.nih.gov/geo/query/acc.cgi?acc=GSE165314
GSE182252,"Transcriptomic analysis of the follicle associated epithelium of Peyer's Patches, intestinal villous epithelium and ileum from young and aged mice",exclude,7,第一阶段未同时发现皮肤对象和老化概念,exclude,第一阶段未同时发现皮肤对象和老化概念,two_stage_rule,False,intrinsic_skin_aging,,aging_generic; aged; young_vs_old,,young_vs_old,,,,0,2021/11/19,https://www.ncbi.nlm.nih.gov/geo/query/acc.cgi?acc=GSE182252
GSE164003,In vivo gene signature of re-epithelialized tissue post-wounding from wildtype or Rnasel KO mice,exclude,0,SuperSeries 的实际子研究指向非皮肤细胞，皮肤老化仅为背景,exclude,SuperSeries 的实际子研究指向非皮肤细胞，皮肤老化仅为背景,two_stage_rule,True,intrinsic_skin_aging,skin,rejuvenation,,,,,,0,2021/11/18,https://www.ncbi.nlm.nih.gov/geo/query/acc.cgi?acc=GSE164003
GSE179847,"A longitudinal DNA methylation dataset in primary human fibroblasts with mitochondrial genetic, metabolic, and endocrine perturbations",exclude,0,第一阶段未同时发现皮肤对象和老化概念,exclude,第一阶段未同时发现皮肤对象和老化概念,two_stage_rule,False,intrinsic_skin_aging,,aging_generic; aged; senescence,,,,,,0,2021/11/12,https://www.ncbi.nlm.nih.gov/geo/query/acc.cgi?acc=GSE179847
GSE179848,"A longitudinal RNA sequencing dataset in primary human fibroblasts with mitochondrial genetic, metabolic, and endocrine perturbations",exclude,0,第一阶段未同时发现皮肤对象和老化概念,exclude,第一阶段未同时发现皮肤对象和老化概念,two_stage_rule,False,intrinsic_skin_aging,,aging_generic; aged; senescence,,,,,,0,2021/11/12,https://www.ncbi.nlm.nih.gov/geo/query/acc.cgi?acc=GSE179848
GSE179849,"Longitudinal DNA methylation and RNA-seq datasets in primary human fibroblasts with mitochondrial genetic, metabolic, and endocrine perturbations",exclude,0,第一阶段未同时发现皮肤对象和老化概念,exclude,第一阶段未同时发现皮肤对象和老化概念,two_stage_rule,False,intrinsic_skin_aging,,aging_generic; senescence,,,,,,0,2021/11/12,https://www.ncbi.nlm.nih.gov/geo/query/acc.cgi?acc=GSE179849
GSE168760,Transcriptomic Analysis of Wound Healing and Skin Rejuvenation Following Ablative Fractional Laser Treatment of Human Skin,include,13,标题明确以老化/细胞衰老为主题，Overall Design 验证了皮肤来源样本,include,标题明确以老化/细胞衰老为主题，Overall Design 验证了皮肤来源样本,two_stage_rule,True,rejuvenation_intervention,skin,rejuvenation,skin_direct,,anti_aging_intervention,,,2,2021/11/07,https://www.ncbi.nlm.nih.gov/geo/query/acc.cgi?acc=GSE168760
GSE134893,Transcriptome analysis of mice dermal white adipose tissue during aging,include,15,明确包含皮肤样本，并设置年龄、衰老或光老化对照,include,明确包含皮肤样本，并设置年龄、衰老或光老化对照,two_stage_rule,True,skin_appendage_aging,skin; dermis; skin_appendage,aging_generic; aged; young_vs_old,skin_direct; dermal_adipose,young_vs_old,,,,1,2021/11/03,https://www.ncbi.nlm.nih.gov/geo/query/acc.cgi?acc=GSE134893
GSE171456,The translational value of patient-derived primary melanoma cell cultures depends on the concentration of Tyrosine in the medium.,exclude,-3,SuperSeries 的实际子研究指向非皮肤细胞，皮肤老化仅为背景,exclude,SuperSeries 的实际子研究指向非皮肤细胞，皮肤老化仅为背景,two_stage_rule,True,intrinsic_skin_aging,melanocyte,senescence,,,,,cancer,0,2021/11/03,https://www.ncbi.nlm.nih.gov/geo/query/acc.cgi?acc=GSE171456
GSE148160,Expression data from Luteolin-treated human Neural Stem Cells (hNSCs),exclude,-3,第一阶段未同时发现皮肤对象和老化概念,exclude,第一阶段未同时发现皮肤对象和老化概念,two_stage_rule,False,intrinsic_skin_aging,,,,,,,neurologic,0,2021/10/31,https://www.ncbi.nlm.nih.gov/geo/query/acc.cgi?acc=GSE148160
GSE180358,Aberrant gene expression leakage from linage-specific heterochromatic loci during senescence [ChIP-seq],exclude,6,同时命中皮肤和老化词，但缺少主研究问题与样本证据,exclude,同时命中皮肤和老化词，但缺少主研究问题与样本证据,two_stage_rule,True,cellular_senescence,keratinocyte,senescence,,,,,,2,2021/10/23,https://www.ncbi.nlm.nih.gov/geo/query/acc.cgi?acc=GSE180358
GSE180361,Aberrant gene expression leakage from linage-specific heterochromatic loci during senescence [RNA-seq],exclude,6,同时命中皮肤和老化词，但缺少主研究问题与样本证据,exclude,同时命中皮肤和老化词，但缺少主研究问题与样本证据,two_stage_rule,True,cellular_senescence,keratinocyte,senescence,,,,,,2,2021/10/23,https://www.ncbi.nlm.nih.gov/geo/query/acc.cgi?acc=GSE180361
GSE180469,Aberrant gene expression leakage from linage-specific heterochromatic loci during senescence,exclude,2,第一阶段未同时发现皮肤对象和老化概念,exclude,第一阶段未同时发现皮肤对象和老化概念,two_stage_rule,False,cellular_senescence,,senescence,,,,,,0,2021/10/23,https://www.ncbi.nlm.nih.gov/geo/query/acc.cgi?acc=GSE180469
GSE111281,Sequencing of small RNAs of human skin in different 4 age cohorts.,exclude,5,同时命中皮肤和老化词，但缺少主研究问题与样本证据,exclude,同时命中皮肤和老化词，但缺少主研究问题与样本证据,two_stage_rule,True,intrinsic_skin_aging,skin,aging_generic,skin_direct,,,,,0,2021/10/19,https://www.ncbi.nlm.nih.gov/geo/query/acc.cgi?acc=GSE111281
GSE111282,Sequencing of Mus musculus skin of five different age groups (smallRNA),include,8,明确包含皮肤样本，并设置年龄、衰老或光老化对照,include,明确包含皮肤样本，并设置年龄、衰老或光老化对照,two_stage_rule,True,intrinsic_skin_aging,skin,aging_generic,skin_direct,age_groups,,,,0,2021/10/19,https://www.ncbi.nlm.nih.gov/geo/query/acc.cgi?acc=GSE111282
GSE120570,Sequencing of Mus musculus skin of two different age groups,include,8,明确包含皮肤样本，并设置年龄、衰老或光老化对照,include,明确包含皮肤样本，并设置年龄、衰老或光老化对照,two_stage_rule,True,intrinsic_skin_aging,skin,aging_generic,skin_direct,age_groups,,,,0,2021/10/19,https://www.ncbi.nlm.nih.gov/geo/query/acc.cgi?acc=GSE120570
GSE185679,A transcriptomic analysis of primary fibroblasts isolated from young donors identifies a subset of donors displaying features of early senescence,include,11,明确包含皮肤样本，并设置年龄、衰老或光老化对照,include,明确包含皮肤样本，并设置年龄、衰老或光老化对照,two_stage_rule,True,cellular_senescence,skin; epidermis; keratinocyte,young_vs_old; senescence,keratinocyte_sample,young_vs_old; senescent_control,,,,0,2021/10/12,https://www.ncbi.nlm.nih.gov/geo/query/acc.cgi?acc=GSE185679
GSE185416,"Unveiling E2F4, TEAD1 and AP-1 as regulatory transcription factors of the replicative senescence program by multiomics analysis",include,13,明确包含皮肤样本，并设置年龄、衰老或光老化对照,include,明确包含皮肤样本，并设置年龄、衰老或光老化对照,two_stage_rule,True,cellular_senescence,skin,aging_generic; senescence; rejuvenation,skin_direct; skin_fibroblast,replicative_aging,anti_aging_intervention,,,0,2021/10/08,https://www.ncbi.nlm.nih.gov/geo/query/acc.cgi?acc=GSE185416
GSE181022,Newborn infant skin gene expression: Remarkable differences versus adults,include,11,明确包含皮肤样本，并设置年龄、衰老或光老化对照,include,明确包含皮肤样本，并设置年龄、衰老或光老化对照,two_stage_rule,True,intrinsic_skin_aging,skin; epidermis; keratinocyte,aged_skin,skin_biopsy; skin_punch_biopsy,life_stage_contrast,,,,0,2021/10/06,https://www.ncbi.nlm.nih.gov/geo/query/acc.cgi?acc=GSE181022
GSE182765,Computational Repurposing of Bumetanide for Preventing or Treating Alzheimer’s Disease,exclude,-3,第一阶段未同时发现皮肤对象和老化概念,exclude,第一阶段未同时发现皮肤对象和老化概念,two_stage_rule,False,intrinsic_skin_aging,,,,,,,neurologic,0,2021/10/03,https://www.ncbi.nlm.nih.gov/geo/query/acc.cgi?acc=GSE182765
GSE179880,"Unveiling E2F4, TEAD1 and AP-1 as regulatory transcription factors of the replicative senescence program by multi-omics analysis",include,13,明确包含皮肤样本，并设置年龄、衰老或光老化对照,include,明确包含皮肤样本，并设置年龄、衰老或光老化对照,two_stage_rule,True,cellular_senescence,skin,aging_generic; senescence; rejuvenation,skin_direct; skin_fibroblast,replicative_aging,anti_aging_intervention,,,0,2021/10/01,https://www.ncbi.nlm.nih.gov/geo/query/acc.cgi?acc=GSE179880
GSE181797,Revealing regulatory transcription factors of aging in the kidney and kidney through multi-omics analysis,exclude,1,第一阶段未同时发现皮肤对象和老化概念,exclude,第一阶段未同时发现皮肤对象和老化概念,two_stage_rule,False,intrinsic_skin_aging,,aging_generic; aged; young_vs_old; rejuvenation,,,anti_aging_intervention,,renal,0,2021/10/01,https://www.ncbi.nlm.nih.gov/geo/query/acc.cgi?acc=GSE181797
GSE133648,Escape of hair follicle stem cells from a defective niche,exclude,5,第一阶段未同时发现皮肤对象和老化概念,exclude,第一阶段未同时发现皮肤对象和老化概念,two_stage_rule,False,intrinsic_skin_aging,skin_appendage,,skin_appendage_sample,,,,,0,2021/09/30,https://www.ncbi.nlm.nih.gov/geo/query/acc.cgi?acc=GSE133648
GSE145654,Single cell transcriptomic analysis of aging hair follicles,include,12,标题明确以老化/细胞衰老为主题，Overall Design 验证了皮肤来源样本,include,标题明确以老化/细胞衰老为主题，Overall Design 验证了皮肤来源样本,two_stage_rule,True,skin_appendage_aging,epidermis; skin_appendage,aging_generic,epidermal_sample; skin_appendage_sample,,,,,1,2021/09/30,https://www.ncbi.nlm.nih.gov/geo/query/acc.cgi?acc=GSE145654
GSE184635,Reprogramming of ovarian aging epigenome by resveratrol [RNA-seq],exclude,-1,第一阶段未同时发现皮肤对象和老化概念,exclude,第一阶段未同时发现皮肤对象和老化概念,two_stage_rule,False,intrinsic_skin_aging,,age_related; aging_generic; senescence,,,,,reproductive,0,2021/09/26,https://www.ncbi.nlm.nih.gov/geo/query/acc.cgi?acc=GSE184635
GSE184636,Reprogramming of ovarian aging epigenome by resveratrol [methylation],exclude,-1,第一阶段未同时发现皮肤对象和老化概念,exclude,第一阶段未同时发现皮肤对象和老化概念,two_stage_rule,False,intrinsic_skin_aging,,age_related; aging_generic; senescence,,,,,reproductive,0,2021/09/26,https://www.ncbi.nlm.nih.gov/geo/query/acc.cgi?acc=GSE184636
GSE167949,Regulation of 5-hydroxymethylcytosine by TET2 contributes to Squamous Cell Carcinoma tumorigenesis,exclude,-3,第一阶段未同时发现皮肤对象和老化概念,exclude,第一阶段未同时发现皮肤对象和老化概念,two_stage_rule,False,intrinsic_skin_aging,skin; cutaneous; epidermis; keratinocyte,,,,,,cancer,0,2021/09/23,https://www.ncbi.nlm.nih.gov/geo/query/acc.cgi?acc=GSE167949
GSE184084,Small RNA sequencing of small extracellular vesicles derived from senescent vs. nonsenescent human dermal fibroblasts (HDFs),include,14,明确包含皮肤样本，并设置年龄、衰老或光老化对照,include,明确包含皮肤样本，并设置年龄、衰老或光老化对照,two_stage_rule,True,cellular_senescence,dermis; dermal_fibroblast,senescence,dermal_sample,senescent_control,,,,1,2021/09/16,https://www.ncbi.nlm.nih.gov/geo/query/acc.cgi?acc=GSE184084
GSE155789,Transcriptomic comparison of the vitamin A ester retinyl propionate and retinol in human keratinocytes,exclude,5,同时命中皮肤和老化词，但缺少主研究问题与样本证据,exclude,同时命中皮肤和老化词，但缺少主研究问题与样本证据,two_stage_rule,True,intrinsic_skin_aging,skin; keratinocyte,skin_aging; aging_generic,keratinocyte_sample,,,,,0,2021/09/09,https://www.ncbi.nlm.nih.gov/geo/query/acc.cgi?acc=GSE155789
GSE181413,Transposon-triggered innate immune response confers cancer resistance to the blind mole rat [seq],exclude,-3,第一阶段未同时发现皮肤对象和老化概念,exclude,第一阶段未同时发现皮肤对象和老化概念,two_stage_rule,False,intrinsic_skin_aging,,aging_generic,,,,,cancer,0,2021/09/09,https://www.ncbi.nlm.nih.gov/geo/query/acc.cgi?acc=GSE181413
GSE183499,Transcriptome analysis of isogenic Neural stem cell for LRRK2 G2019S mutation.,exclude,-3,第一阶段未同时发现皮肤对象和老化概念,exclude,第一阶段未同时发现皮肤对象和老化概念,two_stage_rule,False,intrinsic_skin_aging,,aging_generic,,,,,neurologic,0,2021/09/08,https://www.ncbi.nlm.nih.gov/geo/query/acc.cgi?acc=GSE183499
GSE168367,Aberrant chromatin landscape upon loss of the H3.3 chaperone Daxx leads to Pu.1-mediated neutrophilia and inflammation [CUT&Tag],exclude,0,SuperSeries 的实际子研究指向非皮肤细胞，皮肤老化仅为背景,exclude,SuperSeries 的实际子研究指向非皮肤细胞，皮肤老化仅为背景,two_stage_rule,True,intrinsic_skin_aging,skin,aging_generic,,,,,,0,2021/08/31,https://www.ncbi.nlm.nih.gov/geo/query/acc.cgi?acc=GSE168367
GSE180811,Interferon Signaling After TBI in Aged Mice,exclude,2,第一阶段未同时发现皮肤对象和老化概念,exclude,第一阶段未同时发现皮肤对象和老化概念,two_stage_rule,False,intrinsic_skin_aging,,age_related; aged; young_vs_old,,,,,,0,2021/08/20,https://www.ncbi.nlm.nih.gov/geo/query/acc.cgi?acc=GSE180811
GSE159281,Single-oocyte transcriptome analysis reveals aging-associated effects influenced by life stage and calorie restriction,exclude,-1,第一阶段未同时发现皮肤对象和老化概念,exclude,第一阶段未同时发现皮肤对象和老化概念,two_stage_rule,False,intrinsic_skin_aging,,aging_generic,,,,,reproductive,0,2021/08/02,https://www.ncbi.nlm.nih.gov/geo/query/acc.cgi?acc=GSE159281
GSE141167,Gene expression data from murine cutaneous squamous cell carcinoma genomes induced by Sleeping Beauty transposon mutagenesis,exclude,-1,第一阶段未同时发现皮肤对象和老化概念,exclude,第一阶段未同时发现皮肤对象和老化概念,two_stage_rule,False,intrinsic_skin_aging,cutaneous,,,,,,cancer,0,2021/07/29,https://www.ncbi.nlm.nih.gov/geo/query/acc.cgi?acc=GSE141167
GSE180647,Dendritic cells maintain anti-tumor immunity by positioning CD8 resident memory T cells in the skin through the CXCL16-CXCR6 axis,exclude,-1,第一阶段未同时发现皮肤对象和老化概念,exclude,第一阶段未同时发现皮肤对象和老化概念,two_stage_rule,False,intrinsic_skin_aging,skin,,,,,,cancer,0,2021/07/29,https://www.ncbi.nlm.nih.gov/geo/query/acc.cgi?acc=GSE180647
GSE180750,Gene expression data from lung tissues of C57BL/6J mice,exclude,1,Overall Design 的实际样本属于其他器官、肿瘤或非皮肤细胞,exclude,Overall Design 的实际样本属于其他器官、肿瘤或非皮肤细胞,two_stage_rule,True,intrinsic_skin_aging,dermis; dermal_fibroblast,age_related; aging_generic; aged; senescence; rejuvenation,,,anti_aging_intervention,,lung,1,2021/07/24,https://www.ncbi.nlm.nih.gov/geo/query/acc.cgi?acc=GSE180750
GSE180007,Persistent JunB Activation in Fibroblasts Disrupts Stem Cell Niche Interactions Enforcing Skin Aging [ATAC-seq],include,8,标题明确以皮肤老化为研究主问题，实验设计未发现相反证据,include,标题明确以皮肤老化为研究主问题，实验设计未发现相反证据,two_stage_rule,True,intrinsic_skin_aging,skin; dermis; dermal_fibroblast,skin_aging; aging_generic,,,,,,1,2021/07/16,https://www.ncbi.nlm.nih.gov/geo/query/acc.cgi?acc=GSE180007
GSE180008,Persistent JunB Activation in Fibroblasts Disrupts Stem Cell Niche Interactions Enforcing Skin Aging [RNA-seq],include,8,标题明确以皮肤老化为研究主问题，实验设计未发现相反证据,include,标题明确以皮肤老化为研究主问题，实验设计未发现相反证据,two_stage_rule,True,intrinsic_skin_aging,skin; skin_stem_cell,skin_aging; aging_generic; senescence,,,,,,1,2021/07/16,https://www.ncbi.nlm.nih.gov/geo/query/acc.cgi?acc=GSE180008
GSE180009,Persistent JunB Activation in Fibroblasts Disrupts Stem Cell Niche Interactions Enforcing Skin Aging,include,6,标题明确以皮肤老化为研究主问题，实验设计未发现相反证据,include,标题明确以皮肤老化为研究主问题，实验设计未发现相反证据,two_stage_rule,True,intrinsic_skin_aging,skin,skin_aging; aging_generic,,,,,,0,2021/07/16,https://www.ncbi.nlm.nih.gov/geo/query/acc.cgi?acc=GSE180009
GSE119009,Transcriptomics Expression Analysis of the effects of UV radiations on Normal Human Dermal Fibroblast Cells,include,9,摘要将皮肤老化作为组学实验的直接研究问题,include,摘要将皮肤老化作为组学实验的直接研究问题,two_stage_rule,True,intrinsic_skin_aging,skin; dermis; dermal_fibroblast,skin_aging; photoaging; aging_generic; premature_aging,dermal_sample,,,,,1,2021/07/01,https://www.ncbi.nlm.nih.gov/geo/query/acc.cgi?acc=GSE119009
GSE178767,Discrete tissue microenvironments instruct diversity in resident memory T cell function and plasticity (Liver),exclude,-3,第一阶段未同时发现皮肤对象和老化概念,exclude,第一阶段未同时发现皮肤对象和老化概念,two_stage_rule,False,intrinsic_skin_aging,,,,,,,hepatic,0,2021/06/24,https://www.ncbi.nlm.nih.gov/geo/query/acc.cgi?acc=GSE178767
GSE178768,Discrete tissue microenvironments instruct diversity in resident memory T cell function and plasticity (Skin),exclude,2,第一阶段未同时发现皮肤对象和老化概念,exclude,第一阶段未同时发现皮肤对象和老化概念,two_stage_rule,False,intrinsic_skin_aging,skin,,,,,,,0,2021/06/24,https://www.ncbi.nlm.nih.gov/geo/query/acc.cgi?acc=GSE178768
GSE174410,Identification of the potential gene regulatory networks and therapeutics in aged mice with postoperative neurocognitive disorder (circRNA),exclude,2,第一阶段未同时发现皮肤对象和老化概念,exclude,第一阶段未同时发现皮肤对象和老化概念,two_stage_rule,False,intrinsic_skin_aging,,aged,,,,,,0,2021/06/23,https://www.ncbi.nlm.nih.gov/geo/query/acc.cgi?acc=GSE174410
GSE174411,Identification of the potential gene regulatory networks and therapeutics in aged mice with postoperative neurocognitive disorder (miRNA),exclude,2,第一阶段未同时发现皮肤对象和老化概念,exclude,第一阶段未同时发现皮肤对象和老化概念,two_stage_rule,False,intrinsic_skin_aging,,aged,,,,,,0,2021/06/23,https://www.ncbi.nlm.nih.gov/geo/query/acc.cgi?acc=GSE174411
GSE174412,Identification of the potential gene regulatory networks and therapeutics in aged mice with postoperative neurocognitive disorder (mRNA),exclude,2,第一阶段未同时发现皮肤对象和老化概念,exclude,第一阶段未同时发现皮肤对象和老化概念,two_stage_rule,False,intrinsic_skin_aging,,aged,,,,,,0,2021/06/23,https://www.ncbi.nlm.nih.gov/geo/query/acc.cgi?acc=GSE174412
GSE174413,Identification of the potential gene regulatory networks and therapeutics in aged mice with postoperative neurocognitive disorder,exclude,2,第一阶段未同时发现皮肤对象和老化概念,exclude,第一阶段未同时发现皮肤对象和老化概念,two_stage_rule,False,intrinsic_skin_aging,,aged,,,,,,0,2021/06/22,https://www.ncbi.nlm.nih.gov/geo/query/acc.cgi?acc=GSE174413
GSE178594,Effect of enzymatically-hydrolysed eggshell membrane (eESM) in Human keratinocyte,exclude,5,同时命中皮肤和老化词，但缺少主研究问题与样本证据,exclude,同时命中皮肤和老化词，但缺少主研究问题与样本证据,two_stage_rule,True,intrinsic_skin_aging,skin; epidermis; keratinocyte,skin_aging; aging_generic,keratinocyte_sample,,,,,0,2021/06/22,https://www.ncbi.nlm.nih.gov/geo/query/acc.cgi?acc=GSE178594
GSE178595,Expression data from eggshell membrane powder (pESM)-supplemented IL-10 KO mice,include,12,皮肤样本用于验证抗衰老或年轻化干预,include,皮肤样本用于验证抗衰老或年轻化干预,two_stage_rule,True,intrinsic_skin_aging,skin; dermis,skin_aging; aging_generic,skin_direct; skin_tissue; dermal_adipose,,aged_skin_treatment,,,1,2021/06/22,https://www.ncbi.nlm.nih.gov/geo/query/acc.cgi?acc=GSE178595
GSE155179,Single cell transcriptome analysis of human oocyte aging,exclude,-1,第一阶段未同时发现皮肤对象和老化概念,exclude,第一阶段未同时发现皮肤对象和老化概念,two_stage_rule,False,intrinsic_skin_aging,,aging_generic,,,,,reproductive,0,2021/05/27,https://www.ncbi.nlm.nih.gov/geo/query/acc.cgi?acc=GSE155179
GSE171076,Adhesion-mediated mechanosignaling forces mitohormesis,exclude,0,第一阶段未同时发现皮肤对象和老化概念,exclude,第一阶段未同时发现皮肤对象和老化概念,two_stage_rule,False,intrinsic_skin_aging,,aging_generic,,,,,,0,2021/05/22,https://www.ncbi.nlm.nih.gov/geo/query/acc.cgi?acc=GSE171076
GSE121444,Age-dependent modulation the microvasculature by human microenvironment and serum,exclude,0,第一阶段未同时发现皮肤对象和老化概念,exclude,第一阶段未同时发现皮肤对象和老化概念,two_stage_rule,False,intrinsic_skin_aging,,age_related; aging_generic; aged; young_vs_old,,,,,,0,2021/05/19,https://www.ncbi.nlm.nih.gov/geo/query/acc.cgi?acc=GSE121444
GSE148619,Niche stiffening compromises stem cell potential during aging by reducing chromatin accessibility at bivalent promoters,include,5,标题明确以老化/细胞衰老为主题，Overall Design 验证了皮肤来源样本,include,标题明确以老化/细胞衰老为主题，Overall Design 验证了皮肤来源样本,two_stage_rule,True,skin_appendage_aging,skin_appendage,aging_generic,skin_appendage_sample,,,,,0,2021/05/06,https://www.ncbi.nlm.nih.gov/geo/query/acc.cgi?acc=GSE148619
GSE131958,Obesity accelerates hair thinning in stem cell-centric converging mechanism,include,8,明确包含皮肤样本，并设置年龄、衰老或光老化对照,include,明确包含皮肤样本，并设置年龄、衰老或光老化对照,two_stage_rule,True,skin_appendage_aging,skin; epidermis; skin_appendage,skin_appendage_aging_phenotype; aging_generic; aged; young_vs_old,skin_appendage_sample,young_vs_old,,,,0,2021/04/14,https://www.ncbi.nlm.nih.gov/geo/query/acc.cgi?acc=GSE131958
GSE169173,Obesity accelerates hair thinning by stem cell-centric converging mechanism [RNA-seq],include,5,标题明确以老化/细胞衰老为主题，Overall Design 验证了皮肤来源样本,include,标题明确以老化/细胞衰老为主题，Overall Design 验证了皮肤来源样本,two_stage_rule,True,intrinsic_skin_aging,epidermis; skin_appendage,skin_appendage_aging_phenotype; aging_generic,skin_appendage_sample,,,,,0,2021/04/14,https://www.ncbi.nlm.nih.gov/geo/query/acc.cgi?acc=GSE169173
GSE163371,Genomic instability is an early event driving chromatin organization and “escape” from oncogene-induced senescence,exclude,2,第一阶段未同时发现皮肤对象和老化概念,exclude,第一阶段未同时发现皮肤对象和老化概念,two_stage_rule,False,cellular_senescence,,senescence,,,,,,0,2021/03/31,https://www.ncbi.nlm.nih.gov/geo/query/acc.cgi?acc=GSE163371
GSE137897,Transcriptional programming of human epidermis during wound repair and in pressure ulcer at single-cell resolution,exclude,2,第一阶段未同时发现皮肤对象和老化概念,exclude,第一阶段未同时发现皮肤对象和老化概念,two_stage_rule,False,intrinsic_skin_aging,skin; epidermis; keratinocyte; melanocyte,,,,,,,0,2021/03/28,https://www.ncbi.nlm.nih.gov/geo/query/acc.cgi?acc=GSE137897
GSE155371,Insights into Epithelial Cell Senescence from Transcriptome and Secretome Analysis of Human Oral Keratinocytes [RNA-seq],exclude,10,实际研究对象为口腔/黏膜细胞，而非皮肤组织或皮肤来源细胞,exclude,实际研究对象为口腔角质形成细胞，属于口腔上皮衰老而非皮肤老化。,evidence_adjudication,True,cellular_senescence,keratinocyte,age_related; aging_generic; senescence; rejuvenation,keratinocyte_sample,,anti_aging_intervention,,oral_mucosa,2,2021/03/18,https://www.ncbi.nlm.nih.gov/geo/query/acc.cgi?acc=GSE155371
GSE164781,Insights into Epithelial Cell Senescence from Transcriptome and Secretome Analysis of Human Oral Keratinocytes,exclude,6,实际研究对象为口腔/黏膜细胞，而非皮肤组织或皮肤来源细胞,exclude,研究主题为口腔角质形成细胞衰老，缺少皮肤组织或皮肤来源细胞证据。,evidence_adjudication,True,cellular_senescence,keratinocyte,senescence,keratinocyte_sample,,,,oral_mucosa,1,2021/03/18,https://www.ncbi.nlm.nih.gov/geo/query/acc.cgi?acc=GSE164781
GSE158634,Transcriptomic analysis reveals dynamic progression trajectory and molecular pattern of UV-induced cSCC,exclude,0,第一阶段未同时发现皮肤对象和老化概念,exclude,第一阶段未同时发现皮肤对象和老化概念,two_stage_rule,False,intrinsic_skin_aging,skin; cutaneous,,,,,,,0,2021/03/01,https://www.ncbi.nlm.nih.gov/geo/query/acc.cgi?acc=GSE158634
GSE167268,Gene expression data from mouse melanocyte cell lines established in culture from 3-day old skin of wild-type and bcat* mutant C57BL/6J mice,exclude,10,第一阶段未同时发现皮肤对象和老化概念,exclude,第一阶段未同时发现皮肤对象和老化概念,two_stage_rule,False,intrinsic_skin_aging,skin; melanocyte,,skin_direct; melanocyte_sample,,,,,0,2021/02/23,https://www.ncbi.nlm.nih.gov/geo/query/acc.cgi?acc=GSE167268
GSE144615,Inhibition of longevity regulator PAPP-A modulates tissue homeostasis via restraint of mesenchymal stromal cells [Fig. 1],exclude,0,第一阶段未同时发现皮肤对象和老化概念,exclude,第一阶段未同时发现皮肤对象和老化概念,two_stage_rule,False,intrinsic_skin_aging,,age_related; aging_generic,,,,,,0,2021/02/01,https://www.ncbi.nlm.nih.gov/geo/query/acc.cgi?acc=GSE144615
GSE144618,Inhibition of longevity regulator PAPP-A modulates tissue homeostasis via restraint of mesenchymal stromal cells,exclude,0,第一阶段未同时发现皮肤对象和老化概念,exclude,第一阶段未同时发现皮肤对象和老化概念,two_stage_rule,False,intrinsic_skin_aging,,,,,,,,0,2021/02/01,https://www.ncbi.nlm.nih.gov/geo/query/acc.cgi?acc=GSE144618
GSE165912,N6-methyladenosine Modification of lncRNA Pvt1 Governs Epidermal Stemness,exclude,2,同时命中皮肤和老化词，但缺少主研究问题与样本证据,exclude,同时命中皮肤和老化词，但缺少主研究问题与样本证据,two_stage_rule,True,intrinsic_skin_aging,skin; epidermis,rejuvenation,,,,,,0,2021/02/01,https://www.ncbi.nlm.nih.gov/geo/query/acc.cgi?acc=GSE165912
GSE160920,miR-127-3p is an epigenetic activator of myofibroblast senescence situated within the miRNA enriched Dlk1-Dio3 imprinted domain on mouse chromosome 12 [mRNA array],include,10,标题明确以老化/细胞衰老为主题，Overall Design 验证了皮肤来源样本,include,标题明确以老化/细胞衰老为主题，Overall Design 验证了皮肤来源样本,two_stage_rule,True,cellular_senescence,skin; dermis,age_related; senescence,skin_direct; dermal_sample,,,,,1,2021/01/31,https://www.ncbi.nlm.nih.gov/geo/query/acc.cgi?acc=GSE160920
GSE160921,miR-127-3p is an epigenetic activator of myofibroblast senescence situated within the miRNA enriched Dlk1-Dio3 imprinted domain on mouse chromosome 12 [miRNA array],exclude,1,Overall Design 的实际样本属于其他器官、肿瘤或非皮肤细胞,exclude,Overall Design 的实际样本属于其他器官、肿瘤或非皮肤细胞,two_stage_rule,True,aged_skin_repair,skin; dermis,age_related; senescence,,,,,blood,1,2021/01/31,https://www.ncbi.nlm.nih.gov/geo/query/acc.cgi?acc=GSE160921
GSE160922,miR-127-3p is an epigenetic activator of myofibroblast senescence situated within the miRNA enriched Dlk1-Dio3 imprinted domain on mouse chromosome 12,exclude,2,第一阶段未同时发现皮肤对象和老化概念,exclude,第一阶段未同时发现皮肤对象和老化概念,two_stage_rule,False,cellular_senescence,,senescence,,,,,,0,2021/01/31,https://www.ncbi.nlm.nih.gov/geo/query/acc.cgi?acc=GSE160922
GSE164127,Genome Methylation Predicts Age and Longevity of Bats,exclude,0,第一阶段未同时发现皮肤对象和老化概念,exclude,第一阶段未同时发现皮肤对象和老化概念,two_stage_rule,False,intrinsic_skin_aging,skin,,,,,,,0,2021/01/28,https://www.ncbi.nlm.nih.gov/geo/query/acc.cgi?acc=GSE164127
GSE165004,Endometrial Tissue RNA expression in recurrent pregnancy losses and unexplained infertility vs. conrol,exclude,0,第一阶段未同时发现皮肤对象和老化概念,exclude,第一阶段未同时发现皮肤对象和老化概念,two_stage_rule,False,intrinsic_skin_aging,,,,,,,,0,2021/01/18,https://www.ncbi.nlm.nih.gov/geo/query/acc.cgi?acc=GSE165004
GSE164446,Gene expression changes during senenscence in primary dermal human fibroblasts,include,9,标题明确以老化/细胞衰老为主题，Overall Design 验证了皮肤来源样本,include,标题明确以老化/细胞衰老为主题，Overall Design 验证了皮肤来源样本,two_stage_rule,True,cellular_senescence,dermis; dermal_fibroblast,senescence,dermal_sample,,,,,1,2021/01/09,https://www.ncbi.nlm.nih.gov/geo/query/acc.cgi?acc=GSE164446
GSE130457,Aberrant gene expression leakage from linage-specific heterochromatic loci during senescence,exclude,6,同时命中皮肤和老化词，但缺少主研究问题与样本证据,exclude,同时命中皮肤和老化词，但缺少主研究问题与样本证据,two_stage_rule,True,cellular_senescence,keratinocyte,senescence,,,,,,2,2021/01/04,https://www.ncbi.nlm.nih.gov/geo/query/acc.cgi?acc=GSE130457
GSE151836,Translatome of aged mouse NEBD – stage oocytes determined using a new polysomal profiling method,exclude,-1,第一阶段未同时发现皮肤对象和老化概念,exclude,第一阶段未同时发现皮肤对象和老化概念,two_stage_rule,False,intrinsic_skin_aging,,age_related; aged; young_vs_old,,,,,reproductive,0,2021/01/01,https://www.ncbi.nlm.nih.gov/geo/query/acc.cgi?acc=GSE151836
GSE154023,The Effect of Synonymous Single-Nucleotide Polymorphisms on an Atypical Cystic Fibrosis Clinical Presentation,exclude,0,第一阶段未同时发现皮肤对象和老化概念,exclude,第一阶段未同时发现皮肤对象和老化概念,two_stage_rule,False,intrinsic_skin_aging,,,,,,,,0,2020/12/28,https://www.ncbi.nlm.nih.gov/geo/query/acc.cgi?acc=GSE154023
GSE124119,Distinct types of stem cell divisions determine organ regeneration and aging in hair follicles,include,10,明确包含皮肤样本，并设置年龄、衰老或光老化对照,include,明确包含皮肤样本，并设置年龄、衰老或光老化对照,two_stage_rule,True,skin_appendage_aging,epidermis; skin_appendage,aging_generic; aged; young_vs_old,skin_appendage_sample,young_vs_old,,,,0,2020/12/25,https://www.ncbi.nlm.nih.gov/geo/query/acc.cgi?acc=GSE124119
GSE154559,NFATC2 modulates radiation toxicity in dermal fibroblasts from patients with severe side-effects of radiotherapy,exclude,7,第一阶段未同时发现皮肤对象和老化概念,exclude,第一阶段未同时发现皮肤对象和老化概念,two_stage_rule,False,intrinsic_skin_aging,skin; dermis; dermal_fibroblast,,dermal_sample,,,,,0,2020/12/10,https://www.ncbi.nlm.nih.gov/geo/query/acc.cgi?acc=GSE154559
GSE150295,Identification of PAX6 target genes in enteric precursor cells,exclude,0,第一阶段未同时发现皮肤对象和老化概念,exclude,第一阶段未同时发现皮肤对象和老化概念,two_stage_rule,False,intrinsic_skin_aging,,,,,,,,0,2020/11/26,https://www.ncbi.nlm.nih.gov/geo/query/acc.cgi?acc=GSE150295
GSE156212,Effects of vitamin D on non-specific inflammatory response in aged skin.,include,6,标题明确以皮肤老化为研究主问题，实验设计未发现相反证据,include,标题明确以皮肤老化为研究主问题，实验设计未发现相反证据,two_stage_rule,True,intrinsic_skin_aging,skin,aged_skin; aged,,,,,,0,2020/11/17,https://www.ncbi.nlm.nih.gov/geo/query/acc.cgi?acc=GSE156212
GSE157932,Isosorbide di-(linoleate/oleate) stimulates pro-differentiation gene expression to restore the epidermal barrier and improve skin hydration,exclude,4,同时命中皮肤和老化词，但缺少主研究问题与样本证据,exclude,同时命中皮肤和老化词，但缺少主研究问题与样本证据,two_stage_rule,True,intrinsic_skin_aging,skin; epidermis; keratinocyte,skin_aging; aging_generic,,,,,,0,2020/11/16,https://www.ncbi.nlm.nih.gov/geo/query/acc.cgi?acc=GSE157932
GSE130633,Effects of losmapimod on antigen-specific response in aged skin,include,8,标题明确以皮肤老化为研究主问题，实验设计未发现相反证据,include,标题明确以皮肤老化为研究主问题，实验设计未发现相反证据,two_stage_rule,True,intrinsic_skin_aging,skin,aged_skin; aging_generic; aged; young_vs_old; rejuvenation,,,,,,1,2020/11/14,https://www.ncbi.nlm.nih.gov/geo/query/acc.cgi?acc=GSE130633
GSE147295,BMP signaling: at the gate between activated melanocyte stem cells and differentiation [RNA-Seq],exclude,5,同时命中皮肤和老化词，但缺少主研究问题与样本证据,exclude,同时命中皮肤和老化词，但缺少主研究问题与样本证据,two_stage_rule,True,intrinsic_skin_aging,melanocyte,skin_appendage_aging_phenotype,melanocyte_sample,,,,,0,2020/11/12,https://www.ncbi.nlm.nih.gov/geo/query/acc.cgi?acc=GSE147295
GSE147298,BMP signaling: at the gate between activated melanocyte stem cells and differentiation [SMART-Seq2 single cell RNA-seq],exclude,5,同时命中皮肤和老化词，但缺少主研究问题与样本证据,exclude,同时命中皮肤和老化词，但缺少主研究问题与样本证据,two_stage_rule,True,intrinsic_skin_aging,melanocyte,skin_appendage_aging_phenotype,melanocyte_sample,,,,,0,2020/11/12,https://www.ncbi.nlm.nih.gov/geo/query/acc.cgi?acc=GSE147298
GSE159193,BMP signaling: at the gate between activated melanocyte stem cells and differentiation [ATAC-seq],exclude,5,同时命中皮肤和老化词，但缺少主研究问题与样本证据,exclude,同时命中皮肤和老化词，但缺少主研究问题与样本证据,two_stage_rule,True,intrinsic_skin_aging,melanocyte; skin_appendage,skin_appendage_aging_phenotype,melanocyte_sample,,,,,0,2020/11/12,https://www.ncbi.nlm.nih.gov/geo/query/acc.cgi?acc=GSE159193
GSE106940,Gene expression profile of dermis and epidermis from young and old age group,include,19,明确包含皮肤样本，并设置年龄、衰老或光老化对照,include,明确包含皮肤样本，并设置年龄、衰老或光老化对照,two_stage_rule,True,intrinsic_skin_aging,skin; epidermis; dermis,aged_skin; chronological_aging; aging_generic; aged; young_vs_old,skin_tissue,young_vs_old; age_groups,,,,2,2020/11/11,https://www.ncbi.nlm.nih.gov/geo/query/acc.cgi?acc=GSE106940
GSE131938,Disrupted mitochondrial function in aged human dermal fibroblasts,include,11,标题明确以老化/细胞衰老为主题，Overall Design 验证了皮肤来源样本,include,标题明确以老化/细胞衰老为主题，Overall Design 验证了皮肤来源样本,two_stage_rule,True,intrinsic_skin_aging,skin; dermis; dermal_fibroblast,aged,dermal_sample,,,,,1,2020/10/26,https://www.ncbi.nlm.nih.gov/geo/query/acc.cgi?acc=GSE131938
GSE141956,Expression data between migrating keratinocytes in diabetic mice against normal mice during re-epithelialization 3 days post wounding,exclude,5,第一阶段未同时发现皮肤对象和老化概念,exclude,第一阶段未同时发现皮肤对象和老化概念,two_stage_rule,False,intrinsic_skin_aging,keratinocyte,,keratinocyte_sample,,,,,0,2020/10/23,https://www.ncbi.nlm.nih.gov/geo/query/acc.cgi?acc=GSE141956
GSE154679,Single cell gene expression of melanocyte specific Braf mutant mouse skin,exclude,9,研究核心为肿瘤，缺少皮肤老化样本与年龄对照的共同证据,exclude,研究核心为肿瘤，缺少皮肤老化样本与年龄对照的共同证据,two_stage_rule,True,intrinsic_skin_aging,skin; melanocyte,senescence,skin_direct; melanocyte_sample,,,,cancer,1,2020/10/20,https://www.ncbi.nlm.nih.gov/geo/query/acc.cgi?acc=GSE154679
GSE147146,A proprietary GMP human platelet lysate for the expansion of dermal fibroblasts for clinical applications,exclude,4,同时命中皮肤和老化词，但缺少主研究问题与样本证据,exclude,同时命中皮肤和老化词，但缺少主研究问题与样本证据,two_stage_rule,True,intrinsic_skin_aging,dermis; dermal_fibroblast,senescence,,,,,,0,2020/10/01,https://www.ncbi.nlm.nih.gov/geo/query/acc.cgi?acc=GSE147146
GSE124465,Lamin A/C promotes DNA base excision repair (human arrays),exclude,0,第一阶段未同时发现皮肤对象和老化概念,exclude,第一阶段未同时发现皮肤对象和老化概念,two_stage_rule,False,intrinsic_skin_aging,,aging_generic; premature_aging,,,,,,0,2020/09/30,https://www.ncbi.nlm.nih.gov/geo/query/acc.cgi?acc=GSE124465
GSE158690,Expression data of dermal cells with and without small molecules treatment,exclude,5,同时命中皮肤和老化词，但缺少主研究问题与样本证据,exclude,同时命中皮肤和老化词，但缺少主研究问题与样本证据,two_stage_rule,True,intrinsic_skin_aging,dermis,aged,dermal_sample,,,,,0,2020/09/29,https://www.ncbi.nlm.nih.gov/geo/query/acc.cgi?acc=GSE158690
GSE158691,Single cell RNA-sequencing of murine dermal cells and hindlimb skeletal muscle stromal cells.,exclude,2,同时命中皮肤和老化词，但缺少主研究问题与样本证据,exclude,同时命中皮肤和老化词，但缺少主研究问题与样本证据,two_stage_rule,True,intrinsic_skin_aging,dermis,aged,dermal_sample,,,,muscle,0,2020/09/29,https://www.ncbi.nlm.nih.gov/geo/query/acc.cgi?acc=GSE158691
GSE147436,Reprogramming to recover youthful epigenetic information and restore vision,exclude,0,SuperSeries 的实际子研究指向非皮肤细胞，皮肤老化仅为背景,exclude,SuperSeries 的实际子研究指向非皮肤细胞，皮肤老化仅为背景,two_stage_rule,True,intrinsic_skin_aging,skin,aged,,,,,,0,2020/09/26,https://www.ncbi.nlm.nih.gov/geo/query/acc.cgi?acc=GSE147436
GSE104314,Intraindividual Genetic Variation in Human Fetuses with a Preimplantation Origin,exclude,0,第一阶段未同时发现皮肤对象和老化概念,exclude,第一阶段未同时发现皮肤对象和老化概念,two_stage_rule,False,intrinsic_skin_aging,,aging_generic,,,,,,0,2020/09/25,https://www.ncbi.nlm.nih.gov/geo/query/acc.cgi?acc=GSE104314
GSE148221,Impact of cigarette smoke on physical-chemical and molecular proprieties of human skin in an ex vivo model,include,7,摘要将皮肤老化作为组学实验的直接研究问题,include,摘要将皮肤老化作为组学实验的直接研究问题,two_stage_rule,True,intrinsic_skin_aging,skin; epidermis; keratinocyte; skin_model,skin_aging; aging_generic,keratinocyte_sample,,,,,1,2020/09/21,https://www.ncbi.nlm.nih.gov/geo/query/acc.cgi?acc=GSE148221
GSE158218,RNA Sequencing of the Androgen-Regulated Transcriptome in Human and Mouse Granulosa Cells,exclude,-3,第一阶段未同时发现皮肤对象和老化概念,exclude,第一阶段未同时发现皮肤对象和老化概念,two_stage_rule,False,intrinsic_skin_aging,,aged,,,,,reproductive,0,2020/09/19,https://www.ncbi.nlm.nih.gov/geo/query/acc.cgi?acc=GSE158218
GSE140898,Direct reprogramming of fibroblasts identifies signatures of vascular dysfunction in physiological aging and Hutchinson-Gilford Progeria Syndrome,exclude,-1,第一阶段未同时发现皮肤对象和老化概念,exclude,第一阶段未同时发现皮肤对象和老化概念,two_stage_rule,False,intrinsic_skin_aging,,aging_generic; young_vs_old,,,,,systemic_premature_aging,0,2020/09/03,https://www.ncbi.nlm.nih.gov/geo/query/acc.cgi?acc=GSE140898
GSE102756,Alteration of gene expression in cumulus cells reveals the role of ClpP in reproductive aging,exclude,-1,第一阶段未同时发现皮肤对象和老化概念,exclude,第一阶段未同时发现皮肤对象和老化概念,two_stage_rule,False,intrinsic_skin_aging,,aging_generic,,,,,reproductive,0,2020/08/15,https://www.ncbi.nlm.nih.gov/geo/query/acc.cgi?acc=GSE102756
GSE134204,Expression data from whole human skin samples,include,10,摘要将皮肤老化作为组学实验的直接研究问题,include,摘要将皮肤老化作为组学实验的直接研究问题,two_stage_rule,True,intrinsic_skin_aging,skin,aged,skin_direct; skin_tissue,,,,,1,2020/07/31,https://www.ncbi.nlm.nih.gov/geo/query/acc.cgi?acc=GSE134204
GSE154890,"Ovarian senescence, transcriptomic, and epigenomic changes with aging",exclude,1,第一阶段未同时发现皮肤对象和老化概念,exclude,第一阶段未同时发现皮肤对象和老化概念,two_stage_rule,False,cellular_senescence,,aging_generic; senescence,,,,,reproductive,0,2020/07/23,https://www.ncbi.nlm.nih.gov/geo/query/acc.cgi?acc=GSE154890
GSE154159,scRNA-seq of electrophysiologically characterized mechanosensetive DRG neurons reveals maturational differences in gene expression,exclude,-3,第一阶段未同时发现皮肤对象和老化概念,exclude,第一阶段未同时发现皮肤对象和老化概念,two_stage_rule,False,intrinsic_skin_aging,cutaneous,,,,,,neurologic,0,2020/07/21,https://www.ncbi.nlm.nih.gov/geo/query/acc.cgi?acc=GSE154159
GSE139300,The effect of circadian rhythm on gene expression in human skin II,exclude,5,第一阶段未同时发现皮肤对象和老化概念,exclude,第一阶段未同时发现皮肤对象和老化概念,two_stage_rule,False,intrinsic_skin_aging,skin,,skin_direct,,,,,0,2020/07/20,https://www.ncbi.nlm.nih.gov/geo/query/acc.cgi?acc=GSE139300
GSE139301,The effect of circadian rhythm on gene expression in human skin III,exclude,5,第一阶段未同时发现皮肤对象和老化概念,exclude,第一阶段未同时发现皮肤对象和老化概念,two_stage_rule,False,intrinsic_skin_aging,skin,,skin_direct,,,,,0,2020/07/20,https://www.ncbi.nlm.nih.gov/geo/query/acc.cgi?acc=GSE139301
GSE151600,Highly accurate Skin-Specific methylome analysis algorithm as a platform to screen and validate therapeutics for healthy aging [DS1],include,6,标题明确以皮肤老化为研究主问题，实验设计未发现相反证据,include,标题明确以皮肤老化为研究主问题，实验设计未发现相反证据,two_stage_rule,True,intrinsic_skin_aging,skin,aging_generic,,,,,,1,2020/07/20,https://www.ncbi.nlm.nih.gov/geo/query/acc.cgi?acc=GSE151600
GSE151601,Highly accurate Skin-Specific methylome analysis algorithm as a platform to screen and validate therapeutics for healthy aging [DS2],review,6,使用皮肤来源细胞研究系统性早老疾病，需确认是否属于皮肤老化范围,include,Skin-Specific DNA methylation age predictor 的细胞传代验证子集，直接用于皮肤生物年龄测量。,evidence_adjudication,True,intrinsic_skin_aging,skin; dermis; dermal_fibroblast,aging_generic,dermal_sample,,,,systemic_premature_aging,1,2020/07/20,https://www.ncbi.nlm.nih.gov/geo/query/acc.cgi?acc=GSE151601
GSE151602,Highly accurate Skin-Specific methylome analysis algorithm as a platform to screen and validate therapeutics for healthy aging [DS3],include,9,标题明确以老化/细胞衰老为主题，Overall Design 验证了皮肤来源样本,include,标题明确以老化/细胞衰老为主题，Overall Design 验证了皮肤来源样本,two_stage_rule,True,intrinsic_skin_aging,skin; dermis; dermal_fibroblast,aging_generic; young_vs_old,dermal_sample,,,,,1,2020/07/20,https://www.ncbi.nlm.nih.gov/geo/query/acc.cgi?acc=GSE151602
GSE151603,Highly accurate Skin-Specific methylome analysis algorithm as a platform to screen and validate therapeutics for healthy aging [DS4],review,6,使用皮肤来源细胞研究系统性早老疾病，需确认是否属于皮肤老化范围,include,Skin-Specific DNA methylation age predictor 的 senotherapeutic 干预验证子集，直接服务于皮肤老化研究。,evidence_adjudication,True,intrinsic_skin_aging,skin; dermis; dermal_fibroblast,aging_generic,dermal_sample,,,,systemic_premature_aging,1,2020/07/20,https://www.ncbi.nlm.nih.gov/geo/query/acc.cgi?acc=GSE151603
GSE151604,Highly accurate Skin-Specific methylome analysis algorithm as a platform to screen and validate therapeutics for healthy aging [DS5],include,6,标题明确以皮肤老化为研究主问题，实验设计未发现相反证据,include,标题明确以皮肤老化为研究主问题，实验设计未发现相反证据,two_stage_rule,True,intrinsic_skin_aging,skin,aging_generic,,,,,,1,2020/07/20,https://www.ncbi.nlm.nih.gov/geo/query/acc.cgi?acc=GSE151604
GSE151617,Highly accurate Skin-Specific methylome analysis algorithm as a platform to screen and validate therapeutics for healthy aging,include,6,标题明确以皮肤老化为研究主问题，实验设计未发现相反证据,include,标题明确以皮肤老化为研究主问题，实验设计未发现相反证据,two_stage_rule,True,intrinsic_skin_aging,skin,aging_generic,,,,,,1,2020/07/20,https://www.ncbi.nlm.nih.gov/geo/query/acc.cgi?acc=GSE151617
GSE137482,RNA-Seq of ischemic stroke in young and aged mice,exclude,7,第一阶段未同时发现皮肤对象和老化概念,exclude,第一阶段未同时发现皮肤对象和老化概念,two_stage_rule,False,intrinsic_skin_aging,,age_related; aging_generic; aged; young_vs_old,,young_vs_old,,,,0,2020/06/17,https://www.ncbi.nlm.nih.gov/geo/query/acc.cgi?acc=GSE137482
GSE132383,Validation of small molecule activators and identification of altered signaling pathways underlying the age-related decline in proliferative capacity in human dermal progenitors,include,4,标题明确以皮肤老化为研究主问题，实验设计未发现相反证据,include,标题明确以皮肤老化为研究主问题，实验设计未发现相反证据,two_stage_rule,True,intrinsic_skin_aging,dermis; skin_appendage,aged_skin; age_related; aged,,,,,,0,2020/06/06,https://www.ncbi.nlm.nih.gov/geo/query/acc.cgi?acc=GSE132383
GSE141618,Solar UVR and exosomal miRNAs effect pre-mature senescence in melanocytes [microarray],include,9,标题明确以老化/细胞衰老为主题，Overall Design 验证了皮肤来源样本,include,标题明确以老化/细胞衰老为主题，Overall Design 验证了皮肤来源样本,two_stage_rule,True,cellular_senescence,melanocyte,senescence,melanocyte_sample,,,,,1,2020/06/01,https://www.ncbi.nlm.nih.gov/geo/query/acc.cgi?acc=GSE141618
GSE141619,Solar UVR and exosomal miRNAs effect pre-mature senescence in melanocytes [RT-PCR],include,7,标题明确以老化/细胞衰老为主题，Overall Design 验证了皮肤来源样本,include,标题明确以老化/细胞衰老为主题，Overall Design 验证了皮肤来源样本,two_stage_rule,True,cellular_senescence,melanocyte,senescence,melanocyte_sample,,,,,0,2020/06/01,https://www.ncbi.nlm.nih.gov/geo/query/acc.cgi?acc=GSE141619
GSE141620,Solar UVR and exosomal miRNAs effect pre-mature senescence in melanocytes,include,7,标题明确以老化/细胞衰老为主题，Overall Design 验证了皮肤来源样本,include,标题明确以老化/细胞衰老为主题，Overall Design 验证了皮肤来源样本,two_stage_rule,True,cellular_senescence,melanocyte,senescence,melanocyte_sample,,,,,0,2020/06/01,https://www.ncbi.nlm.nih.gov/geo/query/acc.cgi?acc=GSE141620
GSE142730,Human iPSC-derived astrocytes from ALS patients with mutated C9ORF72 show increased oxidative stress and neurotoxicity,exclude,-3,第一阶段未同时发现皮肤对象和老化概念,exclude,第一阶段未同时发现皮肤对象和老化概念,two_stage_rule,False,intrinsic_skin_aging,,age_related; senescence,,,,,pluripotent,0,2020/06/01,https://www.ncbi.nlm.nih.gov/geo/query/acc.cgi?acc=GSE142730
GSE151469,cRel Expression Regulates Distinct Transcriptional and Functional Profiles Driving Fibroblast Matrix Production in Systemic Sclerosis,exclude,0,第一阶段未同时发现皮肤对象和老化概念,exclude,第一阶段未同时发现皮肤对象和老化概念,two_stage_rule,False,intrinsic_skin_aging,skin,,,,,,,0,2020/05/30,https://www.ncbi.nlm.nih.gov/geo/query/acc.cgi?acc=GSE151469
GSE151193,Chromatin looping links target genes with genetic risk loci for dermatological traits,exclude,3,SuperSeries 的实际子研究指向非皮肤细胞，皮肤老化仅为背景,exclude,SuperSeries 的实际子研究指向非皮肤细胞，皮肤老化仅为背景,two_stage_rule,True,intrinsic_skin_aging,skin; keratinocyte,senescence,keratinocyte_sample,,,,,0,2020/05/27,https://www.ncbi.nlm.nih.gov/geo/query/acc.cgi?acc=GSE151193
GSE108368,Expression data from progeroid smooth muscle cells,exclude,0,SuperSeries 的实际子研究指向非皮肤细胞，皮肤老化仅为背景,exclude,SuperSeries 的实际子研究指向非皮肤细胞，皮肤老化仅为背景,two_stage_rule,True,intrinsic_skin_aging,skin,aging_generic; aged; young_vs_old; premature_aging,,,,,,0,2020/05/26,https://www.ncbi.nlm.nih.gov/geo/query/acc.cgi?acc=GSE108368
GSE150136,Epigenetic deregulation of lamina-associated domains in Hutchinson-Gilford Progeria Syndrome (ATAC-Seq),exclude,-3,SuperSeries 的实际子研究指向非皮肤细胞，皮肤老化仅为背景,exclude,SuperSeries 的实际子研究指向非皮肤细胞，皮肤老化仅为背景,two_stage_rule,True,intrinsic_skin_aging,dermis; dermal_fibroblast,age_related,,,,,systemic_premature_aging,0,2020/05/08,https://www.ncbi.nlm.nih.gov/geo/query/acc.cgi?acc=GSE150136
GSE150138,Epigenetic deregulation of lamina-associated domains in Hutchinson-Gilford Progeria Syndrome,exclude,-3,第一阶段未同时发现皮肤对象和老化概念,exclude,第一阶段未同时发现皮肤对象和老化概念,two_stage_rule,False,intrinsic_skin_aging,,,,,,,systemic_premature_aging,0,2020/05/08,https://www.ncbi.nlm.nih.gov/geo/query/acc.cgi?acc=GSE150138
GSE102715,Circular RNAs show differential expression profiles and may be potential therapeutic targets by acting as ceRNAs in cholesteatoma,exclude,0,第一阶段未同时发现皮肤对象和老化概念,exclude,第一阶段未同时发现皮肤对象和老化概念,two_stage_rule,False,intrinsic_skin_aging,,,,,,,,0,2020/04/27,https://www.ncbi.nlm.nih.gov/geo/query/acc.cgi?acc=GSE102715
GSE149033,Gene expression profile in human cumulus cells (CCs) during long-term in vitro culture,exclude,-3,第一阶段未同时发现皮肤对象和老化概念,exclude,第一阶段未同时发现皮肤对象和老化概念,two_stage_rule,False,intrinsic_skin_aging,,,,,,,reproductive,0,2020/04/22,https://www.ncbi.nlm.nih.gov/geo/query/acc.cgi?acc=GSE149033
GSE115424,Dysfunction of hair follicle mesenchymal progenitors contributes to age related hair loss,include,4,标题明确以皮肤老化为研究主问题，实验设计未发现相反证据,include,标题明确以皮肤老化为研究主问题，实验设计未发现相反证据,two_stage_rule,True,intrinsic_skin_aging,dermis; skin_appendage,age_related,,,,,,0,2020/04/20,https://www.ncbi.nlm.nih.gov/geo/query/acc.cgi?acc=GSE115424
GSE136654,KSHV Requires vCyc to Overcome Replicative Senescence in Primary Human Lymphatic Endothelial Cells,exclude,5,第一阶段未同时发现皮肤对象和老化概念,exclude,第一阶段未同时发现皮肤对象和老化概念,two_stage_rule,False,cellular_senescence,,senescence,,replicative_aging,,,,0,2020/04/15,https://www.ncbi.nlm.nih.gov/geo/query/acc.cgi?acc=GSE136654
GSE98335,SZ 95 sebocytes - OLR1 knockdown - treated with UV-oxidized PAPC,exclude,0,同时命中皮肤和老化词，但缺少主研究问题与样本证据,exclude,同时命中皮肤和老化词，但缺少主研究问题与样本证据,two_stage_rule,True,intrinsic_skin_aging,skin; cutaneous; keratinocyte; skin_appendage,skin_aging; chronological_aging; aging_generic,,,,,,0,2020/04/15,https://www.ncbi.nlm.nih.gov/geo/query/acc.cgi?acc=GSE98335
GSE140758,Synergistic targeting of estrogen-receptor positive breast cancers by MDM2 inhibition in combination with endocrine therapy or CDK4/6 inhibition,exclude,-3,第一阶段未同时发现皮肤对象和老化概念,exclude,第一阶段未同时发现皮肤对象和老化概念,two_stage_rule,False,intrinsic_skin_aging,,senescence,,,,,cancer,0,2020/04/01,https://www.ncbi.nlm.nih.gov/geo/query/acc.cgi?acc=GSE140758
GSE130973,Single-cell transcriptomes of the aging human skin reveal loss of fibroblast priming,include,14,明确包含皮肤样本，并设置年龄、衰老或光老化对照,include,明确包含皮肤样本，并设置年龄、衰老或光老化对照,two_stage_rule,True,intrinsic_skin_aging,skin; dermis; dermal_fibroblast,skin_aging; chronological_aging; age_related; aging_generic; young_vs_old,skin_tissue,young_vs_old,,,,2,2020/03/31,https://www.ncbi.nlm.nih.gov/geo/query/acc.cgi?acc=GSE130973
GSE144208,"Enhanced deoxysphingobase production in HSN1 results in sensory nerve toxicity through deficits in both cell autonomous and axoglial signalling, ameliorated by serine treatment",exclude,0,第一阶段未同时发现皮肤对象和老化概念,exclude,第一阶段未同时发现皮肤对象和老化概念,two_stage_rule,False,intrinsic_skin_aging,,,,,,,,0,2020/03/25,https://www.ncbi.nlm.nih.gov/geo/query/acc.cgi?acc=GSE144208
GSE147170,Small RNAseq for B16F1 cells exposed to BrdU or L-Tyr,exclude,0,第一阶段未同时发现皮肤对象和老化概念,exclude,第一阶段未同时发现皮肤对象和老化概念,two_stage_rule,False,intrinsic_skin_aging,,senescence,,,,,,0,2020/03/19,https://www.ncbi.nlm.nih.gov/geo/query/acc.cgi?acc=GSE147170
GSE137869,Caloric restriction reprograms the single-cell transcriptional landscape of Rattus norvegicus aging,exclude,2,第一阶段未同时发现皮肤对象和老化概念,exclude,第一阶段未同时发现皮肤对象和老化概念,two_stage_rule,False,intrinsic_skin_aging,,aging_generic,,,,,,0,2020/02/21,https://www.ncbi.nlm.nih.gov/geo/query/acc.cgi?acc=GSE137869
GSE113291,"ChIP-seq reported in ""Phosphorylated Lamin A/C in the nuclear interior binds active enhancers associated with abnormal transcription in progeria""",exclude,-3,第一阶段未同时发现皮肤对象和老化概念,exclude,第一阶段未同时发现皮肤对象和老化概念,two_stage_rule,False,intrinsic_skin_aging,,aging_generic; premature_aging,,,,,systemic_premature_aging,0,2020/02/15,https://www.ncbi.nlm.nih.gov/geo/query/acc.cgi?acc=GSE113291
GSE126514,Gene expression profiling of skin adipocyte and adipocyte derived cells in mice 5 days after injury,exclude,2,第一阶段未同时发现皮肤对象和老化概念,exclude,第一阶段未同时发现皮肤对象和老化概念,two_stage_rule,False,intrinsic_skin_aging,skin,,,,,,,0,2020/02/14,https://www.ncbi.nlm.nih.gov/geo/query/acc.cgi?acc=GSE126514
GSE138381,Defining the adult hippocampal neural stem cell secretome: in vivo versus in vitro transcriptomic differences and their correlation to secreted protein levels.,exclude,-3,第一阶段未同时发现皮肤对象和老化概念,exclude,第一阶段未同时发现皮肤对象和老化概念,two_stage_rule,False,intrinsic_skin_aging,,,,,,,neurologic,0,2020/02/13,https://www.ncbi.nlm.nih.gov/geo/query/acc.cgi?acc=GSE138381
GSE137176,Time-driven molding of the epidermal stem cell transcriptome,include,13,明确包含皮肤样本，并设置年龄、衰老或光老化对照,include,明确包含皮肤样本，并设置年龄、衰老或光老化对照,two_stage_rule,True,intrinsic_skin_aging,skin; epidermis; skin_stem_cell,aging_generic,skin_direct; epidermal_sample,age_time_course,,,,0,2020/01/23,https://www.ncbi.nlm.nih.gov/geo/query/acc.cgi?acc=GSE137176
GSE142439,Transient non-integrative nuclear reprogramming promotes multifaceted reversal of aging in human cells,exclude,2,SuperSeries 的实际子研究指向非皮肤细胞，皮肤老化仅为背景,exclude,SuperSeries 的实际子研究指向非皮肤细胞，皮肤老化仅为背景,two_stage_rule,True,intrinsic_skin_aging,skin,aging_generic,,,,,,0,2020/01/21,https://www.ncbi.nlm.nih.gov/geo/query/acc.cgi?acc=GSE142439
GSE131594,Treatment-induced tumor dormancy through YAP-mediated transcriptional reprogramming of the apoptotic pathway [DMSO vs DORMANT],exclude,-3,研究核心为肿瘤，缺少皮肤老化样本与年龄对照的共同证据,exclude,研究核心为肿瘤，缺少皮肤老化样本与年龄对照的共同证据,two_stage_rule,True,intrinsic_skin_aging,epidermis,senescence,,,,,cancer,0,2020/01/13,https://www.ncbi.nlm.nih.gov/geo/query/acc.cgi?acc=GSE131594
GSE131601,Treatment-induced tumor dormancy through YAP-mediated transcriptional reprogramming of the apoptotic pathway [YAP1 KO vs CTRL],exclude,-3,研究核心为肿瘤，缺少皮肤老化样本与年龄对照的共同证据,exclude,研究核心为肿瘤，缺少皮肤老化样本与年龄对照的共同证据,two_stage_rule,True,intrinsic_skin_aging,epidermis,senescence,,,,,cancer,0,2020/01/13,https://www.ncbi.nlm.nih.gov/geo/query/acc.cgi?acc=GSE131601
GSE131687,Treatment-induced tumor dormancy through YAP-mediated transcriptional reprogramming of the apoptotic pathway [ChIP + ATAC],exclude,-3,研究核心为肿瘤，缺少皮肤老化样本与年龄对照的共同证据,exclude,研究核心为肿瘤，缺少皮肤老化样本与年龄对照的共同证据,two_stage_rule,True,intrinsic_skin_aging,epidermis,senescence,,,,,cancer,0,2020/01/13,https://www.ncbi.nlm.nih.gov/geo/query/acc.cgi?acc=GSE131687
GSE138693,Treatment-induced tumor dormancy through YAP-mediated transcriptional reprogramming of the apoptotic pathway [scRNASeq],exclude,-3,Overall Design 的实际样本属于其他器官、肿瘤或非皮肤细胞,exclude,Overall Design 的实际样本属于其他器官、肿瘤或非皮肤细胞,two_stage_rule,True,intrinsic_skin_aging,epidermis,senescence,,,,,cancer,0,2020/01/13,https://www.ncbi.nlm.nih.gov/geo/query/acc.cgi?acc=GSE138693
GSE124901,Functional stem cell aging dictated by skin tissue microenvironment,include,13,明确包含皮肤样本，并设置年龄、衰老或光老化对照,include,明确包含皮肤样本，并设置年龄、衰老或光老化对照,two_stage_rule,True,skin_appendage_aging,skin; epidermis; dermis; skin_appendage,aged_skin; age_related; aging_generic; aged; young_vs_old,skin_direct; skin_appendage_sample,young_vs_old,,,,0,2019/12/31,https://www.ncbi.nlm.nih.gov/geo/query/acc.cgi?acc=GSE124901
GSE135652,Gene expression of fibroblasts carrying SAMHD1 mutations or not,exclude,3,第一阶段未同时发现皮肤对象和老化概念,exclude,第一阶段未同时发现皮肤对象和老化概念,two_stage_rule,False,intrinsic_skin_aging,,senescence,skin_fibroblast,,,,,0,2019/12/03,https://www.ncbi.nlm.nih.gov/geo/query/acc.cgi?acc=GSE135652
GSE131566,Hyperactivation of Sympathetic Nerves Drives Melanocyte Stem Cell Depletion,exclude,5,同时命中皮肤和老化词，但缺少主研究问题与样本证据,exclude,同时命中皮肤和老化词，但缺少主研究问题与样本证据,two_stage_rule,True,intrinsic_skin_aging,melanocyte,skin_appendage_aging_phenotype,melanocyte_sample,,,,,0,2019/11/28,https://www.ncbi.nlm.nih.gov/geo/query/acc.cgi?acc=GSE131566
GSE139966,"FIGLA, LHX8 and SOHLH1 transcription factor networks regulate mouse oocyte growth and differentiation",exclude,-3,第一阶段未同时发现皮肤对象和老化概念,exclude,第一阶段未同时发现皮肤对象和老化概念,two_stage_rule,False,intrinsic_skin_aging,,,,,,,reproductive,0,2019/11/06,https://www.ncbi.nlm.nih.gov/geo/query/acc.cgi?acc=GSE139966
GSE139314,A Digital mRNA Expression Signature to Classify Challenging Spitzoid Melanocytic Neoplasms,exclude,0,第一阶段未同时发现皮肤对象和老化概念,exclude,第一阶段未同时发现皮肤对象和老化概念,two_stage_rule,False,intrinsic_skin_aging,cutaneous; melanocyte,,,,,,,0,2019/10/25,https://www.ncbi.nlm.nih.gov/geo/query/acc.cgi?acc=GSE139314
GSE138837,Next Generation Sequencing Facilitates Quantitative Analysis of human umbilical vein endothelial cell(HUVEC) with and without treatment of CHIR99021+FGF1,exclude,0,第一阶段未同时发现皮肤对象和老化概念,exclude,第一阶段未同时发现皮肤对象和老化概念,two_stage_rule,False,intrinsic_skin_aging,,,,,,,,0,2019/10/17,https://www.ncbi.nlm.nih.gov/geo/query/acc.cgi?acc=GSE138837
GSE138621,AUF-1 affected genes in human skin cells,exclude,8,同时命中皮肤和老化词，但缺少主研究问题与样本证据,exclude,同时命中皮肤和老化词，但缺少主研究问题与样本证据,two_stage_rule,True,intrinsic_skin_aging,skin,aging_generic; senescence,skin_direct; skin_tissue,,,,,0,2019/10/10,https://www.ncbi.nlm.nih.gov/geo/query/acc.cgi?acc=GSE138621
GSE128780,"Mitofusin 2 is essential for oocyte and follicle development, and to maintain ovarian follicular reserve during reproductive aging [GV]",exclude,-1,第一阶段未同时发现皮肤对象和老化概念,exclude,第一阶段未同时发现皮肤对象和老化概念,two_stage_rule,False,intrinsic_skin_aging,,aging_generic,,,,,reproductive,0,2019/09/30,https://www.ncbi.nlm.nih.gov/geo/query/acc.cgi?acc=GSE128780
GSE128808,"Mitofusin 2 is essential for oocyte and follicle development, and to maintain ovarian follicular reserve during reproductive aging [SFO]",exclude,-1,第一阶段未同时发现皮肤对象和老化概念,exclude,第一阶段未同时发现皮肤对象和老化概念,two_stage_rule,False,intrinsic_skin_aging,,aging_generic,,,,,reproductive,0,2019/09/30,https://www.ncbi.nlm.nih.gov/geo/query/acc.cgi?acc=GSE128808
GSE128843,"Mitofusin 2 is essential for oocyte and follicle development, and to maintain ovarian follicular reserve during reproductive aging",exclude,-1,第一阶段未同时发现皮肤对象和老化概念,exclude,第一阶段未同时发现皮肤对象和老化概念,two_stage_rule,False,intrinsic_skin_aging,,aging_generic,,,,,reproductive,0,2019/09/30,https://www.ncbi.nlm.nih.gov/geo/query/acc.cgi?acc=GSE128843
GSE133338,"The zingerone analog, acetyl zingerone, bolsters matrisome synthesis, inhibits MMPs, and represses IL-17A target gene expression [Experiment 1]",exclude,4,同时命中皮肤和老化词，但缺少主研究问题与样本证据,exclude,同时命中皮肤和老化词，但缺少主研究问题与样本证据,two_stage_rule,True,intrinsic_skin_aging,skin; epidermis; keratinocyte,skin_aging; aging_generic; senescence,,,aged_skin_treatment,,,1,2019/09/26,https://www.ncbi.nlm.nih.gov/geo/query/acc.cgi?acc=GSE133338
GSE133339,"The zingerone analog, acetyl zingerone, bolsters matrisome synthesis, inhibits MMPs, and represses IL-17A target gene expression [Experiment 2]",exclude,4,同时命中皮肤和老化词，但缺少主研究问题与样本证据,exclude,同时命中皮肤和老化词，但缺少主研究问题与样本证据,two_stage_rule,True,intrinsic_skin_aging,skin; epidermis; keratinocyte,skin_aging; aging_generic; senescence,,,aged_skin_treatment,,,1,2019/09/26,https://www.ncbi.nlm.nih.gov/geo/query/acc.cgi?acc=GSE133339
GSE75321,A basal specific microRNA promotes tumorigenesis in both basal and luminal cells of murine prostate gland,exclude,-3,SuperSeries 的实际子研究指向非皮肤细胞，皮肤老化仅为背景,exclude,SuperSeries 的实际子研究指向非皮肤细胞，皮肤老化仅为背景,two_stage_rule,True,intrinsic_skin_aging,skin; skin_stem_cell,senescence,,,,,cancer,0,2019/09/16,https://www.ncbi.nlm.nih.gov/geo/query/acc.cgi?acc=GSE75321
GSE137083,PML2‐mediated thread‐like nuclear bodies mark late senescence in Hutchinson–Gilford progeria syndrome [RNA-seq],exclude,-1,第一阶段未同时发现皮肤对象和老化概念,exclude,第一阶段未同时发现皮肤对象和老化概念,two_stage_rule,False,cellular_senescence,,aging_generic; senescence; premature_aging,,,,,systemic_premature_aging,0,2019/09/10,https://www.ncbi.nlm.nih.gov/geo/query/acc.cgi?acc=GSE137083
GSE137084,PML2‐mediated thread‐like nuclear bodies mark late senescence in Hutchinson–Gilford progeria syndrome [ChIP-seq],exclude,-1,第一阶段未同时发现皮肤对象和老化概念,exclude,第一阶段未同时发现皮肤对象和老化概念,two_stage_rule,False,cellular_senescence,,aging_generic; senescence; premature_aging,,,,,systemic_premature_aging,0,2019/09/10,https://www.ncbi.nlm.nih.gov/geo/query/acc.cgi?acc=GSE137084
GSE137085,PML2-mediated thread-like nuclear bodies mark late senescence in Hutchinson–Gilford progeria syndrome,exclude,-1,第一阶段未同时发现皮肤对象和老化概念,exclude,第一阶段未同时发现皮肤对象和老化概念,two_stage_rule,False,cellular_senescence,,senescence,,,,,systemic_premature_aging,0,2019/09/10,https://www.ncbi.nlm.nih.gov/geo/query/acc.cgi?acc=GSE137085
GSE122547,Transcriptomic analysis of 13.5dpc embryonic ovaries exposed to the acetaminophen (APAP) and ibuprofen (IBU) combination in mice,exclude,-3,第一阶段未同时发现皮肤对象和老化概念,exclude,第一阶段未同时发现皮肤对象和老化概念,two_stage_rule,False,intrinsic_skin_aging,,aging_generic,,,,,embryonic_development,0,2019/08/22,https://www.ncbi.nlm.nih.gov/geo/query/acc.cgi?acc=GSE122547
GSE125737,Niche-specific factors dynamically regulate sebaceous gland stem cells during skin homeostasis and aging,include,9,标题明确以老化/细胞衰老为主题，Overall Design 验证了皮肤来源样本,include,标题明确以老化/细胞衰老为主题，Overall Design 验证了皮肤来源样本,two_stage_rule,True,skin_appendage_aging,skin; skin_appendage,aging_generic,skin_appendage_sample,,,,,0,2019/08/20,https://www.ncbi.nlm.nih.gov/geo/query/acc.cgi?acc=GSE125737
GSE135934,Long-term Y-27632 treatment promotes senescence of primary human dermal fibroblasts by increasing IGFBP-5,include,9,标题明确以老化/细胞衰老为主题，Overall Design 验证了皮肤来源样本,include,标题明确以老化/细胞衰老为主题，Overall Design 验证了皮肤来源样本,two_stage_rule,True,cellular_senescence,dermis; dermal_fibroblast,senescence,hdf,,,,,0,2019/08/19,https://www.ncbi.nlm.nih.gov/geo/query/acc.cgi?acc=GSE135934
GSE122186,Alcohol metabolism directly fuels histone acetylation in the brain [ChIP-Seq],exclude,-3,第一阶段未同时发现皮肤对象和老化概念,exclude,第一阶段未同时发现皮肤对象和老化概念,two_stage_rule,False,intrinsic_skin_aging,,,,,,,neurologic,0,2019/08/01,https://www.ncbi.nlm.nih.gov/geo/query/acc.cgi?acc=GSE122186
GSE122188,Alcohol metabolism directly fuels histone acetylation in the brain,exclude,-3,第一阶段未同时发现皮肤对象和老化概念,exclude,第一阶段未同时发现皮肤对象和老化概念,two_stage_rule,False,intrinsic_skin_aging,,,,,,,neurologic,0,2019/08/01,https://www.ncbi.nlm.nih.gov/geo/query/acc.cgi?acc=GSE122188
GSE122297,Novel epoxy-tiglianes stimulate keratinocyte wound healing responses and re-epithelialization via protein kinase C activation,exclude,5,同时命中皮肤和老化词，但缺少主研究问题与样本证据,exclude,同时命中皮肤和老化词，但缺少主研究问题与样本证据,two_stage_rule,True,intrinsic_skin_aging,skin; keratinocyte,aging_generic,keratinocyte_sample,,,,,0,2019/08/01,https://www.ncbi.nlm.nih.gov/geo/query/acc.cgi?acc=GSE122297
GSE122384,Alcohol metabolism directly fuels histone acetylation in the brain [RNA-Seq II],exclude,-3,第一阶段未同时发现皮肤对象和老化概念,exclude,第一阶段未同时发现皮肤对象和老化概念,two_stage_rule,False,intrinsic_skin_aging,,,,,,,neurologic,0,2019/08/01,https://www.ncbi.nlm.nih.gov/geo/query/acc.cgi?acc=GSE122384
GSE133704,Epigenomics and Single-cell Sequencing Define a Developmental Hierarchy in Langerhans Cell Histiocytosis [scRNA-seq],exclude,0,第一阶段未同时发现皮肤对象和老化概念,exclude,第一阶段未同时发现皮肤对象和老化概念,two_stage_rule,False,intrinsic_skin_aging,,,,,,,,0,2019/07/30,https://www.ncbi.nlm.nih.gov/geo/query/acc.cgi?acc=GSE133704
GSE133706,Epigenomics and Single-cell Sequencing Define a Developmental Hierarchy in Langerhans Cell Histiocytosis,exclude,0,第一阶段未同时发现皮肤对象和老化概念,exclude,第一阶段未同时发现皮肤对象和老化概念,two_stage_rule,False,intrinsic_skin_aging,,,,,,,,0,2019/07/30,https://www.ncbi.nlm.nih.gov/geo/query/acc.cgi?acc=GSE133706
GSE117375,Gene expression in Krt16 null paw lesions relative to WT paw skin,exclude,2,第一阶段未同时发现皮肤对象和老化概念,exclude,第一阶段未同时发现皮肤对象和老化概念,two_stage_rule,False,intrinsic_skin_aging,skin; epidermis,,,,,,,0,2019/07/19,https://www.ncbi.nlm.nih.gov/geo/query/acc.cgi?acc=GSE117375
GSE120291,"The expression levels of genes on trisomic chromosomes (chromosome 13, 18 or 21) are increased approximately 1.5-fold on average compared with diploid cells",exclude,-6,研究核心为特定疾病模型，未直接研究皮肤老化,exclude,研究核心为特定疾病模型，未直接研究皮肤老化,two_stage_rule,True,intrinsic_skin_aging,dermis; dermal_fibroblast,senescence,,,,fibroblast_reprogramming,other_disease,0,2019/07/18,https://www.ncbi.nlm.nih.gov/geo/query/acc.cgi?acc=GSE120291
GSE83922,Expression data from young and senescent melanocytes,include,14,明确包含皮肤样本，并设置年龄、衰老或光老化对照,include,明确包含皮肤样本，并设置年龄、衰老或光老化对照,two_stage_rule,True,cellular_senescence,melanocyte,senescence,melanocyte_sample,senescent_control,,,,3,2019/06/30,https://www.ncbi.nlm.nih.gov/geo/query/acc.cgi?acc=GSE83922
GSE83856,Autophagy deficient melanocytes display a senescence associated secretory phenotype that includes oxidized lipid mediators,include,7,标题明确以老化/细胞衰老为主题，Overall Design 验证了皮肤来源样本,include,标题明确以老化/细胞衰老为主题，Overall Design 验证了皮肤来源样本,two_stage_rule,True,cellular_senescence,melanocyte,aging_generic; senescence,melanocyte_sample,,,,,0,2019/06/29,https://www.ncbi.nlm.nih.gov/geo/query/acc.cgi?acc=GSE83856
GSE85483,Genome-wide expression study of macrophage subsets in mouse skin distinguished by differential CX3CR1 expression,exclude,5,第一阶段未同时发现皮肤对象和老化概念,exclude,第一阶段未同时发现皮肤对象和老化概念,two_stage_rule,False,intrinsic_skin_aging,skin; dermis,,skin_direct,,,,,0,2019/06/11,https://www.ncbi.nlm.nih.gov/geo/query/acc.cgi?acc=GSE85483
GSE130244,CD271 is a molecular switch with divergent roles in melanoma and melanocyte development,exclude,7,研究核心为肿瘤，缺少皮肤老化样本与年龄对照的共同证据,exclude,研究核心为肿瘤，缺少皮肤老化样本与年龄对照的共同证据,two_stage_rule,True,intrinsic_skin_aging,skin; epidermis; melanocyte,senescence,skin_direct; skin_tissue; melanocyte_sample,,,,cancer,0,2019/06/10,https://www.ncbi.nlm.nih.gov/geo/query/acc.cgi?acc=GSE130244
GSE131968,Matrix stiffness induces a tumorigenic phenotype in mammary epithelium through changes in chromatin accessibility,exclude,-3,第一阶段未同时发现皮肤对象和老化概念,exclude,第一阶段未同时发现皮肤对象和老化概念,two_stage_rule,False,intrinsic_skin_aging,,,,,,,cancer,0,2019/05/31,https://www.ncbi.nlm.nih.gov/geo/query/acc.cgi?acc=GSE131968
GSE128305,Hypoxia induces the dormant state in oocytes through expression of Foxo3,exclude,-3,第一阶段未同时发现皮肤对象和老化概念,exclude,第一阶段未同时发现皮肤对象和老化概念,two_stage_rule,False,intrinsic_skin_aging,,,,,,,reproductive,0,2019/05/28,https://www.ncbi.nlm.nih.gov/geo/query/acc.cgi?acc=GSE128305
GSE131789,In vivo gene signature of human skin with CO2 laser treatment,include,9,皮肤样本用于验证抗衰老或年轻化干预,include,皮肤样本用于验证抗衰老或年轻化干预,two_stage_rule,True,intrinsic_skin_aging,skin; skin_appendage,photoaging; rejuvenation,skin_tissue,,anti_aging_intervention,,,1,2019/05/28,https://www.ncbi.nlm.nih.gov/geo/query/acc.cgi?acc=GSE131789
GSE128407,In vitro gene signature of cultured adult keratinocytes stimulated by all trans retinoic acid (atRA) and/or Poly I:C,exclude,5,同时命中皮肤和老化词，但缺少主研究问题与样本证据,exclude,同时命中皮肤和老化词，但缺少主研究问题与样本证据,two_stage_rule,True,intrinsic_skin_aging,keratinocyte; skin_appendage,rejuvenation,keratinocyte_sample,,,,,0,2019/05/22,https://www.ncbi.nlm.nih.gov/geo/query/acc.cgi?acc=GSE128407
GSE128408,In vivo gene signature of TLR3KO mice stimulated by ethanol (EtOH) or all trans retinoic acid (atRA) treatment,exclude,0,同时命中皮肤和老化词，但缺少主研究问题与样本证据,exclude,同时命中皮肤和老化词，但缺少主研究问题与样本证据,two_stage_rule,True,intrinsic_skin_aging,skin_appendage,rejuvenation,,,,,,0,2019/05/22,https://www.ncbi.nlm.nih.gov/geo/query/acc.cgi?acc=GSE128408
GSE128868,Noncoding dsRNA induces retinoic acid synthesis to stimulate hair follicle regeneration via TLR3,exclude,2,同时命中皮肤和老化词，但缺少主研究问题与样本证据,exclude,同时命中皮肤和老化词，但缺少主研究问题与样本证据,two_stage_rule,True,intrinsic_skin_aging,skin_appendage,rejuvenation,,,,,,0,2019/05/22,https://www.ncbi.nlm.nih.gov/geo/query/acc.cgi?acc=GSE128868
GSE131280,DNA Methylation of primary human fibroblasts across replicative lifespan in normal and hyperglycemic conditions,exclude,5,第一阶段未同时发现皮肤对象和老化概念,exclude,第一阶段未同时发现皮肤对象和老化概念,two_stage_rule,False,intrinsic_skin_aging,,age_related; aging_generic; senescence,,replicative_aging,,,,0,2019/05/16,https://www.ncbi.nlm.nih.gov/geo/query/acc.cgi?acc=GSE131280
GSE121493,Expression data from young and old mouse ovarian secondary follicles,exclude,2,第一阶段未同时发现皮肤对象和老化概念,exclude,第一阶段未同时发现皮肤对象和老化概念,two_stage_rule,False,intrinsic_skin_aging,,age_related; aging_generic; young_vs_old,,young_vs_old,,,reproductive,0,2019/04/25,https://www.ncbi.nlm.nih.gov/geo/query/acc.cgi?acc=GSE121493
GSE130062,Identification of a pro-angiogenic functional role for FSP1 positive fibroblast subtype in wound healing,exclude,0,第一阶段未同时发现皮肤对象和老化概念,exclude,第一阶段未同时发现皮肤对象和老化概念,two_stage_rule,False,intrinsic_skin_aging,skin,,,,,,,0,2019/04/20,https://www.ncbi.nlm.nih.gov/geo/query/acc.cgi?acc=GSE130062
GSE129919,Gene expression profile in human ovarian granulosa cells during long-term in vitro culture,exclude,-3,第一阶段未同时发现皮肤对象和老化概念,exclude,第一阶段未同时发现皮肤对象和老化概念,two_stage_rule,False,intrinsic_skin_aging,,,,,,,reproductive,0,2019/04/17,https://www.ncbi.nlm.nih.gov/geo/query/acc.cgi?acc=GSE129919
GSE111825,Stem cell competition orchestrates skin homeostasis and ageing,include,12,明确包含皮肤样本，并设置年龄、衰老或光老化对照,include,明确包含皮肤样本，并设置年龄、衰老或光老化对照,two_stage_rule,True,intrinsic_skin_aging,skin; epidermis; melanocyte; skin_stem_cell,skin_aging; aging_generic; aged; young_vs_old; rejuvenation,epidermal_sample,young_vs_old,anti_aging_intervention,,,0,2019/04/05,https://www.ncbi.nlm.nih.gov/geo/query/acc.cgi?acc=GSE111825
GSE104318,Expression data from human dermal fibroblast subpopulations,exclude,7,第一阶段未同时发现皮肤对象和老化概念,exclude,第一阶段未同时发现皮肤对象和老化概念,two_stage_rule,False,intrinsic_skin_aging,dermis; dermal_fibroblast,,dermal_sample,,,,,0,2019/04/01,https://www.ncbi.nlm.nih.gov/geo/query/acc.cgi?acc=GSE104318
GSE114943,Light can synchronise peripheral clocks autonomously from each other [darkness experiment (DD)],exclude,0,同时命中皮肤和老化词，但缺少主研究问题与样本证据,exclude,同时命中皮肤和老化词，但缺少主研究问题与样本证据,two_stage_rule,True,intrinsic_skin_aging,epidermis,aging_generic; premature_aging,,,,,,0,2019/03/25,https://www.ncbi.nlm.nih.gov/geo/query/acc.cgi?acc=GSE114943
GSE115104,Light can synchronise peripheral clocks autonomously from each other,exclude,0,同时命中皮肤和老化词，但缺少主研究问题与样本证据,exclude,同时命中皮肤和老化词，但缺少主研究问题与样本证据,two_stage_rule,True,intrinsic_skin_aging,epidermis,aging_generic; premature_aging,,,,,,0,2019/03/25,https://www.ncbi.nlm.nih.gov/geo/query/acc.cgi?acc=GSE115104
GSE125965,Expression data from Inferior Vena Cava ligation in WT and Cd39-/- mice,exclude,0,第一阶段未同时发现皮肤对象和老化概念,exclude,第一阶段未同时发现皮肤对象和老化概念,two_stage_rule,False,intrinsic_skin_aging,,,,,,,,0,2019/02/01,https://www.ncbi.nlm.nih.gov/geo/query/acc.cgi?acc=GSE125965
GSE125699,Oocyte-specific deletion of Mitofusin1 causes female infertility and accelerated follicular depletion,exclude,-3,第一阶段未同时发现皮肤对象和老化概念,exclude,第一阶段未同时发现皮肤对象和老化概念,two_stage_rule,False,intrinsic_skin_aging,,aging_generic,,,,,reproductive,0,2019/01/26,https://www.ncbi.nlm.nih.gov/geo/query/acc.cgi?acc=GSE125699
GSE124433,Site-specific microarray evaluation of spontaneous dermatitis in flaky tail mice I,exclude,0,第一阶段未同时发现皮肤对象和老化概念,exclude,第一阶段未同时发现皮肤对象和老化概念,two_stage_rule,False,intrinsic_skin_aging,skin; epidermis,,,,,,,0,2018/12/28,https://www.ncbi.nlm.nih.gov/geo/query/acc.cgi?acc=GSE124433
GSE123928,DNA methylation analysis of melanoma cell lines SK28 and MEL501,exclude,-3,SuperSeries 的实际子研究指向非皮肤细胞，皮肤老化仅为背景,exclude,SuperSeries 的实际子研究指向非皮肤细胞，皮肤老化仅为背景,two_stage_rule,True,intrinsic_skin_aging,melanocyte,senescence,,,,,cancer,0,2018/12/18,https://www.ncbi.nlm.nih.gov/geo/query/acc.cgi?acc=GSE123928
GSE123112,Effects of losmapimod on non-specific inflammatory response in aged skin.,include,6,标题明确以皮肤老化为研究主问题，实验设计未发现相反证据,include,标题明确以皮肤老化为研究主问题，实验设计未发现相反证据,two_stage_rule,True,intrinsic_skin_aging,skin,aged_skin; aged,,,,,,0,2018/11/30,https://www.ncbi.nlm.nih.gov/geo/query/acc.cgi?acc=GSE123112
GSE123014,Gene expression signatures associated with PI3Kα-induced senescence,exclude,2,第一阶段未同时发现皮肤对象和老化概念,exclude,第一阶段未同时发现皮肤对象和老化概念,two_stage_rule,False,cellular_senescence,,senescence,,,,,,0,2018/11/28,https://www.ncbi.nlm.nih.gov/geo/query/acc.cgi?acc=GSE123014
GSE122837,Expression data from IGRA positive and IGRA negative,exclude,0,第一阶段未同时发现皮肤对象和老化概念,exclude,第一阶段未同时发现皮肤对象和老化概念,two_stage_rule,False,intrinsic_skin_aging,skin,,,,,,,0,2018/11/22,https://www.ncbi.nlm.nih.gov/geo/query/acc.cgi?acc=GSE122837
GSE115401,Impaired immune surveillance accelerates accumulation of senescent cells and aging [RNA-seq],exclude,4,第一阶段未同时发现皮肤对象和老化概念,exclude,第一阶段未同时发现皮肤对象和老化概念,two_stage_rule,False,cellular_senescence,,age_related; aging_generic; senescence,,,,,,0,2018/11/20,https://www.ncbi.nlm.nih.gov/geo/query/acc.cgi?acc=GSE115401
GSE116761,Pan-senescence transcriptome analysis identified RRAD as a marker and negative regulator of cellular senescence,exclude,2,SuperSeries 的实际子研究指向非皮肤细胞，皮肤老化仅为背景,exclude,SuperSeries 的实际子研究指向非皮肤细胞，皮肤老化仅为背景,two_stage_rule,True,cellular_senescence,skin,age_related; aging_generic; senescence,,,,,,0,2018/11/20,https://www.ncbi.nlm.nih.gov/geo/query/acc.cgi?acc=GSE116761
GSE113957,Predicting age from the transcriptome of human dermal fibroblasts,include,9,摘要将皮肤老化作为组学实验的直接研究问题,include,摘要将皮肤老化作为组学实验的直接研究问题,two_stage_rule,True,intrinsic_skin_aging,skin; dermis; dermal_fibroblast,chronological_aging; age_related; aging_generic; premature_aging,dermal_sample,,,,,1,2018/11/16,https://www.ncbi.nlm.nih.gov/geo/query/acc.cgi?acc=GSE113957
GSE110978,The effect of aging on the transcriptome of murine dermal fibroblasts,include,18,明确包含皮肤样本，并设置年龄、衰老或光老化对照,include,明确包含皮肤样本，并设置年龄、衰老或光老化对照,two_stage_rule,True,intrinsic_skin_aging,skin; dermis; dermal_fibroblast,aged_skin; age_related; aging_generic; aged; young_vs_old; rejuvenation,dermal_sample,young_vs_old,anti_aging_intervention,,,2,2018/11/14,https://www.ncbi.nlm.nih.gov/geo/query/acc.cgi?acc=GSE110978
GSE110979,Transcriptome analysis of fibroblast subpopulations isolated from neonatal murine dermis.,exclude,6,同时命中皮肤和老化词，但缺少主研究问题与样本证据,exclude,同时命中皮肤和老化词，但缺少主研究问题与样本证据,two_stage_rule,True,intrinsic_skin_aging,skin; dermis; dermal_fibroblast,aged_skin; age_related; aging_generic; aged; young_vs_old; rejuvenation,,,anti_aging_intervention,,,1,2018/11/14,https://www.ncbi.nlm.nih.gov/geo/query/acc.cgi?acc=GSE110979
GSE110980,The effect of topical PPARG inhibitor (GW9662) treatment on the transcriptome of old dermal fibroblasts,include,11,皮肤样本用于验证抗衰老或年轻化干预,include,皮肤样本用于验证抗衰老或年轻化干预,two_stage_rule,True,intrinsic_skin_aging,skin; dermis; dermal_fibroblast,aged_skin; age_related; aging_generic; aged; young_vs_old; rejuvenation,skin_direct,,anti_aging_intervention,,,1,2018/11/14,https://www.ncbi.nlm.nih.gov/geo/query/acc.cgi?acc=GSE110980
GSE110981,The effect of high fat diet on the transcriptome of murine dermal fibroblasts,include,11,皮肤样本用于验证抗衰老或年轻化干预,include,皮肤样本用于验证抗衰老或年轻化干预,two_stage_rule,True,intrinsic_skin_aging,skin; dermis; dermal_fibroblast,aged_skin; age_related; aging_generic; aged; young_vs_old; rejuvenation,dermal_sample,,anti_aging_intervention,,,1,2018/11/14,https://www.ncbi.nlm.nih.gov/geo/query/acc.cgi?acc=GSE110981
GSE110982,The effect of caloric restriction on the transcriptome of dermal fibroblasts during aging,include,18,明确包含皮肤样本，并设置年龄、衰老或光老化对照,include,明确包含皮肤样本，并设置年龄、衰老或光老化对照,two_stage_rule,True,intrinsic_skin_aging,skin; dermis; dermal_fibroblast,aged_skin; age_related; aging_generic; aged; young_vs_old; rejuvenation,dermal_sample,young_vs_old,anti_aging_intervention,,,2,2018/11/14,https://www.ncbi.nlm.nih.gov/geo/query/acc.cgi?acc=GSE110982
GSE110983,The transcriptome of murine dermal fibroblasts,exclude,7,第一阶段未同时发现皮肤对象和老化概念,exclude,第一阶段未同时发现皮肤对象和老化概念,two_stage_rule,False,intrinsic_skin_aging,dermis; dermal_fibroblast,,dermal_sample,,,,,0,2018/11/14,https://www.ncbi.nlm.nih.gov/geo/query/acc.cgi?acc=GSE110983
GSE111136,scRNAseq of aging dermal fibroblasts,include,17,明确包含皮肤样本，并设置年龄、衰老或光老化对照,include,明确包含皮肤样本，并设置年龄、衰老或光老化对照,two_stage_rule,True,intrinsic_skin_aging,dermis; dermal_fibroblast,aging_generic; young_vs_old,dermal_sample,young_vs_old; age_groups; age_time_course,,,,1,2018/11/14,https://www.ncbi.nlm.nih.gov/geo/query/acc.cgi?acc=GSE111136
GSE117762,The effect of aging on the transcriptome of murine dermal fibroblasts isolated from male mice,include,18,明确包含皮肤样本，并设置年龄、衰老或光老化对照,include,明确包含皮肤样本，并设置年龄、衰老或光老化对照,two_stage_rule,True,intrinsic_skin_aging,skin; dermis; dermal_fibroblast,aged_skin; age_related; aging_generic; aged; young_vs_old; rejuvenation,dermal_sample,young_vs_old,anti_aging_intervention,,,2,2018/11/14,https://www.ncbi.nlm.nih.gov/geo/query/acc.cgi?acc=GSE117762
GSE117763,The effect of cell culture on age-related transcriptomic changes in dermal fibroblasts,include,18,明确包含皮肤样本，并设置年龄、衰老或光老化对照,include,明确包含皮肤样本，并设置年龄、衰老或光老化对照,two_stage_rule,True,intrinsic_skin_aging,skin; dermis; dermal_fibroblast,aged_skin; age_related; aging_generic; aged; young_vs_old; rejuvenation,dermal_sample,young_vs_old,anti_aging_intervention,,,2,2018/11/14,https://www.ncbi.nlm.nih.gov/geo/query/acc.cgi?acc=GSE117763
GSE105077,Novel Alterations in Chromatin Structure during Aging Reveal Cell-Specific Differential Expression of SUMO Proteins,exclude,2,第一阶段未同时发现皮肤对象和老化概念,exclude,第一阶段未同时发现皮肤对象和老化概念,two_stage_rule,False,intrinsic_skin_aging,,chronological_aging; aging_generic,,,,,,0,2018/11/09,https://www.ncbi.nlm.nih.gov/geo/query/acc.cgi?acc=GSE105077
GSE105790,Gene expression profiling of myofibroblasts in young and aged day 5 wound beds,include,10,明确包含皮肤样本，并设置年龄、衰老或光老化对照,include,明确包含皮肤样本，并设置年龄、衰老或光老化对照,two_stage_rule,True,aged_skin_repair,skin,aged; young_vs_old,skin_direct,young_vs_old,,,,0,2018/11/06,https://www.ncbi.nlm.nih.gov/geo/query/acc.cgi?acc=GSE105790
GSE119207,Plucked hair follicles from patients with chronic discoid lupus erythematosus show a disease-specific molecular signature,exclude,2,第一阶段未同时发现皮肤对象和老化概念,exclude,第一阶段未同时发现皮肤对象和老化概念,two_stage_rule,False,intrinsic_skin_aging,skin; skin_appendage,,,,,,,0,2018/10/31,https://www.ncbi.nlm.nih.gov/geo/query/acc.cgi?acc=GSE119207
GSE114419,Coding and Non-coding gene expression signatures of granulosa cells from Polycystic Ovary Syndrome Patients,exclude,-3,第一阶段未同时发现皮肤对象和老化概念,exclude,第一阶段未同时发现皮肤对象和老化概念,two_stage_rule,False,intrinsic_skin_aging,,aged,,,,,reproductive,0,2018/10/30,https://www.ncbi.nlm.nih.gov/geo/query/acc.cgi?acc=GSE114419
GSE121460,Age-related loss of innate immune antimicrobial function of dermal fat is mediated by TGFβ,include,10,标题明确以老化/细胞衰老为主题，Overall Design 验证了皮肤来源样本,include,标题明确以老化/细胞衰老为主题，Overall Design 验证了皮肤来源样本,two_stage_rule,True,intrinsic_skin_aging,skin; dermis; dermal_fibroblast,age_related; aging_generic,skin_direct; dermal_sample,,,,,0,2018/10/18,https://www.ncbi.nlm.nih.gov/geo/query/acc.cgi?acc=GSE121460
GSE100335,MYC interacts with the G9a histone methyltransferase to control transcriptional repression in cancer,exclude,-3,第一阶段未同时发现皮肤对象和老化概念,exclude,第一阶段未同时发现皮肤对象和老化概念,two_stage_rule,False,intrinsic_skin_aging,,aging_generic,,,,,cancer,0,2018/10/08,https://www.ncbi.nlm.nih.gov/geo/query/acc.cgi?acc=GSE100335
GSE120783,Glucocorticoid induced gene signature in human skin,include,10,皮肤样本用于验证抗衰老或年轻化干预,include,皮肤样本用于验证抗衰老或年轻化干预,two_stage_rule,True,intrinsic_skin_aging,skin,skin_aging; aged_skin; aging_generic; aged,skin_biopsy; skin_punch_biopsy,,aged_skin_treatment,,,0,2018/10/04,https://www.ncbi.nlm.nih.gov/geo/query/acc.cgi?acc=GSE120783
GSE114006,miRNA expression data from sun-exposed and sun- protected skin of young (18-25 years) and old (>70 years) females,include,14,明确包含皮肤样本，并设置年龄、衰老或光老化对照,include,明确包含皮肤样本，并设置年龄、衰老或光老化对照,two_stage_rule,True,intrinsic_skin_aging,skin,photoaging; chronological_aging; aging_generic; aged; young_vs_old,skin_direct,young_vs_old,,,,5,2018/08/31,https://www.ncbi.nlm.nih.gov/geo/query/acc.cgi?acc=GSE114006
GSE106097,Gene expression changes in fibroblasts with constitutively active Nrf2 reflect a senescence-associated secretory phenotype (SASP),include,5,标题明确以老化/细胞衰老为主题，Overall Design 验证了皮肤来源样本,include,标题明确以老化/细胞衰老为主题，Overall Design 验证了皮肤来源样本,two_stage_rule,True,cellular_senescence,skin; keratinocyte,senescence,skin_direct,,,,,0,2018/08/30,https://www.ncbi.nlm.nih.gov/geo/query/acc.cgi?acc=GSE106097
GSE107319,Androgen receptor functions as transcriptional repressor of Cancer Associated Fibroblast (CAF) activation [RNA-seq],exclude,0,研究核心为肿瘤，缺少皮肤老化样本与年龄对照的共同证据,exclude,研究核心为肿瘤，缺少皮肤老化样本与年龄对照的共同证据,two_stage_rule,True,intrinsic_skin_aging,skin; dermis; dermal_fibroblast,age_related; senescence,hdf,,,,cancer,0,2018/08/28,https://www.ncbi.nlm.nih.gov/geo/query/acc.cgi?acc=GSE107319
GSE107320,Androgen receptor functions as transcriptional repressor of Cancer Associated Fibroblast (CAF) activation [ChIP-seq],exclude,3,研究核心为肿瘤，缺少皮肤老化样本与年龄对照的共同证据,exclude,研究核心为肿瘤，缺少皮肤老化样本与年龄对照的共同证据,two_stage_rule,True,intrinsic_skin_aging,skin; dermis; dermal_fibroblast,age_related; senescence,dermal_sample; hdf,,,,cancer,0,2018/08/28,https://www.ncbi.nlm.nih.gov/geo/query/acc.cgi?acc=GSE107320
GSE102983,Rejuvenation and conversion of skin fibroblasts for immune modulation and bone and cartilage repair in vivo,exclude,1,研究核心为特定疾病模型，未直接研究皮肤老化,exclude,研究核心为特定疾病模型，未直接研究皮肤老化,two_stage_rule,True,rejuvenation_intervention,skin,aged_skin; aging_generic; aged; young_vs_old; rejuvenation,,,,,skeletal_repair,0,2018/08/20,https://www.ncbi.nlm.nih.gov/geo/query/acc.cgi?acc=GSE102983
GSE118261,"Microarray transcriptomic data from LNCaP cells treated with vehicle, 10 nM bufalin or 20 nM bufalin for 24 h",exclude,0,SuperSeries 的实际子研究指向非皮肤细胞，皮肤老化仅为背景,exclude,SuperSeries 的实际子研究指向非皮肤细胞，皮肤老化仅为背景,two_stage_rule,True,intrinsic_skin_aging,skin,senescence,,,,,,0,2018/08/13,https://www.ncbi.nlm.nih.gov/geo/query/acc.cgi?acc=GSE118261
GSE116961,"Sorted BCC timecourse after Vismo treatment - MCT, 6d, 14d",exclude,0,SuperSeries 的实际子研究指向非皮肤细胞，皮肤老化仅为背景,exclude,SuperSeries 的实际子研究指向非皮肤细胞，皮肤老化仅为背景,two_stage_rule,True,intrinsic_skin_aging,skin,aged,,,,,,0,2018/08/08,https://www.ncbi.nlm.nih.gov/geo/query/acc.cgi?acc=GSE116961
GSE116965,ATAC sequencing of sorted BCC cells after vismodegib treatment,exclude,0,SuperSeries 的实际子研究指向非皮肤细胞，皮肤老化仅为背景,exclude,SuperSeries 的实际子研究指向非皮肤细胞，皮肤老化仅为背景,two_stage_rule,True,intrinsic_skin_aging,skin,aged,,,,,,0,2018/08/08,https://www.ncbi.nlm.nih.gov/geo/query/acc.cgi?acc=GSE116965
GSE116815,Generation of trichogenic adipose-derived stem cells by expression of three factors,exclude,0,同时命中皮肤和老化词，但缺少主研究问题与样本证据,exclude,同时命中皮肤和老化词，但缺少主研究问题与样本证据,two_stage_rule,True,intrinsic_skin_aging,dermis; skin_appendage,aging_generic,,,,,,0,2018/08/07,https://www.ncbi.nlm.nih.gov/geo/query/acc.cgi?acc=GSE116815
GSE117545,Comparison of expression profile between fibroblasts taken from young (23 years old) and aged (70 years old) donors,include,12,明确包含皮肤样本，并设置年龄、衰老或光老化对照,include,明确包含皮肤样本，并设置年龄、衰老或光老化对照,two_stage_rule,True,intrinsic_skin_aging,skin; dermis; dermal_fibroblast,aging_generic; aged; young_vs_old,dermal_sample,young_vs_old,,,,1,2018/07/24,https://www.ncbi.nlm.nih.gov/geo/query/acc.cgi?acc=GSE117545
GSE93833,"Basal hair follicle stem cell mRNA expression levels of mice at 3, 19 and 24 months of age",include,8,明确包含皮肤样本，并设置年龄、衰老或光老化对照,include,明确包含皮肤样本，并设置年龄、衰老或光老化对照,two_stage_rule,True,intrinsic_skin_aging,skin; skin_appendage,chronological_aging; aging_generic,skin_appendage_sample,age_series,,,,0,2018/07/18,https://www.ncbi.nlm.nih.gov/geo/query/acc.cgi?acc=GSE93833
GSE113484,ELF1 expression in prostate cells reduces oncogenic ETS functions and promotes senescence and sensitivity to chemotherapy through distinct gene expression programs [ChIP-seq],exclude,2,第一阶段未同时发现皮肤对象和老化概念,exclude,第一阶段未同时发现皮肤对象和老化概念,two_stage_rule,False,cellular_senescence,,senescence,,,,,,0,2018/07/01,https://www.ncbi.nlm.nih.gov/geo/query/acc.cgi?acc=GSE113484
GSE113485,ELF1 expression in prostate cells reduces oncogenic ETS functions and promotes senescence and sensitivity to chemotherapy through distinct gene expression programs [RNA-seq],exclude,2,第一阶段未同时发现皮肤对象和老化概念,exclude,第一阶段未同时发现皮肤对象和老化概念,two_stage_rule,False,cellular_senescence,,senescence,,,,,,0,2018/07/01,https://www.ncbi.nlm.nih.gov/geo/query/acc.cgi?acc=GSE113485
GSE113499,ELF1 expression in prostate cells reduces oncogenic ETS functions and promotes senescence and sensitivity to chemotherapy through distinct gene expression programs,exclude,2,第一阶段未同时发现皮肤对象和老化概念,exclude,第一阶段未同时发现皮肤对象和老化概念,two_stage_rule,False,cellular_senescence,,senescence,,,,,,0,2018/07/01,https://www.ncbi.nlm.nih.gov/geo/query/acc.cgi?acc=GSE113499
GSE90643,A molecular signature for rejuvenation characterizes lesional and non lesional skin following Metvix treatment in Actinic Keratosis patients.,include,4,标题明确以皮肤老化为研究主问题，实验设计未发现相反证据,exclude,主要研究光动力治疗后的 actinic keratosis 与 field cancerization，rejuvenation 为疾病治疗后的次级表达特征。,evidence_adjudication,True,rejuvenation_intervention,skin; epidermis; keratinocyte,rejuvenation,,,,,,0,2018/06/15,https://www.ncbi.nlm.nih.gov/geo/query/acc.cgi?acc=GSE90643
GSE95354,Differentially transcribed miRNAs in stress-induced premature senecence (SIPS),include,8,明确包含皮肤样本，并设置年龄、衰老或光老化对照,include,明确包含皮肤样本，并设置年龄、衰老或光老化对照,two_stage_rule,True,cellular_senescence,dermis; dermal_fibroblast,senescence,hdf,senescent_control,,,,0,2018/06/08,https://www.ncbi.nlm.nih.gov/geo/query/acc.cgi?acc=GSE95354
GSE106424,Ezh2 is essential for activation-induced CD8+ T cell cycle progression via repressing Cdkn1a and Cdkn2c expression (Part I),exclude,0,第一阶段未同时发现皮肤对象和老化概念,exclude,第一阶段未同时发现皮肤对象和老化概念,two_stage_rule,False,intrinsic_skin_aging,,,,,,,,0,2018/05/11,https://www.ncbi.nlm.nih.gov/geo/query/acc.cgi?acc=GSE106424
GSE106426,Ezh2 is essential for activation-induced CD8+ T cell cycle progression via repressing Cdkn1a and Cdkn2c expression,exclude,0,第一阶段未同时发现皮肤对象和老化概念,exclude,第一阶段未同时发现皮肤对象和老化概念,two_stage_rule,False,intrinsic_skin_aging,,,,,,,,0,2018/05/11,https://www.ncbi.nlm.nih.gov/geo/query/acc.cgi?acc=GSE106426
GSE102673,Genome-wide microarray analysis to identify the differentially expressed patterns of lncRNAs of cholesteatoma tissues compared with matched normal skin tissues.,exclude,5,第一阶段未同时发现皮肤对象和老化概念,exclude,第一阶段未同时发现皮肤对象和老化概念,two_stage_rule,False,intrinsic_skin_aging,skin,,skin_tissue,,,,,0,2018/05/09,https://www.ncbi.nlm.nih.gov/geo/query/acc.cgi?acc=GSE102673
GSE113648,Quantitative whole transcriptomics sequencing of progeria-derived cells point to a key role of nucleotide metabolism in premature aging,exclude,1,第一阶段未同时发现皮肤对象和老化概念,exclude,第一阶段未同时发现皮肤对象和老化概念,two_stage_rule,False,intrinsic_skin_aging,,aging_generic; premature_aging,,,,,systemic_premature_aging,0,2018/04/30,https://www.ncbi.nlm.nih.gov/geo/query/acc.cgi?acc=GSE113648
GSE113239,Differential Gene Expression Analysis of Human Cumulus Cells as a Predictor of Pregnancy,exclude,-3,第一阶段未同时发现皮肤对象和老化概念,exclude,第一阶段未同时发现皮肤对象和老化概念,two_stage_rule,False,intrinsic_skin_aging,,,,,,,reproductive,0,2018/04/18,https://www.ncbi.nlm.nih.gov/geo/query/acc.cgi?acc=GSE113239
GSE89925,Proliferation pause as an early blockade of human cellular reprogramming toward pluripotency [Methylation analysis],exclude,0,第一阶段未同时发现皮肤对象和老化概念,exclude,第一阶段未同时发现皮肤对象和老化概念,two_stage_rule,False,intrinsic_skin_aging,,senescence,,,,,,0,2018/04/10,https://www.ncbi.nlm.nih.gov/geo/query/acc.cgi?acc=GSE89925
GSE89975,Proliferation pause as an early blockade of human cellular reprogramming toward pluripotency [RNA-seq analysis],exclude,0,第一阶段未同时发现皮肤对象和老化概念,exclude,第一阶段未同时发现皮肤对象和老化概念,two_stage_rule,False,intrinsic_skin_aging,,senescence,,,,,,0,2018/04/10,https://www.ncbi.nlm.nih.gov/geo/query/acc.cgi?acc=GSE89975
GSE89976,Proliferation pause as an early blockade of human cellular reprogramming toward pluripotency [ChIP-seq analysis],exclude,0,第一阶段未同时发现皮肤对象和老化概念,exclude,第一阶段未同时发现皮肤对象和老化概念,two_stage_rule,False,intrinsic_skin_aging,,senescence,,,,,,0,2018/04/10,https://www.ncbi.nlm.nih.gov/geo/query/acc.cgi?acc=GSE89976
GSE90014,Proliferation pause as an early blockade of human cellular reprogramming toward pluripotency [single cell RNA-seq analysis],exclude,0,第一阶段未同时发现皮肤对象和老化概念,exclude,第一阶段未同时发现皮肤对象和老化概念,two_stage_rule,False,intrinsic_skin_aging,,senescence,,,,,,0,2018/04/10,https://www.ncbi.nlm.nih.gov/geo/query/acc.cgi?acc=GSE90014
GSE109774,Tabula Muris: Transcriptomic characterization of 20 organs and tissues from Mus musculus at single cell resolution,exclude,0,第一阶段未同时发现皮肤对象和老化概念,exclude,第一阶段未同时发现皮肤对象和老化概念,two_stage_rule,False,intrinsic_skin_aging,,,,,,,,0,2018/03/19,https://www.ncbi.nlm.nih.gov/geo/query/acc.cgi?acc=GSE109774
GSE93535,RNAseq of quiescent (Q) and stress induced premature senescent (SIPS) fibroblasts treated with plant extract (1201) from Solidago vigaurea subspecies alpestris,include,11,明确包含皮肤样本，并设置年龄、衰老或光老化对照,include,明确包含皮肤样本，并设置年龄、衰老或光老化对照,two_stage_rule,True,cellular_senescence,skin,senescence,skin_direct; skin_fibroblast,senescent_control,,,,0,2018/03/09,https://www.ncbi.nlm.nih.gov/geo/query/acc.cgi?acc=GSE93535
GSE101610,Transcriptional and epigenetic profiling of aged mouse SVZ-derived neural stem / progenitor cells,exclude,-1,第一阶段未同时发现皮肤对象和老化概念,exclude,第一阶段未同时发现皮肤对象和老化概念,two_stage_rule,False,intrinsic_skin_aging,,aged; young_vs_old,,,,,neurologic,0,2018/03/06,https://www.ncbi.nlm.nih.gov/geo/query/acc.cgi?acc=GSE101610
GSE104764,Chip-chip from human epidermis with H3ac,include,7,摘要将皮肤老化作为组学实验的直接研究问题,include,摘要将皮肤老化作为组学实验的直接研究问题,two_stage_rule,True,intrinsic_skin_aging,skin; epidermis,photoaging,skin_tissue,,,,,1,2018/02/28,https://www.ncbi.nlm.nih.gov/geo/query/acc.cgi?acc=GSE104764
GSE99745,RNA-Seq of polysome profiling fractions and whole cell lysates of UVB-irradiated N-TERT keratinocytes,exclude,5,同时命中皮肤和老化词，但缺少主研究问题与样本证据,exclude,同时命中皮肤和老化词，但缺少主研究问题与样本证据,two_stage_rule,True,intrinsic_skin_aging,skin; keratinocyte,senescence,keratinocyte_sample,,,,,0,2018/02/16,https://www.ncbi.nlm.nih.gov/geo/query/acc.cgi?acc=GSE99745
GSE102271,Expression analysis of melanocyte stem cells from Mitfmi-vga9/+ mice reveals a role for MITF in the transcriptional regulation of innate immune gene expression,exclude,5,同时命中皮肤和老化词，但缺少主研究问题与样本证据,exclude,同时命中皮肤和老化词，但缺少主研究问题与样本证据,two_stage_rule,True,intrinsic_skin_aging,melanocyte,skin_appendage_aging_phenotype,melanocyte_sample,,,,,0,2018/02/04,https://www.ncbi.nlm.nih.gov/geo/query/acc.cgi?acc=GSE102271
GSE75192,"Deep sequencing of mRNA from mouse at five different timepoints in three different tissues (brain, liver, skin)",exclude,-4,标题和实验设计指向非皮肤器官，皮肤/衰老仅为附带描述,exclude,标题和实验设计指向非皮肤器官，皮肤/衰老仅为附带描述,two_stage_rule,True,intrinsic_skin_aging,skin,aging_generic,,,,,hepatic; neurologic,0,2018/01/08,https://www.ncbi.nlm.nih.gov/geo/query/acc.cgi?acc=GSE75192
GSE75337,"Deep sequencing of endogenous mRNA from Homo sapiens from four age categories in two different tissues (blood, skin)",exclude,2,同时命中皮肤和老化词，但缺少主研究问题与样本证据,exclude,同时命中皮肤和老化词，但缺少主研究问题与样本证据,two_stage_rule,True,intrinsic_skin_aging,skin,aging_generic,,,,,,0,2018/01/08,https://www.ncbi.nlm.nih.gov/geo/query/acc.cgi?acc=GSE75337
GSE78130,Deep sequencing of mRNA from Mus musculus at two different timepoints in skin (ear clip),exclude,2,第一阶段未同时发现皮肤对象和老化概念,exclude,第一阶段未同时发现皮肤对象和老化概念,two_stage_rule,False,intrinsic_skin_aging,skin,,,,,,,0,2018/01/08,https://www.ncbi.nlm.nih.gov/geo/query/acc.cgi?acc=GSE78130
GSE92724,Dermal endothelial cells of type 2 diabetic patients,exclude,5,同时命中皮肤和老化词，但缺少主研究问题与样本证据,exclude,同时命中皮肤和老化词，但缺少主研究问题与样本证据,two_stage_rule,True,intrinsic_skin_aging,skin; dermis,aging_generic,skin_direct,,,,,0,2018/01/08,https://www.ncbi.nlm.nih.gov/geo/query/acc.cgi?acc=GSE92724
GSE108674,Expression data in human young and old primary keratinocytes,include,17,明确包含皮肤样本，并设置年龄、衰老或光老化对照,include,明确包含皮肤样本，并设置年龄、衰老或光老化对照,two_stage_rule,True,intrinsic_skin_aging,skin; epidermis; keratinocyte,skin_aging; aging_generic; aged; young_vs_old,skin_direct; keratinocyte_sample,young_vs_old,,,,2,2018/01/03,https://www.ncbi.nlm.nih.gov/geo/query/acc.cgi?acc=GSE108674
GSE100774,PUVA pretreatment leads to significant reduction in imiquimod induced psoriatic phenotype with gene expression signature associated with senescence,exclude,2,第一阶段未同时发现皮肤对象和老化概念,exclude,第一阶段未同时发现皮肤对象和老化概念,two_stage_rule,False,cellular_senescence,,senescence,,,,,,0,2018/01/01,https://www.ncbi.nlm.nih.gov/geo/query/acc.cgi?acc=GSE100774
GSE101493,"microRNA expression in human keratinocytes from infant, adult and ederly skin",include,9,摘要将皮肤老化作为组学实验的直接研究问题,include,摘要将皮肤老化作为组学实验的直接研究问题,two_stage_rule,True,intrinsic_skin_aging,skin; keratinocyte,aging_generic,keratinocyte_sample,,,,,1,2017/12/31,https://www.ncbi.nlm.nih.gov/geo/query/acc.cgi?acc=GSE101493
GSE59847,Global changes in gene expression in human dermal fibroblasts after CSL silencing,exclude,7,同时命中皮肤和老化词，但缺少主研究问题与样本证据,exclude,同时命中皮肤和老化词，但缺少主研究问题与样本证据,two_stage_rule,True,intrinsic_skin_aging,skin; dermis; dermal_fibroblast; keratinocyte,aging_generic; senescence,hdf,,,,,0,2017/12/04,https://www.ncbi.nlm.nih.gov/geo/query/acc.cgi?acc=GSE59847
GSE102269,Mitochondrial unfolded protein response gene Clpp plays a role in female fertility and reproductive aging,exclude,-1,第一阶段未同时发现皮肤对象和老化概念,exclude,第一阶段未同时发现皮肤对象和老化概念,two_stage_rule,False,intrinsic_skin_aging,,aging_generic,,,,,reproductive,0,2017/12/01,https://www.ncbi.nlm.nih.gov/geo/query/acc.cgi?acc=GSE102269
GSE89455,Proliferation pause as an early blockade of human cellular reprogramming toward pluripotency,exclude,0,第一阶段未同时发现皮肤对象和老化概念,exclude,第一阶段未同时发现皮肤对象和老化概念,two_stage_rule,False,intrinsic_skin_aging,,senescence,,,,,,0,2017/12/01,https://www.ncbi.nlm.nih.gov/geo/query/acc.cgi?acc=GSE89455
GSE101673,Methylation analysis of HBEC cells exposed to cigarette smoke condensate (CSC) over a period of 15 months,exclude,0,第一阶段未同时发现皮肤对象和老化概念,exclude,第一阶段未同时发现皮肤对象和老化概念,two_stage_rule,False,intrinsic_skin_aging,,senescence,,,,,,0,2017/10/21,https://www.ncbi.nlm.nih.gov/geo/query/acc.cgi?acc=GSE101673
GSE101862,Genes expression in xenografts obtained from 15 months cigarette smoke condensate (CSC)-exposed HBEC cells following expression of KRASV12,exclude,0,第一阶段未同时发现皮肤对象和老化概念,exclude,第一阶段未同时发现皮肤对象和老化概念,two_stage_rule,False,intrinsic_skin_aging,,senescence,,,,,,0,2017/10/21,https://www.ncbi.nlm.nih.gov/geo/query/acc.cgi?acc=GSE101862
GSE101863,Gene Expression of HBEC-3KT cells exposed to cigarette smoke condensate (CSC) over a period of 15 months,exclude,0,第一阶段未同时发现皮肤对象和老化概念,exclude,第一阶段未同时发现皮肤对象和老化概念,two_stage_rule,False,intrinsic_skin_aging,,senescence,,,,,,0,2017/10/21,https://www.ncbi.nlm.nih.gov/geo/query/acc.cgi?acc=GSE101863
GSE103150,Exome-seq analysis of human bronchial epithelial cells (HBEC3KT) cells pre and post treatment with DMSO (Control) or 10 µg/ml cigarette smoke condensate (CSC) for 15 months and tumor xenografts obtained with 15 month CSC treated cells expressing KRASV12,exclude,-3,第一阶段未同时发现皮肤对象和老化概念,exclude,第一阶段未同时发现皮肤对象和老化概念,two_stage_rule,False,intrinsic_skin_aging,,senescence,,,,,cancer,0,2017/10/21,https://www.ncbi.nlm.nih.gov/geo/query/acc.cgi?acc=GSE103150
GSE103331,"Chip-seq analysis of H3K4me3, H3K27me3, DNMT1 and EZH2 binding to chromatin following acute (10 days) and chronic (10 months) treatment of human bronchial epithelial cells (HBEC3KT) cells with 10 µg/ml cigarette smoke condensate (CSC).",exclude,0,第一阶段未同时发现皮肤对象和老化概念,exclude,第一阶段未同时发现皮肤对象和老化概念,two_stage_rule,False,intrinsic_skin_aging,,senescence,,,,,,0,2017/10/21,https://www.ncbi.nlm.nih.gov/geo/query/acc.cgi?acc=GSE103331
GSE103147,Sequential inflammatory processes define human progression from M. tuberculosis infection to tuberculosis disease,exclude,0,第一阶段未同时发现皮肤对象和老化概念,exclude,第一阶段未同时发现皮肤对象和老化概念,two_stage_rule,False,intrinsic_skin_aging,,,,,,,,0,2017/10/17,https://www.ncbi.nlm.nih.gov/geo/query/acc.cgi?acc=GSE103147
GSE102676,Transcription factors and stress response gene alterations in human keratinocytes following Solar Simulated Ultra Violet Radiation,exclude,5,同时命中皮肤和老化词，但缺少主研究问题与样本证据,exclude,同时命中皮肤和老化词，但缺少主研究问题与样本证据,two_stage_rule,True,intrinsic_skin_aging,skin; keratinocyte,skin_aging; aging_generic,keratinocyte_sample,,,,,0,2017/10/01,https://www.ncbi.nlm.nih.gov/geo/query/acc.cgi?acc=GSE102676
GSE102639,"RNA seq_A375 gSMARCB1 + A549 etoposide, Aurora kinases inhibitors treated",exclude,0,第一阶段未同时发现皮肤对象和老化概念,exclude,第一阶段未同时发现皮肤对象和老化概念,two_stage_rule,False,intrinsic_skin_aging,,senescence,,,,,,0,2017/09/21,https://www.ncbi.nlm.nih.gov/geo/query/acc.cgi?acc=GSE102639
GSE92942,DNMT3b ChIP-Seq in enteric precursor cells,exclude,0,第一阶段未同时发现皮肤对象和老化概念,exclude,第一阶段未同时发现皮肤对象和老化概念,two_stage_rule,False,intrinsic_skin_aging,,,,,,,,0,2017/09/06,https://www.ncbi.nlm.nih.gov/geo/query/acc.cgi?acc=GSE92942
GSE87201,The transcriptome of human oocytes is related to age and ovarian reserve.,exclude,-3,第一阶段未同时发现皮肤对象和老化概念,exclude,第一阶段未同时发现皮肤对象和老化概念,two_stage_rule,False,intrinsic_skin_aging,,aging_generic,,,,,reproductive,0,2017/08/29,https://www.ncbi.nlm.nih.gov/geo/query/acc.cgi?acc=GSE87201
GSE97242,Imbalance of mitochondrial respiratory chain complexes in the epidermis induces severe skin inflammation,exclude,4,同时命中皮肤和老化词，但缺少主研究问题与样本证据,exclude,同时命中皮肤和老化词，但缺少主研究问题与样本证据,two_stage_rule,True,intrinsic_skin_aging,skin; epidermis; keratinocyte,aging_generic; aged,,,,,,0,2017/08/16,https://www.ncbi.nlm.nih.gov/geo/query/acc.cgi?acc=GSE97242
GSE84510,Expression data from epidermal stem cells from young mice fed either with normal diet or high fat diet,include,10,明确包含皮肤样本，并设置年龄、衰老或光老化对照,include,明确包含皮肤样本，并设置年龄、衰老或光老化对照,two_stage_rule,True,intrinsic_skin_aging,epidermis; skin_stem_cell,aging_generic; young_vs_old,epidermal_sample,young_vs_old,,,,0,2017/08/10,https://www.ncbi.nlm.nih.gov/geo/query/acc.cgi?acc=GSE84510
GSE84511,Circadian expression data from epidermal stem cells from young and aged mice,include,19,明确包含皮肤样本，并设置年龄、衰老或光老化对照,include,明确包含皮肤样本，并设置年龄、衰老或光老化对照,two_stage_rule,True,intrinsic_skin_aging,epidermis; skin_stem_cell,aging_generic; aged; young_vs_old; premature_aging,epidermal_sample,young_vs_old; age_groups,,,,1,2017/08/10,https://www.ncbi.nlm.nih.gov/geo/query/acc.cgi?acc=GSE84511
GSE84521,Circadian expression data from epidermal stem cells from adult and aged mice fed with normal diet or calorie restricted,include,17,明确包含皮肤样本，并设置年龄、衰老或光老化对照,include,明确包含皮肤样本，并设置年龄、衰老或光老化对照,two_stage_rule,True,intrinsic_skin_aging,epidermis; skin_stem_cell,aging_generic; aged,epidermal_sample,young_vs_old; age_groups,,,,1,2017/08/10,https://www.ncbi.nlm.nih.gov/geo/query/acc.cgi?acc=GSE84521
GSE84580,Adult stem cells undergo circadian reprogramming during ageing,exclude,5,第一阶段未同时发现皮肤对象和老化概念,exclude,第一阶段未同时发现皮肤对象和老化概念,two_stage_rule,False,intrinsic_skin_aging,,aging_generic,epidermal_sample,,,,,0,2017/08/10,https://www.ncbi.nlm.nih.gov/geo/query/acc.cgi?acc=GSE84580
GSE102293,Enhanced Inflammatory Transcriptome in the Granulosa Cells of Women With Polycystic Ovarian Syndrome,exclude,-3,第一阶段未同时发现皮肤对象和老化概念,exclude,第一阶段未同时发现皮肤对象和老化概念,two_stage_rule,False,intrinsic_skin_aging,,aged,,,,,reproductive,0,2017/08/07,https://www.ncbi.nlm.nih.gov/geo/query/acc.cgi?acc=GSE102293
GSE83855,Time-restricted feeding shifts the skin circadian clock and alters UVB-induced DNA damage,exclude,2,同时命中皮肤和老化词，但缺少主研究问题与样本证据,exclude,同时命中皮肤和老化词，但缺少主研究问题与样本证据,two_stage_rule,True,intrinsic_skin_aging,skin; epidermis; skin_stem_cell,skin_aging; aging_generic,,,,,,0,2017/08/01,https://www.ncbi.nlm.nih.gov/geo/query/acc.cgi?acc=GSE83855
GSE86139,Induction of alternative proinflammatory cytokines accounts for sustained psoriasiform skin inflammation in IL-17C+IL-6KO mice [array],exclude,-1,第一阶段未同时发现皮肤对象和老化概念,exclude,第一阶段未同时发现皮肤对象和老化概念,two_stage_rule,False,intrinsic_skin_aging,skin; cutaneous; keratinocyte,,,,,,other_disease,0,2017/08/01,https://www.ncbi.nlm.nih.gov/geo/query/acc.cgi?acc=GSE86139
GSE86140,Induction of alternative proinflammatory cytokines accounts for sustained psoriasiform skin inflammation in IL-17C+IL-6KO mice,exclude,-1,第一阶段未同时发现皮肤对象和老化概念,exclude,第一阶段未同时发现皮肤对象和老化概念,two_stage_rule,False,intrinsic_skin_aging,skin,,,,,,other_disease,0,2017/08/01,https://www.ncbi.nlm.nih.gov/geo/query/acc.cgi?acc=GSE86140
GSE85365,Recovery of genomic stability by ZSCAN10 in induced pluripotent stem cells from aged donors,exclude,-1,第一阶段未同时发现皮肤对象和老化概念,exclude,第一阶段未同时发现皮肤对象和老化概念,two_stage_rule,False,intrinsic_skin_aging,,aging_generic; aged,,,,,pluripotent,0,2017/07/31,https://www.ncbi.nlm.nih.gov/geo/query/acc.cgi?acc=GSE85365
GSE100920,Real-time quantitative PCR analysis of primary human dermal fibroblasts_comparing young (5 month old) and old (78 years old) samples treated with GC4419,include,12,明确包含皮肤样本，并设置年龄、衰老或光老化对照,include,明确包含皮肤样本，并设置年龄、衰老或光老化对照,two_stage_rule,True,intrinsic_skin_aging,dermis,age_related; young_vs_old,dermal_sample,young_vs_old,,,,1,2017/07/08,https://www.ncbi.nlm.nih.gov/geo/query/acc.cgi?acc=GSE100920
GSE100921,"Real-time quantitative PCR analysis of primary human dermal fibroblasts: young, old and treated with GC4419",include,12,明确包含皮肤样本，并设置年龄、衰老或光老化对照,include,明确包含皮肤样本，并设置年龄、衰老或光老化对照,two_stage_rule,True,intrinsic_skin_aging,dermis; dermal_fibroblast,young_vs_old,dermal_sample,young_vs_old,,,,0,2017/07/08,https://www.ncbi.nlm.nih.gov/geo/query/acc.cgi?acc=GSE100921
GSE90051,Keloid tissue: active keloid lesion vs. adjacent normal skin tissue,exclude,5,第一阶段未同时发现皮肤对象和老化概念,exclude,第一阶段未同时发现皮肤对象和老化概念,two_stage_rule,False,intrinsic_skin_aging,skin,,skin_tissue,,,,,0,2017/07/01,https://www.ncbi.nlm.nih.gov/geo/query/acc.cgi?acc=GSE90051
GSE99221,A common intronic variant of PARP1 confers melanoma risk and mediates melanocyte growth and senescence escape via regulation of MITF,exclude,4,研究核心为肿瘤，缺少皮肤老化样本与年龄对照的共同证据,exclude,研究核心为肿瘤，缺少皮肤老化样本与年龄对照的共同证据,two_stage_rule,True,cellular_senescence,melanocyte,senescence,melanocyte_sample,,,,cancer,0,2017/07/01,https://www.ncbi.nlm.nih.gov/geo/query/acc.cgi?acc=GSE99221
GSE78722,RNA-microarray analyses and protein profiles from affected and clinically non-affected scalp in male androgenetic alopecia patients,exclude,0,第一阶段未同时发现皮肤对象和老化概念,exclude,第一阶段未同时发现皮肤对象和老化概念,two_stage_rule,False,intrinsic_skin_aging,skin,,,,,,,0,2017/06/30,https://www.ncbi.nlm.nih.gov/geo/query/acc.cgi?acc=GSE78722
GSE100409,Real-time quantitative PCR analysis of primary human dermal fibroblasts_comparing two young samples (fibroblasts isolated from a 5 month old vs. those from a 1 year old),include,12,明确包含皮肤样本，并设置年龄、衰老或光老化对照,exclude,仅比较 5 月龄与 1 岁供者的两个幼年来源成纤维细胞样本，元数据明确称两者均为 young，不构成皮肤老化对照。,evidence_adjudication,True,intrinsic_skin_aging,dermis,young_vs_old,dermal_sample,young_vs_old,,,,1,2017/06/23,https://www.ncbi.nlm.nih.gov/geo/query/acc.cgi?acc=GSE100409
GSE83585,Naked mole rat cells show resistance to iPSC reprogramming and signs of more stable epigenome,exclude,-3,第一阶段未同时发现皮肤对象和老化概念,exclude,第一阶段未同时发现皮肤对象和老化概念,two_stage_rule,False,intrinsic_skin_aging,,aging_generic,,,,,pluripotent,0,2017/06/21,https://www.ncbi.nlm.nih.gov/geo/query/acc.cgi?acc=GSE83585
GSE76200,Gene Expression Pattern in EP300 knocked-down MCF7 cells and corresponding paclitaxel resistant derivatives,exclude,-3,Overall Design 的实际样本属于其他器官、肿瘤或非皮肤细胞,exclude,Overall Design 的实际样本属于其他器官、肿瘤或非皮肤细胞,two_stage_rule,True,intrinsic_skin_aging,epidermis,senescence,,,,,cancer,0,2017/06/13,https://www.ncbi.nlm.nih.gov/geo/query/acc.cgi?acc=GSE76200
GSE98240,Expression data of growing and senescent human fibroblasts (BJ cells) after p21 knockdown,exclude,2,第一阶段未同时发现皮肤对象和老化概念,exclude,第一阶段未同时发现皮肤对象和老化概念,two_stage_rule,False,cellular_senescence,,age_related; aging_generic; senescence,,,,,,0,2017/06/13,https://www.ncbi.nlm.nih.gov/geo/query/acc.cgi?acc=GSE98240
GSE99397,"Oncogene-Expressing senescent melanocytes upregulate MHC Class II, re-localize to the lymph nodes and activate T cells",include,7,标题明确以老化/细胞衰老为主题，Overall Design 验证了皮肤来源样本,include,标题明确以老化/细胞衰老为主题，Overall Design 验证了皮肤来源样本,two_stage_rule,True,cellular_senescence,melanocyte,senescence,melanocyte_sample,,,,,0,2017/06/09,https://www.ncbi.nlm.nih.gov/geo/query/acc.cgi?acc=GSE99397
GSE90068,REST suppression mediates neural conversion of adult human fibroblasts via microRNA dependent and independent pathways,exclude,-3,SuperSeries 的实际子研究指向非皮肤细胞，皮肤老化仅为背景,exclude,SuperSeries 的实际子研究指向非皮肤细胞，皮肤老化仅为背景,two_stage_rule,True,intrinsic_skin_aging,dermis; dermal_fibroblast,aged,,,,,neurologic,0,2017/06/03,https://www.ncbi.nlm.nih.gov/geo/query/acc.cgi?acc=GSE90068
GSE58721,BRAF inhibition leads to oxidative phosphorylation and cellular senescence in human melanoma cells,exclude,-1,第一阶段未同时发现皮肤对象和老化概念,exclude,第一阶段未同时发现皮肤对象和老化概念,two_stage_rule,False,cellular_senescence,,senescence,,,,,cancer,0,2017/05/22,https://www.ncbi.nlm.nih.gov/geo/query/acc.cgi?acc=GSE58721
GSE99013,Cellular Senescence RT2 Profiler PCR Array of replicative senescent and hyperglycemia treated HUVECs,exclude,2,第一阶段未同时发现皮肤对象和老化概念,exclude,第一阶段未同时发现皮肤对象和老化概念,two_stage_rule,False,cellular_senescence,,senescence,,,,,,0,2017/05/18,https://www.ncbi.nlm.nih.gov/geo/query/acc.cgi?acc=GSE99013
GSE76878,INTS8 mutations cause severe neurodevelopmental syndrome,exclude,0,第一阶段未同时发现皮肤对象和老化概念,exclude,第一阶段未同时发现皮肤对象和老化概念,two_stage_rule,False,intrinsic_skin_aging,,,,,,,,0,2017/05/17,https://www.ncbi.nlm.nih.gov/geo/query/acc.cgi?acc=GSE76878
GSE93657,ENPP1 Mutation Causes Recessive Cole Disease by Altering Melanogenesis,exclude,2,研究核心为特定疾病模型，未直接研究皮肤老化,exclude,研究对象为 ENPP1 相关 Cole disease 色素异常，aged-matched control 仅用于匹配，不研究皮肤老化。,evidence_adjudication,True,intrinsic_skin_aging,melanocyte,aged,melanocyte_sample,,,,other_disease,1,2017/04/30,https://www.ncbi.nlm.nih.gov/geo/query/acc.cgi?acc=GSE93657
GSE98136,DNA damage signaling mediates the functional antagonism between replicative senescence and terminal muscle differentiation,exclude,5,第一阶段未同时发现皮肤对象和老化概念,exclude,第一阶段未同时发现皮肤对象和老化概念,two_stage_rule,False,cellular_senescence,,aged; senescence,,replicative_aging,,,,0,2017/04/25,https://www.ncbi.nlm.nih.gov/geo/query/acc.cgi?acc=GSE98136
GSE94280,Regulation of Lipids is Central to Replicative Senescence,exclude,5,第一阶段未同时发现皮肤对象和老化概念,exclude,第一阶段未同时发现皮肤对象和老化概念,two_stage_rule,False,cellular_senescence,,aging_generic; senescence,,replicative_aging,,,,0,2017/03/31,https://www.ncbi.nlm.nih.gov/geo/query/acc.cgi?acc=GSE94280
GSE97034,Changes in miRNA expression during wound healing in mouse aged skin,include,18,标题明确以老化/细胞衰老为主题，Overall Design 验证了皮肤来源样本,include,标题明确以老化/细胞衰老为主题，Overall Design 验证了皮肤来源样本,two_stage_rule,True,aged_skin_repair,skin,aged_skin; age_related; aged; young_vs_old,skin_punch_biopsy; skin_direct; skin_tissue,,,,,2,2017/03/25,https://www.ncbi.nlm.nih.gov/geo/query/acc.cgi?acc=GSE97034
GSE79642,Synthesis and activity of the salicylic acid ester of bakuchiol in psoriasiform keratinocytes and skin substitutes,exclude,6,研究核心为特定疾病模型，未直接研究皮肤老化,exclude,研究核心为特定疾病模型，未直接研究皮肤老化,two_stage_rule,True,intrinsic_skin_aging,skin; epidermis; keratinocyte,skin_aging; aging_generic,keratinocyte_sample,,aged_skin_treatment,,other_disease,0,2017/03/24,https://www.ncbi.nlm.nih.gov/geo/query/acc.cgi?acc=GSE79642
GSE95625,Expression profiling of Sudanese visceral leishmaniasis patients pre- and post-treatment with sodium stibogluconate,exclude,0,第一阶段未同时发现皮肤对象和老化概念,exclude,第一阶段未同时发现皮肤对象和老化概念,two_stage_rule,False,intrinsic_skin_aging,dermis,,,,,,,0,2017/03/03,https://www.ncbi.nlm.nih.gov/geo/query/acc.cgi?acc=GSE95625
GSE95421,Gene expression architecture of mouse dorsal and tail skin reveals functional differences in inflammation and cancer [telogen/anagen],exclude,2,第一阶段未同时发现皮肤对象和老化概念,exclude,第一阶段未同时发现皮肤对象和老化概念,two_stage_rule,False,intrinsic_skin_aging,skin; skin_appendage,,skin_direct,,,,cancer,0,2017/02/27,https://www.ncbi.nlm.nih.gov/geo/query/acc.cgi?acc=GSE95421
GSE86244,Early Chronological Aging in Human Adipose-Derived Stem Cells Marked by Distinct Transcriptional Regulation Compared to Differentiated Cells,exclude,4,第一阶段未同时发现皮肤对象和老化概念,exclude,第一阶段未同时发现皮肤对象和老化概念,two_stage_rule,False,intrinsic_skin_aging,,chronological_aging; age_related; aging_generic,,,,,,0,2017/02/24,https://www.ncbi.nlm.nih.gov/geo/query/acc.cgi?acc=GSE86244
GSE67555,TFAP2A ChIP-seq in human primary melanocytes,exclude,5,同时命中皮肤和老化词，但缺少主研究问题与样本证据,exclude,同时命中皮肤和老化词，但缺少主研究问题与样本证据,two_stage_rule,True,intrinsic_skin_aging,melanocyte,skin_appendage_aging_phenotype,melanocyte_sample,,,,,0,2017/02/23,https://www.ncbi.nlm.nih.gov/geo/query/acc.cgi?acc=GSE67555
GSE72953,TFAP2A ChIP-seq in mouse immortalized melanocytes,exclude,5,同时命中皮肤和老化词，但缺少主研究问题与样本证据,exclude,同时命中皮肤和老化词，但缺少主研究问题与样本证据,two_stage_rule,True,intrinsic_skin_aging,melanocyte,skin_appendage_aging_phenotype,melanocyte_sample,,,,,0,2017/02/17,https://www.ncbi.nlm.nih.gov/geo/query/acc.cgi?acc=GSE72953
GSE84935,Autophagy deficient keratinocytes under paraquat stress,exclude,5,同时命中皮肤和老化词，但缺少主研究问题与样本证据,exclude,同时命中皮肤和老化词，但缺少主研究问题与样本证据,two_stage_rule,True,intrinsic_skin_aging,keratinocyte,aging_generic; aged; senescence,keratinocyte_sample,,,,,0,2017/02/14,https://www.ncbi.nlm.nih.gov/geo/query/acc.cgi?acc=GSE84935
GSE78128,RNA-sequencing of non-senescent and senescent mouse skin fibroblast,include,15,明确包含皮肤样本，并设置年龄、衰老或光老化对照,include,明确包含皮肤样本，并设置年龄、衰老或光老化对照,two_stage_rule,True,cellular_senescence,skin,senescence,skin_direct; skin_fibroblast,senescent_control,,,,1,2017/02/10,https://www.ncbi.nlm.nih.gov/geo/query/acc.cgi?acc=GSE78128
GSE85358,Metabolic alterations in aged human skin in vivo,include,16,明确包含皮肤样本，并设置年龄、衰老或光老化对照,include,明确包含皮肤样本，并设置年龄、衰老或光老化对照,two_stage_rule,True,intrinsic_skin_aging,skin; epidermis,aged_skin; age_related; aging_generic; aged; young_vs_old,skin_tissue,young_vs_old,,,,2,2017/01/20,https://www.ncbi.nlm.nih.gov/geo/query/acc.cgi?acc=GSE85358
GSE93564,Oncogene-induced senescence in primary mouse keratinocytes,include,7,标题明确以老化/细胞衰老为主题，Overall Design 验证了皮肤来源样本,include,标题明确以老化/细胞衰老为主题，Overall Design 验证了皮肤来源样本,two_stage_rule,True,cellular_senescence,keratinocyte,senescence,keratinocyte_sample,,,,,0,2017/01/13,https://www.ncbi.nlm.nih.gov/geo/query/acc.cgi?acc=GSE93564
GSE87688,Sub-chronic pulmonary transcriptional response to a mixture of 4 PAHs in adult male MutaTMMouse.,exclude,-3,第一阶段未同时发现皮肤对象和老化概念,exclude,第一阶段未同时发现皮肤对象和老化概念,two_stage_rule,False,intrinsic_skin_aging,dermis,,,,,,lung,0,2017/01/01,https://www.ncbi.nlm.nih.gov/geo/query/acc.cgi?acc=GSE87688
GSE87689,Sub-chronic pulmonary transcriptional response to a mixture of 8 polycyclic aromatic hydrocarbons in adult male MutaTMMouse.,exclude,-3,第一阶段未同时发现皮肤对象和老化概念,exclude,第一阶段未同时发现皮肤对象和老化概念,two_stage_rule,False,intrinsic_skin_aging,dermis,,,,,,lung,0,2017/01/01,https://www.ncbi.nlm.nih.gov/geo/query/acc.cgi?acc=GSE87689
GSE87690,"Sub-chronic pulmonary transcriptional response to coal tar, a PAH-containing complex mixture, in adult male MutaTMMouse.",exclude,-3,第一阶段未同时发现皮肤对象和老化概念,exclude,第一阶段未同时发现皮肤对象和老化概念,two_stage_rule,False,intrinsic_skin_aging,dermis,,,,,,lung,0,2017/01/01,https://www.ncbi.nlm.nih.gov/geo/query/acc.cgi?acc=GSE87690
GSE86294,miRNAs are required for post-induction stage sweat gland development [mRNA],exclude,0,SuperSeries 的实际子研究指向非皮肤细胞，皮肤老化仅为背景,exclude,SuperSeries 的实际子研究指向非皮肤细胞，皮肤老化仅为背景,two_stage_rule,True,intrinsic_skin_aging,skin,aging_generic,,,,,,0,2016/12/13,https://www.ncbi.nlm.nih.gov/geo/query/acc.cgi?acc=GSE86294
GSE86295,miRNAs are required for post-induction stage sweat gland development [miRNA],exclude,0,SuperSeries 的实际子研究指向非皮肤细胞，皮肤老化仅为背景,exclude,SuperSeries 的实际子研究指向非皮肤细胞，皮肤老化仅为背景,two_stage_rule,True,intrinsic_skin_aging,skin,aging_generic,,,,,,0,2016/12/13,https://www.ncbi.nlm.nih.gov/geo/query/acc.cgi?acc=GSE86295
GSE75000,Inefficient DNA repair is an aging-related modifier of Parkinson disease,exclude,-1,标题和实验设计指向非皮肤器官，皮肤/衰老仅为附带描述,exclude,标题和实验设计指向非皮肤器官，皮肤/衰老仅为附带描述,two_stage_rule,True,aged_skin_repair,dermis; dermal_fibroblast,age_related; aging_generic,,,,,neurologic,0,2016/11/13,https://www.ncbi.nlm.nih.gov/geo/query/acc.cgi?acc=GSE75000
GSE87545,Transcriptomic signatures in follicular cells associated with failure of in vitro fertilization in humans,exclude,0,第一阶段未同时发现皮肤对象和老化概念,exclude,第一阶段未同时发现皮肤对象和老化概念,two_stage_rule,False,intrinsic_skin_aging,,aging_generic,,,,,,0,2016/10/03,https://www.ncbi.nlm.nih.gov/geo/query/acc.cgi?acc=GSE87545
GSE74283,Epithelial cell RNA-seq in aged skin,include,14,明确包含皮肤样本，并设置年龄、衰老或光老化对照,include,明确包含皮肤样本，并设置年龄、衰老或光老化对照,two_stage_rule,True,aged_skin_repair,skin; epidermis; keratinocyte; skin_appendage,aged_skin; aged; young_vs_old,keratinocyte_sample,young_vs_old,,,,1,2016/10/01,https://www.ncbi.nlm.nih.gov/geo/query/acc.cgi?acc=GSE74283
GSE84971,Integrative Analysis of miRNA and mRNA Paired Expression Profiling of Primary Fibroblast Derived from Diabetic Foot Ulcers Reveals Multiple Impaired Cellular Functions,exclude,3,研究核心为特定疾病模型，未直接研究皮肤老化,exclude,研究核心为特定疾病模型，未直接研究皮肤老化,two_stage_rule,True,intrinsic_skin_aging,skin; epidermis; dermis; dermal_fibroblast; keratinocyte,senescence,skin_biopsy; skin_punch_biopsy,,,,other_disease,0,2016/10/01,https://www.ncbi.nlm.nih.gov/geo/query/acc.cgi?acc=GSE84971
GSE67602,Single-cell RNA-seq of murine epidermis,exclude,2,第一阶段未同时发现皮肤对象和老化概念,exclude,第一阶段未同时发现皮肤对象和老化概念,two_stage_rule,False,intrinsic_skin_aging,epidermis; keratinocyte,,,,,,,0,2016/09/20,https://www.ncbi.nlm.nih.gov/geo/query/acc.cgi?acc=GSE67602
GSE86789,Differential responses of choroidal melanocytes and uveal melanoma cells to low oxygen conditions,exclude,2,研究核心为肿瘤，缺少皮肤老化样本与年龄对照的共同证据,exclude,研究核心为肿瘤，缺少皮肤老化样本与年龄对照的共同证据,two_stage_rule,True,intrinsic_skin_aging,melanocyte,senescence,melanocyte_sample,,,,cancer,0,2016/09/10,https://www.ncbi.nlm.nih.gov/geo/query/acc.cgi?acc=GSE86789
GSE62827,Transcriptional targets of oncogenic RAS proteins that mediate their ability to induce cellular transformation,exclude,0,第一阶段未同时发现皮肤对象和老化概念,exclude,第一阶段未同时发现皮肤对象和老化概念,two_stage_rule,False,intrinsic_skin_aging,,senescence,,,,,,0,2016/09/08,https://www.ncbi.nlm.nih.gov/geo/query/acc.cgi?acc=GSE62827
GSE79189,The gene expression analysis of human astrocyte exposure to anti-suprabasin antibody: identification of a novel antibody for neuropsychiatric systemic lupus erythematosus,exclude,0,同时命中皮肤和老化词，但缺少主研究问题与样本证据,exclude,同时命中皮肤和老化词，但缺少主研究问题与样本证据,two_stage_rule,True,intrinsic_skin_aging,epidermis,senescence,,,,,,0,2016/09/01,https://www.ncbi.nlm.nih.gov/geo/query/acc.cgi?acc=GSE79189
GSE80273,The aryl hydrocarbon receptor in keratinocytes is essential for murine skin barrier integrity,exclude,10,同时命中皮肤和老化词，但缺少主研究问题与样本证据,exclude,同时命中皮肤和老化词，但缺少主研究问题与样本证据,two_stage_rule,True,intrinsic_skin_aging,skin; epidermis; keratinocyte,aged,skin_direct; keratinocyte_sample,,,,,0,2016/08/31,https://www.ncbi.nlm.nih.gov/geo/query/acc.cgi?acc=GSE80273
GSE73705,OX40L protects against inflammation-driven fibrosis,exclude,0,第一阶段未同时发现皮肤对象和老化概念,exclude,第一阶段未同时发现皮肤对象和老化概念,two_stage_rule,False,intrinsic_skin_aging,skin; dermis,,,,,,,0,2016/08/09,https://www.ncbi.nlm.nih.gov/geo/query/acc.cgi?acc=GSE73705
GSE72063,Immortalization capacity of HPV types is inversely related to chromosomal instability in immortal descendants.,exclude,0,同时命中皮肤和老化词，但缺少主研究问题与样本证据,exclude,同时命中皮肤和老化词，但缺少主研究问题与样本证据,two_stage_rule,True,intrinsic_skin_aging,keratinocyte,senescence,,,,,,0,2016/08/01,https://www.ncbi.nlm.nih.gov/geo/query/acc.cgi?acc=GSE72063
GSE84333,Age-related changes in gene expression patterns of immature and aged rat primordial follicles,exclude,1,第一阶段未同时发现皮肤对象和老化概念,exclude,第一阶段未同时发现皮肤对象和老化概念,two_stage_rule,False,intrinsic_skin_aging,,age_related; aging_generic; aged,,,,,reproductive,0,2016/07/18,https://www.ncbi.nlm.nih.gov/geo/query/acc.cgi?acc=GSE84333
GSE84147,Gene expression profile of HGPS skin fibroblasts upon treatment with JH4,exclude,5,第一阶段未同时发现皮肤对象和老化概念,exclude,第一阶段未同时发现皮肤对象和老化概念,two_stage_rule,False,intrinsic_skin_aging,skin,,skin_fibroblast,,,,,0,2016/07/08,https://www.ncbi.nlm.nih.gov/geo/query/acc.cgi?acc=GSE84147
GSE74783,"Gene expression in inflammatory macrophages, tissue resident macrophages and neutrophils",exclude,0,第一阶段未同时发现皮肤对象和老化概念,exclude,第一阶段未同时发现皮肤对象和老化概念,two_stage_rule,False,intrinsic_skin_aging,,aged,,,,,,0,2016/07/01,https://www.ncbi.nlm.nih.gov/geo/query/acc.cgi?acc=GSE74783
GSE45729,Downregulation of miR-15b is associated with increased SIRT4 expression in premature senescence and photoaging of the skin,exclude,13,Overall Design 的实际样本属于其他器官、肿瘤或非皮肤细胞,exclude,Overall Design 的实际样本属于其他器官、肿瘤或非皮肤细胞,two_stage_rule,True,photoaging,skin; epidermis; dermis; dermal_fibroblast,skin_aging; aged_skin; photoaging; aging_generic; aged; senescence,,senescent_control; photoaging_model,,,cancer,4,2016/06/08,https://www.ncbi.nlm.nih.gov/geo/query/acc.cgi?acc=GSE45729
GSE82067,Gene expression architecture of mouse dorsal and tail skin reveals functional differences in inflammation and cancer: TPA time course,exclude,2,第一阶段未同时发现皮肤对象和老化概念,exclude,第一阶段未同时发现皮肤对象和老化概念,two_stage_rule,False,intrinsic_skin_aging,skin,,skin_direct,,,,cancer,0,2016/06/01,https://www.ncbi.nlm.nih.gov/geo/query/acc.cgi?acc=GSE82067
GSE59233,Impaired DNA damage metabolism promotes autoimmunity in TREX1 deficiency ,exclude,0,第一阶段未同时发现皮肤对象和老化概念,exclude,第一阶段未同时发现皮肤对象和老化概念,two_stage_rule,False,intrinsic_skin_aging,,senescence,,,,,,0,2016/05/30,https://www.ncbi.nlm.nih.gov/geo/query/acc.cgi?acc=GSE59233
GSE52524,Network Biology of the Skin [1],exclude,2,第一阶段未同时发现皮肤对象和老化概念,exclude,第一阶段未同时发现皮肤对象和老化概念,two_stage_rule,False,intrinsic_skin_aging,skin,,,,,,,0,2016/05/19,https://www.ncbi.nlm.nih.gov/geo/query/acc.cgi?acc=GSE52524
GSE52639,Network Biology of the Skin [2],exclude,2,第一阶段未同时发现皮肤对象和老化概念,exclude,第一阶段未同时发现皮肤对象和老化概念,two_stage_rule,False,intrinsic_skin_aging,skin,,,,,,,0,2016/05/19,https://www.ncbi.nlm.nih.gov/geo/query/acc.cgi?acc=GSE52639
GSE81579,Transcriptome analysis of human cumulus cells reveals hypoxia as the main determinant of follicular senescence.,exclude,-1,第一阶段未同时发现皮肤对象和老化概念,exclude,第一阶段未同时发现皮肤对象和老化概念,two_stage_rule,False,cellular_senescence,,age_related; senescence,,,,,reproductive,0,2016/05/19,https://www.ncbi.nlm.nih.gov/geo/query/acc.cgi?acc=GSE81579
GSE52650,Gene expression architecture of mouse dorsal and tail skin reveals functional differences in inflammation and cancer,exclude,2,第一阶段未同时发现皮肤对象和老化概念,exclude,第一阶段未同时发现皮肤对象和老化概念,two_stage_rule,False,intrinsic_skin_aging,skin,,skin_direct,,,,cancer,0,2016/05/18,https://www.ncbi.nlm.nih.gov/geo/query/acc.cgi?acc=GSE52650
GSE80418,Abnormalities in hair follicles of Pla2g2e knockout mice,exclude,2,第一阶段未同时发现皮肤对象和老化概念,exclude,第一阶段未同时发现皮肤对象和老化概念,two_stage_rule,False,intrinsic_skin_aging,skin; skin_appendage,,,,,,,0,2016/04/20,https://www.ncbi.nlm.nih.gov/geo/query/acc.cgi?acc=GSE80418
GSE57445,The aging microenvironment promotes melanoma cell invasion and therapy resistance,exclude,7,研究核心为肿瘤，缺少皮肤老化样本与年龄对照的共同证据,exclude,研究核心为肿瘤，缺少皮肤老化样本与年龄对照的共同证据,two_stage_rule,True,intrinsic_skin_aging,skin; dermis; dermal_fibroblast,age_related; aging_generic; aged; young_vs_old,dermal_sample,young_vs_old,,,cancer,1,2016/04/08,https://www.ncbi.nlm.nih.gov/geo/query/acc.cgi?acc=GSE57445
GSE76703,Temporal Expression of Peripheral Blood Leukocyte Biomarkers in a Macaca fascicularis Primary Infection Model of Tuberculosis,exclude,-3,第一阶段未同时发现皮肤对象和老化概念,exclude,第一阶段未同时发现皮肤对象和老化概念,two_stage_rule,False,intrinsic_skin_aging,,,,,,,blood,0,2016/03/31,https://www.ncbi.nlm.nih.gov/geo/query/acc.cgi?acc=GSE76703
GSE75995,"Identification of Sik3-targeting compound, pterosin B, for treatment of osteoarthritis",exclude,0,第一阶段未同时发现皮肤对象和老化概念,exclude,第一阶段未同时发现皮肤对象和老化概念,two_stage_rule,False,intrinsic_skin_aging,,,skin_direct,,,,skeletal_repair,0,2016/03/21,https://www.ncbi.nlm.nih.gov/geo/query/acc.cgi?acc=GSE75995
GSE78499,Transcriptome analysis of aging mouse meibomian glands,exclude,2,第一阶段未同时发现皮肤对象和老化概念,exclude,第一阶段未同时发现皮肤对象和老化概念,two_stage_rule,False,intrinsic_skin_aging,,aging_generic; young_vs_old,,,,,,0,2016/03/20,https://www.ncbi.nlm.nih.gov/geo/query/acc.cgi?acc=GSE78499
GSE72264,The comparison of MicroRNA profile of the dermis between young and old human,include,14,明确包含皮肤样本，并设置年龄、衰老或光老化对照,include,明确包含皮肤样本，并设置年龄、衰老或光老化对照,two_stage_rule,True,intrinsic_skin_aging,skin; dermis,skin_aging; aged_skin; age_related; aging_generic; aged; young_vs_old,dermal_sample,young_vs_old,,,,2,2016/02/05,https://www.ncbi.nlm.nih.gov/geo/query/acc.cgi?acc=GSE72264
GSE77362,Expression data between WT and G3/4 Terc KO mouse ESCs during differentiation,exclude,0,同时命中皮肤和老化词，但缺少主研究问题与样本证据,exclude,同时命中皮肤和老化词，但缺少主研究问题与样本证据,two_stage_rule,True,intrinsic_skin_aging,epidermis,age_related; aging_generic; premature_aging,,,,,,0,2016/01/29,https://www.ncbi.nlm.nih.gov/geo/query/acc.cgi?acc=GSE77362
GSE76842,Suppression of type I interferon signaling overcomes the oncogene-induced senescence and mediates melanoma development and progression,exclude,-1,SuperSeries 的实际子研究指向非皮肤细胞，皮肤老化仅为背景,exclude,SuperSeries 的实际子研究指向非皮肤细胞，皮肤老化仅为背景,two_stage_rule,True,cellular_senescence,melanocyte,senescence,,,,,cancer,0,2016/01/14,https://www.ncbi.nlm.nih.gov/geo/query/acc.cgi?acc=GSE76842
GSE55688,ZEB1 expression prevents DNA replication stress in cancer stem cells and delays chromosomal instability [Affymetrix],exclude,-3,第一阶段未同时发现皮肤对象和老化概念,exclude,第一阶段未同时发现皮肤对象和老化概念,two_stage_rule,False,intrinsic_skin_aging,,senescence,,,,,cancer,0,2015/12/31,https://www.ncbi.nlm.nih.gov/geo/query/acc.cgi?acc=GSE55688
GSE55989,ZEB1 expression prevents DNA replication stress in cancer stem cells and delays chromosomal instability [Agilent],exclude,-3,第一阶段未同时发现皮肤对象和老化概念,exclude,第一阶段未同时发现皮肤对象和老化概念,two_stage_rule,False,intrinsic_skin_aging,,senescence,,,,,cancer,0,2015/12/31,https://www.ncbi.nlm.nih.gov/geo/query/acc.cgi?acc=GSE55989
GSE60596,Gene expression profile from short-term caloric restriction in mouse adipose tissue,exclude,0,第一阶段未同时发现皮肤对象和老化概念,exclude,第一阶段未同时发现皮肤对象和老化概念,two_stage_rule,False,intrinsic_skin_aging,epidermis,,,,,,,0,2015/12/31,https://www.ncbi.nlm.nih.gov/geo/query/acc.cgi?acc=GSE60596
GSE69486,Gene expression analysis of skin fibroblast cells from patients with Bipolar Disorder,exclude,5,第一阶段未同时发现皮肤对象和老化概念,exclude,第一阶段未同时发现皮肤对象和老化概念,two_stage_rule,False,intrinsic_skin_aging,skin,,skin_fibroblast,,,,,0,2015/12/28,https://www.ncbi.nlm.nih.gov/geo/query/acc.cgi?acc=GSE69486
GSE73327,Identification of drugs that enhance skin repair using dermal stem cell-based screens [Mouse],exclude,4,同时命中皮肤和老化词，但缺少主研究问题与样本证据,exclude,同时命中皮肤和老化词，但缺少主研究问题与样本证据,two_stage_rule,True,intrinsic_skin_aging,skin; dermis; skin_model,aged,,,,,,0,2015/12/24,https://www.ncbi.nlm.nih.gov/geo/query/acc.cgi?acc=GSE73327
GSE56741,Gene expression profile of collagen VI deficient human fibroblasts,exclude,0,同时命中皮肤和老化词，但缺少主研究问题与样本证据,exclude,同时命中皮肤和老化词，但缺少主研究问题与样本证据,two_stage_rule,True,intrinsic_skin_aging,dermis; dermal_fibroblast,aged,,,,,,0,2015/12/18,https://www.ncbi.nlm.nih.gov/geo/query/acc.cgi?acc=GSE56741
GSE46916,RNA-seq of Danio rerio and Mus musculus skin for three different age groups,include,8,明确包含皮肤样本，并设置年龄、衰老或光老化对照,include,明确包含皮肤样本，并设置年龄、衰老或光老化对照,two_stage_rule,True,intrinsic_skin_aging,skin,aging_generic,skin_direct,age_groups,,,,0,2015/12/01,https://www.ncbi.nlm.nih.gov/geo/query/acc.cgi?acc=GSE46916
GSE72863,Hair follicle aging is driven by transepidermal stem cell elimination via COL17A1 proteolysis,include,10,明确包含皮肤样本，并设置年龄、衰老或光老化对照,include,明确包含皮肤样本，并设置年龄、衰老或光老化对照,two_stage_rule,True,skin_appendage_aging,skin; epidermis; skin_appendage,aging_generic; aged; young_vs_old,skin_appendage_sample,young_vs_old,,,,0,2015/12/01,https://www.ncbi.nlm.nih.gov/geo/query/acc.cgi?acc=GSE72863
GSE74274,Global genome splicing analysis reveals an increased number of alternatively spliced genes with aging,exclude,2,SuperSeries 的实际子研究指向非皮肤细胞，皮肤老化仅为背景,exclude,SuperSeries 的实际子研究指向非皮肤细胞，皮肤老化仅为背景,two_stage_rule,True,intrinsic_skin_aging,skin,aging_generic; premature_aging,,,,,,0,2015/11/30,https://www.ncbi.nlm.nih.gov/geo/query/acc.cgi?acc=GSE74274
GSE67287,The effect of age on alternative splicing in different tissues of wild-type mice,exclude,2,SuperSeries 的实际子研究指向非皮肤细胞，皮肤老化仅为背景,exclude,SuperSeries 的实际子研究指向非皮肤细胞，皮肤老化仅为背景,two_stage_rule,True,intrinsic_skin_aging,skin,age_related; aging_generic,,,,,,1,2015/11/01,https://www.ncbi.nlm.nih.gov/geo/query/acc.cgi?acc=GSE67287
GSE67288,The effect of progerin expression on alternative splicing in keratinocytes of HGPS mice,include,7,摘要将皮肤老化作为组学实验的直接研究问题,include,摘要将皮肤老化作为组学实验的直接研究问题,two_stage_rule,True,intrinsic_skin_aging,keratinocyte,aging_generic,keratinocyte_sample,,,,,1,2015/11/01,https://www.ncbi.nlm.nih.gov/geo/query/acc.cgi?acc=GSE67288
GSE67289,The effect of age and progerin expression on alternative splicing in selected tissues in mice,exclude,3,第一阶段未同时发现皮肤对象和老化概念,exclude,第一阶段未同时发现皮肤对象和老化概念,two_stage_rule,False,intrinsic_skin_aging,,,keratinocyte_sample,,,,,0,2015/11/01,https://www.ncbi.nlm.nih.gov/geo/query/acc.cgi?acc=GSE67289
GSE51314,"Sub-chronic transcriptional response in adult male MutaTMMouse following oral exposure to benz(a)anthracene in lung, liver, and forestomach tissues",exclude,-6,第一阶段未同时发现皮肤对象和老化概念,exclude,第一阶段未同时发现皮肤对象和老化概念,two_stage_rule,False,intrinsic_skin_aging,dermis,,,,,,hepatic; lung,0,2015/10/01,https://www.ncbi.nlm.nih.gov/geo/query/acc.cgi?acc=GSE51314
GSE51315,"Sub-chronic transcriptional response in adult male MutaTMMouse following oral exposure to benzo(b)fluoranthene in lung, liver, and forestomach tissues [BbF]",exclude,-6,第一阶段未同时发现皮肤对象和老化概念,exclude,第一阶段未同时发现皮肤对象和老化概念,two_stage_rule,False,intrinsic_skin_aging,dermis,,,,,,hepatic; lung,0,2015/10/01,https://www.ncbi.nlm.nih.gov/geo/query/acc.cgi?acc=GSE51315
GSE51316,"Sub-chronic transcriptional response in adult male MutaTMMouse following oral exposure to benzo(ghi)perylene in lung, liver, and forestomach tissues [BghiP]",exclude,-6,第一阶段未同时发现皮肤对象和老化概念,exclude,第一阶段未同时发现皮肤对象和老化概念,two_stage_rule,False,intrinsic_skin_aging,dermis,,,,,,hepatic; lung,0,2015/10/01,https://www.ncbi.nlm.nih.gov/geo/query/acc.cgi?acc=GSE51316
GSE51317,"Sub-chronic transcriptional response in adult male MutaTMMouse following oral exposure to benzo(k)fluoranthene in lung, liver, and forestomach tissues [BkF]",exclude,-6,第一阶段未同时发现皮肤对象和老化概念,exclude,第一阶段未同时发现皮肤对象和老化概念,two_stage_rule,False,intrinsic_skin_aging,dermis,,,,,,hepatic; lung,0,2015/10/01,https://www.ncbi.nlm.nih.gov/geo/query/acc.cgi?acc=GSE51317
GSE51318,"Sub-chronic transcriptional response in adult male MutaTMMouse following oral exposure to chrysene in lung, liver, and forestomach tissues [Chr]",exclude,-6,第一阶段未同时发现皮肤对象和老化概念,exclude,第一阶段未同时发现皮肤对象和老化概念,two_stage_rule,False,intrinsic_skin_aging,dermis,,,,,,hepatic; lung,0,2015/10/01,https://www.ncbi.nlm.nih.gov/geo/query/acc.cgi?acc=GSE51318
GSE51319,Sub-chronic transcriptional response in adult male MutaTMMouse following oral exposure to dibenz(ah)anthracene in lung and forestomach tissues [DBahA],exclude,-3,第一阶段未同时发现皮肤对象和老化概念,exclude,第一阶段未同时发现皮肤对象和老化概念,two_stage_rule,False,intrinsic_skin_aging,dermis,,,,,,lung,0,2015/10/01,https://www.ncbi.nlm.nih.gov/geo/query/acc.cgi?acc=GSE51319
GSE51320,"Sub-chronic transcriptional response in adult male MutaTMMouse following oral exposure to indeno(123,cd)pyrene in lung, liver, and forestomach tissues [IP]",exclude,-6,第一阶段未同时发现皮肤对象和老化概念,exclude,第一阶段未同时发现皮肤对象和老化概念,two_stage_rule,False,intrinsic_skin_aging,dermis,,,,,,hepatic; lung,0,2015/10/01,https://www.ncbi.nlm.nih.gov/geo/query/acc.cgi?acc=GSE51320
GSE71838,Role of Gata5 in vascular endothelial cells,exclude,0,SuperSeries 的实际子研究指向非皮肤细胞，皮肤老化仅为背景,exclude,SuperSeries 的实际子研究指向非皮肤细胞，皮肤老化仅为背景,two_stage_rule,True,intrinsic_skin_aging,dermis,aged,,,,,,0,2015/10/01,https://www.ncbi.nlm.nih.gov/geo/query/acc.cgi?acc=GSE71838
GSE61708,Effect of locally applied enalapril maleate on the gene expression profile in dorsal skin after UVB irradiation,exclude,5,第一阶段未同时发现皮肤对象和老化概念,exclude,第一阶段未同时发现皮肤对象和老化概念,two_stage_rule,False,intrinsic_skin_aging,skin,,skin_direct,,,,,0,2015/09/24,https://www.ncbi.nlm.nih.gov/geo/query/acc.cgi?acc=GSE61708
GSE71997,Insights into ulcerative colitis and ileal pouchitis from a model of stasis-induced enteric dysbiosis and genetic susceptibility,exclude,0,第一阶段未同时发现皮肤对象和老化概念,exclude,第一阶段未同时发现皮肤对象和老化概念,two_stage_rule,False,intrinsic_skin_aging,,,,,,,,0,2015/09/20,https://www.ncbi.nlm.nih.gov/geo/query/acc.cgi?acc=GSE71997
GSE73103,Many obesity-associated SNPs strongly associate with DNA methylation changes at proximal promoters and enhancers,exclude,0,第一阶段未同时发现皮肤对象和老化概念,exclude,第一阶段未同时发现皮肤对象和老化概念,two_stage_rule,False,intrinsic_skin_aging,skin,,,,,,,0,2015/09/17,https://www.ncbi.nlm.nih.gov/geo/query/acc.cgi?acc=GSE73103
GSE59942,Physical and functional CSL-p53 interactions underlie control of cancer stromal cell evolution [ChIP-seq],exclude,0,研究核心为肿瘤，缺少皮肤老化样本与年龄对照的共同证据,exclude,研究核心为肿瘤，缺少皮肤老化样本与年龄对照的共同证据,two_stage_rule,True,intrinsic_skin_aging,skin; dermis; dermal_fibroblast; keratinocyte,aging_generic; senescence,dermal_sample,,,,cancer,0,2015/08/24,https://www.ncbi.nlm.nih.gov/geo/query/acc.cgi?acc=GSE59942
GSE65473,Physical and functional CSL-p53 interactions underlie control of cancer stromal cell evolution [RNA-seq],exclude,0,研究核心为肿瘤，缺少皮肤老化样本与年龄对照的共同证据,exclude,研究核心为肿瘤，缺少皮肤老化样本与年龄对照的共同证据,two_stage_rule,True,intrinsic_skin_aging,skin; dermis; dermal_fibroblast; keratinocyte,aging_generic; senescence,dermal_sample,,,,cancer,0,2015/08/24,https://www.ncbi.nlm.nih.gov/geo/query/acc.cgi?acc=GSE65473
GSE71827,Transgenic overexpression of Pla2g10 display alopecia and epidermal hyperplasia,exclude,2,第一阶段未同时发现皮肤对象和老化概念,exclude,第一阶段未同时发现皮肤对象和老化概念,two_stage_rule,False,intrinsic_skin_aging,skin; epidermis; skin_appendage,,,,,,,0,2015/08/08,https://www.ncbi.nlm.nih.gov/geo/query/acc.cgi?acc=GSE71827
GSE71829,Transgenic overexpression of Pla2g2f at a level relevant to skin pathology display alopecia and psoriasis-like epidermal hyperplasia,exclude,1,第一阶段未同时发现皮肤对象和老化概念,exclude,第一阶段未同时发现皮肤对象和老化概念,two_stage_rule,False,intrinsic_skin_aging,skin; epidermis; skin_appendage,,,,,,other_disease,0,2015/08/08,https://www.ncbi.nlm.nih.gov/geo/query/acc.cgi?acc=GSE71829
GSE12480,Mitochondrial gene expression decline in aging is tissue-specific and independent of mitochondrial number,exclude,2,SuperSeries 的实际子研究指向非皮肤细胞，皮肤老化仅为背景,exclude,SuperSeries 的实际子研究指向非皮肤细胞，皮肤老化仅为背景,two_stage_rule,True,intrinsic_skin_aging,skin,aging_generic,,,,,,0,2015/07/03,https://www.ncbi.nlm.nih.gov/geo/query/acc.cgi?acc=GSE12480
GSE68826,Response of HK-2 cells to STAT3 activation by interleukin-6 and inhibition with S3I-201,exclude,0,第一阶段未同时发现皮肤对象和老化概念,exclude,第一阶段未同时发现皮肤对象和老化概念,two_stage_rule,False,intrinsic_skin_aging,,age_related; aging_generic,,,,,,0,2015/07/01,https://www.ncbi.nlm.nih.gov/geo/query/acc.cgi?acc=GSE68826
GSE68940,Response of HK-2 cells to stimulation with IL6 and TNF-alpha (90 minutes),exclude,0,第一阶段未同时发现皮肤对象和老化概念,exclude,第一阶段未同时发现皮肤对象和老化概念,two_stage_rule,False,intrinsic_skin_aging,,age_related; aging_generic,,,,,,0,2015/07/01,https://www.ncbi.nlm.nih.gov/geo/query/acc.cgi?acc=GSE68940
GSE68941,Response of HK-2 cells to stimulation with IL6 and TNF-alpha (72 hours),exclude,0,第一阶段未同时发现皮肤对象和老化概念,exclude,第一阶段未同时发现皮肤对象和老化概念,two_stage_rule,False,intrinsic_skin_aging,,age_related; aging_generic,,,,,,0,2015/07/01,https://www.ncbi.nlm.nih.gov/geo/query/acc.cgi?acc=GSE68941
GSE68942,"Response of HK-2 cells to stimulation with IFN, IL6 and TNF-alpha in different combinations",exclude,0,第一阶段未同时发现皮肤对象和老化概念,exclude,第一阶段未同时发现皮肤对象和老化概念,two_stage_rule,False,intrinsic_skin_aging,,age_related; aging_generic,,,,,,0,2015/07/01,https://www.ncbi.nlm.nih.gov/geo/query/acc.cgi?acc=GSE68942
GSE70152,Differentiating human embryonic stem cells into corneal epithelial-like cells,exclude,-6,第一阶段未同时发现皮肤对象和老化概念,exclude,第一阶段未同时发现皮肤对象和老化概念,two_stage_rule,False,intrinsic_skin_aging,,,,,,,embryonic_development; pluripotent,0,2015/06/24,https://www.ncbi.nlm.nih.gov/geo/query/acc.cgi?acc=GSE70152
GSE69998,Skin Resident Memory CD4+ T Cells Enhance Protection Against Leishmania Major Infection,exclude,2,第一阶段未同时发现皮肤对象和老化概念,exclude,第一阶段未同时发现皮肤对象和老化概念,two_stage_rule,False,intrinsic_skin_aging,skin,,,,,,,0,2015/06/19,https://www.ncbi.nlm.nih.gov/geo/query/acc.cgi?acc=GSE69998
GSE62648,Gene expression profiles in dorsal skin of hairless mice orally administrated collagen hydrolysate for 1 week,include,7,摘要将皮肤老化作为组学实验的直接研究问题,exclude,实验使用 9 周龄小鼠并比较胶原水解物与对照，1 周子系列没有 aged/young 对照，不是皮肤老化组学设计。,evidence_adjudication,True,intrinsic_skin_aging,skin; epidermis; dermis,chronological_aging; aging_generic; aged,skin_direct,,,,,1,2015/06/12,https://www.ncbi.nlm.nih.gov/geo/query/acc.cgi?acc=GSE62648
GSE62649,Gene expression profiles in dorsal skin of hairless mice orally administrated collagen hydrolysate for 12 weeks,include,7,摘要将皮肤老化作为组学实验的直接研究问题,exclude,实验从 9 周龄小鼠开始并比较胶原水解物与对照，12 周子系列仍缺少老年动物或明确衰老模型。,evidence_adjudication,True,intrinsic_skin_aging,skin; epidermis; dermis,chronological_aging; aging_generic; aged,skin_direct,,,,,1,2015/06/12,https://www.ncbi.nlm.nih.gov/geo/query/acc.cgi?acc=GSE62649
GSE69391,"Expression data from young and old healthy humans, as well as HGPS patients",exclude,5,第一阶段未同时发现皮肤对象和老化概念,exclude,第一阶段未同时发现皮肤对象和老化概念,two_stage_rule,False,intrinsic_skin_aging,,aging_generic; young_vs_old; premature_aging,,young_vs_old,,,,0,2015/05/30,https://www.ncbi.nlm.nih.gov/geo/query/acc.cgi?acc=GSE69391
GSE69116,Comparison of gene expresson between larger sized tetraploid and smaller sized diploid HCA2,exclude,0,第一阶段未同时发现皮肤对象和老化概念,exclude,第一阶段未同时发现皮肤对象和老化概念,two_stage_rule,False,intrinsic_skin_aging,,senescence,,,,,,0,2015/05/22,https://www.ncbi.nlm.nih.gov/geo/query/acc.cgi?acc=GSE69116
GSE58153,Sox4 links tumor suppression to accelerated aging in mice [Hair regeneration],exclude,2,研究核心为肿瘤，缺少皮肤老化样本与年龄对照的共同证据,exclude,研究核心为肿瘤，缺少皮肤老化样本与年龄对照的共同证据,two_stage_rule,True,skin_appendage_aging,skin; skin_stem_cell; skin_appendage,age_related; aging_generic,skin_appendage_sample,,,,cancer,0,2015/05/20,https://www.ncbi.nlm.nih.gov/geo/query/acc.cgi?acc=GSE58153
GSE58154,Sox4 links tumor suppression to accelerated aging in mice [Telogen],exclude,-1,SuperSeries 的实际子研究指向非皮肤细胞，皮肤老化仅为背景,exclude,SuperSeries 的实际子研究指向非皮肤细胞，皮肤老化仅为背景,two_stage_rule,True,intrinsic_skin_aging,skin; skin_stem_cell,age_related; aging_generic,,,,,cancer,0,2015/05/20,https://www.ncbi.nlm.nih.gov/geo/query/acc.cgi?acc=GSE58154
GSE58155,Sox4 links tumor suppression to accelerated aging in mice,exclude,-1,第一阶段未同时发现皮肤对象和老化概念,exclude,第一阶段未同时发现皮肤对象和老化概念,two_stage_rule,False,intrinsic_skin_aging,,aging_generic,,,,,cancer,0,2015/05/20,https://www.ncbi.nlm.nih.gov/geo/query/acc.cgi?acc=GSE58155
GSE63737,miRNAs in follicular fluid,exclude,-3,第一阶段未同时发现皮肤对象和老化概念,exclude,第一阶段未同时发现皮肤对象和老化概念,two_stage_rule,False,intrinsic_skin_aging,,aged; young_vs_old,,,,,reproductive,0,2015/05/12,https://www.ncbi.nlm.nih.gov/geo/query/acc.cgi?acc=GSE63737
GSE47000,Transcriptomic analysis reveals novel mechanistic insight into murine biological responses to multi-walled carbon nanotubes in lungs and cultured lung epithelia cells,exclude,-3,第一阶段未同时发现皮肤对象和老化概念,exclude,第一阶段未同时发现皮肤对象和老化概念,two_stage_rule,False,intrinsic_skin_aging,,,,,,,lung,0,2015/05/05,https://www.ncbi.nlm.nih.gov/geo/query/acc.cgi?acc=GSE47000
GSE59960,Replicative senescence is associated with nuclear reorganization and DNA methylation at specific transcription factor binding sites (MBD-seq),exclude,5,第一阶段未同时发现皮肤对象和老化概念,exclude,第一阶段未同时发现皮肤对象和老化概念,two_stage_rule,False,cellular_senescence,,senescence,,replicative_aging,,,,0,2015/03/26,https://www.ncbi.nlm.nih.gov/geo/query/acc.cgi?acc=GSE59960
GSE59979,Replicative senescence is associated with nuclear reorganization and DNA methylation at specific transcription factor binding sites,exclude,5,第一阶段未同时发现皮肤对象和老化概念,exclude,第一阶段未同时发现皮肤对象和老化概念,two_stage_rule,False,cellular_senescence,,senescence,,replicative_aging,,,,0,2015/03/26,https://www.ncbi.nlm.nih.gov/geo/query/acc.cgi?acc=GSE59979
GSE51954,Epigenome analysis of human epidermal and dermal samples with aging and sun exposure,include,10,标题明确以皮肤老化为研究主问题，实验设计未发现相反证据,include,标题明确以皮肤老化为研究主问题，实验设计未发现相反证据,two_stage_rule,True,intrinsic_skin_aging,epidermis; dermis,aging_generic; young_vs_old,,,,,,3,2015/03/23,https://www.ncbi.nlm.nih.gov/geo/query/acc.cgi?acc=GSE51954
GSE52972,Epigenome analysis of human epidermal samples with aging and sun exposure,include,8,标题明确以皮肤老化为研究主问题，实验设计未发现相反证据,include,标题明确以皮肤老化为研究主问题，实验设计未发现相反证据,two_stage_rule,True,intrinsic_skin_aging,epidermis,aging_generic; young_vs_old,,,,,,2,2015/03/23,https://www.ncbi.nlm.nih.gov/geo/query/acc.cgi?acc=GSE52972
GSE52980,Epigenome analysis of human epidermal and dermal samples with aging and sun exposure.,include,11,标题明确以老化/细胞衰老为主题，Overall Design 验证了皮肤来源样本,include,标题明确以老化/细胞衰老为主题，Overall Design 验证了皮肤来源样本,two_stage_rule,True,intrinsic_skin_aging,epidermis; dermis,aging_generic,dermal_sample,,,,,1,2015/03/23,https://www.ncbi.nlm.nih.gov/geo/query/acc.cgi?acc=GSE52980
GSE67098,Expression data from epidermal samples,include,9,实验设计和摘要共同表明皮肤老化是组学研究对象,include,实验设计和摘要共同表明皮肤老化是组学研究对象,two_stage_rule,True,intrinsic_skin_aging,epidermis,aging_generic; young_vs_old,epidermal_sample,,,,,2,2015/03/23,https://www.ncbi.nlm.nih.gov/geo/query/acc.cgi?acc=GSE67098
GSE60769,Normal mouse skin lacking Hras,exclude,5,第一阶段未同时发现皮肤对象和老化概念,exclude,第一阶段未同时发现皮肤对象和老化概念,two_stage_rule,False,intrinsic_skin_aging,skin,,skin_direct,,,,,0,2015/03/01,https://www.ncbi.nlm.nih.gov/geo/query/acc.cgi?acc=GSE60769
GSE60340,Pathway Profiling of Replicative and Induced Senescence,exclude,2,第一阶段未同时发现皮肤对象和老化概念,exclude,第一阶段未同时发现皮肤对象和老化概念,two_stage_rule,False,cellular_senescence,,aging_generic; senescence,,,,,,0,2015/02/01,https://www.ncbi.nlm.nih.gov/geo/query/acc.cgi?acc=GSE60340
GSE62371,miRNA expression profiling of primary melanoma tumors (cohort II),exclude,-3,第一阶段未同时发现皮肤对象和老化概念,exclude,第一阶段未同时发现皮肤对象和老化概念,two_stage_rule,False,intrinsic_skin_aging,,,,,,,cancer,0,2015/02/01,https://www.ncbi.nlm.nih.gov/geo/query/acc.cgi?acc=GSE62371
GSE62372,miRNA expression profiling of primary melanoma tumors,exclude,-3,第一阶段未同时发现皮肤对象和老化概念,exclude,第一阶段未同时发现皮肤对象和老化概念,two_stage_rule,False,intrinsic_skin_aging,,,,,,,cancer,0,2015/02/01,https://www.ncbi.nlm.nih.gov/geo/query/acc.cgi?acc=GSE62372
GSE62114,Expression data from Werner syndrome iPSCs,exclude,-6,第一阶段未同时发现皮肤对象和老化概念,exclude,第一阶段未同时发现皮肤对象和老化概念,two_stage_rule,False,intrinsic_skin_aging,,aging_generic; senescence; premature_aging,,,,,pluripotent; systemic_premature_aging,0,2014/12/31,https://www.ncbi.nlm.nih.gov/geo/query/acc.cgi?acc=GSE62114
GSE64137,"Essential role of microphthalmia transcription factor for DNA replication, mitosis and genomic stability in melanoma",exclude,-3,SuperSeries 的实际子研究指向非皮肤细胞，皮肤老化仅为背景,exclude,SuperSeries 的实际子研究指向非皮肤细胞，皮肤老化仅为背景,two_stage_rule,True,intrinsic_skin_aging,melanocyte,senescence,,,,,cancer,0,2014/12/13,https://www.ncbi.nlm.nih.gov/geo/query/acc.cgi?acc=GSE64137
GSE64023,Knockdown of TERC with siRNA in normal bone marrow stromal cells (BMSCs) recapitulates the defective BMSC phenotype in patients with telomere biology disorders,exclude,-3,研究核心为特定疾病模型，未直接研究皮肤老化,exclude,研究核心为特定疾病模型，未直接研究皮肤老化,two_stage_rule,True,intrinsic_skin_aging,skin,senescence,,,,,skeletal_repair,0,2014/12/09,https://www.ncbi.nlm.nih.gov/geo/query/acc.cgi?acc=GSE64023
GSE60569,Sustained expression of activated beta-catenin in dermal fibroblasts causes skin fibrosis,exclude,9,第一阶段未同时发现皮肤对象和老化概念,exclude,第一阶段未同时发现皮肤对象和老化概念,two_stage_rule,False,intrinsic_skin_aging,skin; dermis; dermal_fibroblast,,dermal_sample,,,,,0,2014/12/01,https://www.ncbi.nlm.nih.gov/geo/query/acc.cgi?acc=GSE60569
GSE63551,Transcriptome analysis from Nd2-mutant and control fibroblasts,exclude,0,第一阶段未同时发现皮肤对象和老化概念,exclude,第一阶段未同时发现皮肤对象和老化概念,two_stage_rule,False,intrinsic_skin_aging,,age_related; aging_generic; senescence,,,,,,0,2014/11/22,https://www.ncbi.nlm.nih.gov/geo/query/acc.cgi?acc=GSE63551
GSE51334,DNA replication-timing boundaries separate stable chromosome domains with cell-type-specific functions,exclude,0,第一阶段未同时发现皮肤对象和老化概念,exclude,第一阶段未同时发现皮肤对象和老化概念,two_stage_rule,False,intrinsic_skin_aging,,,,,,,,0,2014/11/20,https://www.ncbi.nlm.nih.gov/geo/query/acc.cgi?acc=GSE51334
GSE51336,Mouse regulatory DNA landscapes reveal global principles of cis-regulatory evolution,exclude,0,第一阶段未同时发现皮肤对象和老化概念,exclude,第一阶段未同时发现皮肤对象和老化概念,two_stage_rule,False,intrinsic_skin_aging,,,,,,,,0,2014/11/20,https://www.ncbi.nlm.nih.gov/geo/query/acc.cgi?acc=GSE51336
GSE62798,AMPK activation exerts anti-senescence effect in human follicle dermal papilla cells,include,7,标题明确以老化/细胞衰老为主题，Overall Design 验证了皮肤来源样本,include,标题明确以老化/细胞衰老为主题，Overall Design 验证了皮肤来源样本,two_stage_rule,True,cellular_senescence,dermis,senescence,dermal_papilla,,,,,0,2014/11/01,https://www.ncbi.nlm.nih.gov/geo/query/acc.cgi?acc=GSE62798
GSE51517,"Chip-chip and MIRA-chip from primary skin fibroblasts, derived of matched pairs of early and late donor age",include,10,明确包含皮肤样本，并设置年龄、衰老或光老化对照,include,明确包含皮肤样本，并设置年龄、衰老或光老化对照,two_stage_rule,True,intrinsic_skin_aging,skin,age_related; aging_generic,skin_fibroblast,age_groups,,,,1,2014/10/23,https://www.ncbi.nlm.nih.gov/geo/query/acc.cgi?acc=GSE51517
GSE51518,"RNA-seq from primary skin fibroblasts, derived of matched pairs of middle and late donor age",include,10,明确包含皮肤样本，并设置年龄、衰老或光老化对照,include,明确包含皮肤样本，并设置年龄、衰老或光老化对照,two_stage_rule,True,intrinsic_skin_aging,skin,age_related; aging_generic,skin_fibroblast,age_groups,,,,1,2014/10/23,https://www.ncbi.nlm.nih.gov/geo/query/acc.cgi?acc=GSE51518
GSE51519,Aging signatures developed from a longitudinal study design are dominated by reduced transcription of genes involved in protein synthesis.,exclude,2,第一阶段未同时发现皮肤对象和老化概念,exclude,第一阶段未同时发现皮肤对象和老化概念,two_stage_rule,False,intrinsic_skin_aging,,aging_generic,,,,,,0,2014/10/23,https://www.ncbi.nlm.nih.gov/geo/query/acc.cgi?acc=GSE51519
GSE60518,Expression data from immortalized and transformed WT and HGPS cell lines,exclude,0,同时命中皮肤和老化词，但缺少主研究问题与样本证据,exclude,同时命中皮肤和老化词，但缺少主研究问题与样本证据,two_stage_rule,True,intrinsic_skin_aging,skin,aging_generic; premature_aging,,,,,,0,2014/10/02,https://www.ncbi.nlm.nih.gov/geo/query/acc.cgi?acc=GSE60518
GSE60519,"Expression data from transformed WT and HGPS cell lines, including HGPS cells after knock-down of BRD4",exclude,0,同时命中皮肤和老化词，但缺少主研究问题与样本证据,exclude,同时命中皮肤和老化词，但缺少主研究问题与样本证据,two_stage_rule,True,intrinsic_skin_aging,skin,aging_generic; premature_aging,,,,,,0,2014/10/02,https://www.ncbi.nlm.nih.gov/geo/query/acc.cgi?acc=GSE60519
GSE61325,BRD4 binding sites in transformed fibroblasts,exclude,0,同时命中皮肤和老化词，但缺少主研究问题与样本证据,exclude,同时命中皮肤和老化词，但缺少主研究问题与样本证据,two_stage_rule,True,intrinsic_skin_aging,skin,aging_generic; premature_aging,,,,,,0,2014/10/02,https://www.ncbi.nlm.nih.gov/geo/query/acc.cgi?acc=GSE61325
GSE55949,Histone H3.3 and its proteolytically processed form drive a cellular senescence program,exclude,4,同时命中皮肤和老化词，但缺少主研究问题与样本证据,exclude,同时命中皮肤和老化词，但缺少主研究问题与样本证据,two_stage_rule,True,cellular_senescence,melanocyte,senescence,,,,,,1,2014/10/01,https://www.ncbi.nlm.nih.gov/geo/query/acc.cgi?acc=GSE55949
GSE60794,Solar simulated ultraviolet radiation induces histone 3 methylation changes in the gene promoters of matrix metalloproteinases 1 and 3 in primary human dermal fibroblasts [I],include,12,摘要将皮肤老化作为组学实验的直接研究问题,include,摘要将皮肤老化作为组学实验的直接研究问题,two_stage_rule,True,intrinsic_skin_aging,skin; dermis; dermal_fibroblast,photoaging,dermal_sample; hdf,,,,,1,2014/08/27,https://www.ncbi.nlm.nih.gov/geo/query/acc.cgi?acc=GSE60794
GSE60795,Solar simulated ultraviolet radiation induces histone 3 methylation changes in the gene promoters of matrix metalloproteinases 1 and 3 in primary human dermal fibroblasts [II],include,12,摘要将皮肤老化作为组学实验的直接研究问题,include,摘要将皮肤老化作为组学实验的直接研究问题,two_stage_rule,True,intrinsic_skin_aging,skin; dermis; dermal_fibroblast,photoaging,dermal_sample; hdf,,,,,1,2014/08/27,https://www.ncbi.nlm.nih.gov/geo/query/acc.cgi?acc=GSE60795
GSE51342,Comparative gene expression analysis of dental follicle and periodontal ligament in humans,exclude,-3,第一阶段未同时发现皮肤对象和老化概念,exclude,第一阶段未同时发现皮肤对象和老化概念,two_stage_rule,False,intrinsic_skin_aging,,,,,,,dental,0,2014/08/21,https://www.ncbi.nlm.nih.gov/geo/query/acc.cgi?acc=GSE51342
GSE45513,Mouse Spontaneous C3H/HeJ AA Skin,include,7,摘要将皮肤老化作为组学实验的直接研究问题,exclude,比较同龄小鼠的斑秃患病与未患病皮肤，研究变量是 alopecia areata 而非老化。,evidence_adjudication,True,intrinsic_skin_aging,skin,aged,skin_direct,,,,,1,2014/08/17,https://www.ncbi.nlm.nih.gov/geo/query/acc.cgi?acc=GSE45513
GSE58915,Changes of genes in time-dependent photoaged mouse model,include,10,明确包含皮肤样本，并设置年龄、衰老或光老化对照,include,明确包含皮肤样本，并设置年龄、衰老或光老化对照,two_stage_rule,True,photoaging,skin,photoaging,skin_direct,photoaging_model,,,,1,2014/07/14,https://www.ncbi.nlm.nih.gov/geo/query/acc.cgi?acc=GSE58915
GSE47977,Ozone Exposure Alters MicroRNA Expression Profiles in Humans,exclude,0,第一阶段未同时发现皮肤对象和老化概念,exclude,第一阶段未同时发现皮肤对象和老化概念,two_stage_rule,False,intrinsic_skin_aging,,,,,,,,0,2014/07/01,https://www.ncbi.nlm.nih.gov/geo/query/acc.cgi?acc=GSE47977
GSE49784,The role of nicotinamide phosphoribosyltransferase (Nampt) in hippocampal neural stem/progenitor cells,exclude,-3,第一阶段未同时发现皮肤对象和老化概念,exclude,第一阶段未同时发现皮肤对象和老化概念,two_stage_rule,False,intrinsic_skin_aging,,age_related; aging_generic,,,,,neurologic,0,2014/05/08,https://www.ncbi.nlm.nih.gov/geo/query/acc.cgi?acc=GSE49784
GSE55118,Inadequate mito-biogenesis in primary dermal fibroblasts from old humans is associated with impairment of PGC1A-independent stimulation.,include,16,明确包含皮肤样本，并设置年龄、衰老或光老化对照,include,明确包含皮肤样本，并设置年龄、衰老或光老化对照,two_stage_rule,True,intrinsic_skin_aging,skin; dermis; dermal_fibroblast,skin_aging; chronological_aging; age_related; aging_generic; aged; senescence,dermal_sample; skin_fibroblast,age_groups; replicative_aging,,,,0,2014/04/08,https://www.ncbi.nlm.nih.gov/geo/query/acc.cgi?acc=GSE55118
GSE54853,RNA-seq of C.elegans and M.musculus in the presence and absence of D-Glucosamine (GlcN),exclude,0,第一阶段未同时发现皮肤对象和老化概念,exclude,第一阶段未同时发现皮肤对象和老化概念,two_stage_rule,False,intrinsic_skin_aging,,aging_generic,,,,,,0,2014/03/07,https://www.ncbi.nlm.nih.gov/geo/query/acc.cgi?acc=GSE54853
GSE55299,miRNA expression in aging skin,include,14,明确包含皮肤样本，并设置年龄、衰老或光老化对照,include,明确包含皮肤样本，并设置年龄、衰老或光老化对照,two_stage_rule,True,intrinsic_skin_aging,skin,aging_generic; young_vs_old,skin_fibroblast,young_vs_old,,,,2,2014/02/25,https://www.ncbi.nlm.nih.gov/geo/query/acc.cgi?acc=GSE55299
GSE38308,Whole genome expression data from pre-auricular and post-auricular skin tissues,include,7,摘要将皮肤老化作为组学实验的直接研究问题,include,摘要将皮肤老化作为组学实验的直接研究问题,two_stage_rule,True,intrinsic_skin_aging,skin,photoaging,skin_tissue,,,,,1,2014/02/07,https://www.ncbi.nlm.nih.gov/geo/query/acc.cgi?acc=GSE38308
GSE54768,Chemical allergen-induced perturbations of the mouse lymph node DNA methylome,exclude,0,第一阶段未同时发现皮肤对象和老化概念,exclude,第一阶段未同时发现皮肤对象和老化概念,two_stage_rule,False,intrinsic_skin_aging,skin,,,,,,,0,2014/02/07,https://www.ncbi.nlm.nih.gov/geo/query/acc.cgi?acc=GSE54768
GSE27010,Generation of highly tumorigenic cells from N-RAS61K-induced senescent cells,exclude,-1,SuperSeries 的实际子研究指向非皮肤细胞，皮肤老化仅为背景,exclude,SuperSeries 的实际子研究指向非皮肤细胞，皮肤老化仅为背景,two_stage_rule,True,cellular_senescence,melanocyte,senescence,,,,,cancer,0,2014/01/20,https://www.ncbi.nlm.nih.gov/geo/query/acc.cgi?acc=GSE27010
GSE46450,Age-related methylation changes are associated with altered transcriptional circuitry [Methyl-seq],include,12,明确包含皮肤样本，并设置年龄、衰老或光老化对照,include,明确包含皮肤样本，并设置年龄、衰老或光老化对照,two_stage_rule,True,intrinsic_skin_aging,skin; epidermis,aged_skin; age_related; aging_generic; young_vs_old,skin_direct,young_vs_old,,,,3,2013/12/20,https://www.ncbi.nlm.nih.gov/geo/query/acc.cgi?acc=GSE46450
GSE46486,Age-related methylation changes are associated with altered transcriptional circuitry [RNA-seq],include,12,明确包含皮肤样本，并设置年龄、衰老或光老化对照,include,明确包含皮肤样本，并设置年龄、衰老或光老化对照,two_stage_rule,True,intrinsic_skin_aging,skin; epidermis,aged_skin; age_related; aging_generic; young_vs_old,skin_direct,young_vs_old,,,,3,2013/12/20,https://www.ncbi.nlm.nih.gov/geo/query/acc.cgi?acc=GSE46486
GSE46487,Age-related methylation changes are associated with altered transcriptional circuitry,exclude,5,第一阶段未同时发现皮肤对象和老化概念,exclude,第一阶段未同时发现皮肤对象和老化概念,two_stage_rule,False,intrinsic_skin_aging,,age_related,skin_tissue,,,,,0,2013/12/20,https://www.ncbi.nlm.nih.gov/geo/query/acc.cgi?acc=GSE46487
GSE52328,Nfatc1 Orchestrates Aging in Hair Follicle Stem Cells,include,7,标题明确以老化/细胞衰老为主题，Overall Design 验证了皮肤来源样本,include,标题明确以老化/细胞衰老为主题，Overall Design 验证了皮肤来源样本,two_stage_rule,True,skin_appendage_aging,skin_appendage,aging_generic,skin_appendage_sample,,,,,0,2013/11/14,https://www.ncbi.nlm.nih.gov/geo/query/acc.cgi?acc=GSE52328
GSE51194,Calcineurin/Nfatc1 signaling links skin stem cell quiescence to hormonal signaling during pregnancy and lactation,exclude,4,第一阶段未同时发现皮肤对象和老化概念,exclude,第一阶段未同时发现皮肤对象和老化概念,two_stage_rule,False,intrinsic_skin_aging,skin; skin_stem_cell; skin_appendage,,,,,,,0,2013/09/27,https://www.ncbi.nlm.nih.gov/geo/query/acc.cgi?acc=GSE51194
GSE49566,Analyses of a deactivation genetic variation in Ha-Ras proto oncogene identified in a patient wit premature aging and insulin resistance,exclude,4,SuperSeries 的实际子研究指向非皮肤细胞，皮肤老化仅为背景,exclude,SuperSeries 的实际子研究指向非皮肤细胞，皮肤老化仅为背景,two_stage_rule,True,intrinsic_skin_aging,skin,aging_generic; premature_aging,,,,,,0,2013/08/07,https://www.ncbi.nlm.nih.gov/geo/query/acc.cgi?acc=GSE49566
GSE48112,BET Bromodomains Mediate Transcriptional Pause Release in Heart Failure,exclude,0,第一阶段未同时发现皮肤对象和老化概念,exclude,第一阶段未同时发现皮肤对象和老化概念,two_stage_rule,False,intrinsic_skin_aging,,,,,,,,0,2013/08/06,https://www.ncbi.nlm.nih.gov/geo/query/acc.cgi?acc=GSE48112
GSE46801,"Expression data from Control, Uninfected and BRAF infected cells",exclude,0,研究核心为肿瘤，缺少皮肤老化样本与年龄对照的共同证据,exclude,研究核心为肿瘤，缺少皮肤老化样本与年龄对照的共同证据,two_stage_rule,True,intrinsic_skin_aging,epidermis; melanocyte,senescence,melanocyte_sample,,,,cancer,0,2013/08/01,https://www.ncbi.nlm.nih.gov/geo/query/acc.cgi?acc=GSE46801
GSE46805,Expression data from Uninfected and BRAF600V induced melanocytes,exclude,2,研究核心为肿瘤，缺少皮肤老化样本与年龄对照的共同证据,exclude,研究核心为肿瘤，缺少皮肤老化样本与年龄对照的共同证据,two_stage_rule,True,intrinsic_skin_aging,epidermis; melanocyte,senescence,melanocyte_sample,,,,cancer,0,2013/08/01,https://www.ncbi.nlm.nih.gov/geo/query/acc.cgi?acc=GSE46805
GSE46817,Expression data from 7 Human Melanomas,exclude,-3,Overall Design 的实际样本属于其他器官、肿瘤或非皮肤细胞,exclude,Overall Design 的实际样本属于其他器官、肿瘤或非皮肤细胞,two_stage_rule,True,intrinsic_skin_aging,epidermis; melanocyte,senescence,,,,,cancer,0,2013/08/01,https://www.ncbi.nlm.nih.gov/geo/query/acc.cgi?acc=GSE46817
GSE48761,Expression profiling of skin fibroblast and iPSC from Werner Syndrome,exclude,-4,皮肤细胞仅作为重编程或疾病诊断材料，并非皮肤老化研究对象,exclude,皮肤细胞仅作为重编程或疾病诊断材料，并非皮肤老化研究对象,two_stage_rule,True,intrinsic_skin_aging,skin,aging_generic; senescence; premature_aging,skin_fibroblast,,,fibroblast_reprogramming,pluripotent; systemic_premature_aging,0,2013/07/11,https://www.ncbi.nlm.nih.gov/geo/query/acc.cgi?acc=GSE48761
GSE46902,FANCD2 Activates Transcription of TAp63 and Suppresses Tumorigenesis,exclude,-3,SuperSeries 的实际子研究指向非皮肤细胞，皮肤老化仅为背景,exclude,SuperSeries 的实际子研究指向非皮肤细胞，皮肤老化仅为背景,two_stage_rule,True,intrinsic_skin_aging,skin,senescence,,,,,cancer,0,2013/06/27,https://www.ncbi.nlm.nih.gov/geo/query/acc.cgi?acc=GSE46902
GSE42807,Induced pluripotent stem cells can be generated in bulk culture,exclude,-3,同时命中皮肤和老化词，但缺少主研究问题与样本证据,exclude,同时命中皮肤和老化词，但缺少主研究问题与样本证据,two_stage_rule,True,intrinsic_skin_aging,dermis; dermal_fibroblast,senescence,,,,,pluripotent,0,2013/06/03,https://www.ncbi.nlm.nih.gov/geo/query/acc.cgi?acc=GSE42807
GSE41714,Implications of time-series gene expression profiles of replicative senescence,exclude,5,第一阶段未同时发现皮肤对象和老化概念,exclude,第一阶段未同时发现皮肤对象和老化概念,two_stage_rule,False,cellular_senescence,,aging_generic; senescence,,replicative_aging,,,,0,2013/04/24,https://www.ncbi.nlm.nih.gov/geo/query/acc.cgi?acc=GSE41714
GSE45516,Expression data from human Huntington fibroblasts,exclude,0,第一阶段未同时发现皮肤对象和老化概念,exclude,第一阶段未同时发现皮肤对象和老化概念,two_stage_rule,False,intrinsic_skin_aging,,,,,,,,0,2013/03/28,https://www.ncbi.nlm.nih.gov/geo/query/acc.cgi?acc=GSE45516
GSE31559,Various mice and rat tissues subjected to various treatments,exclude,0,第一阶段未同时发现皮肤对象和老化概念,exclude,第一阶段未同时发现皮肤对象和老化概念,two_stage_rule,False,intrinsic_skin_aging,,,,,,,,0,2013/03/22,https://www.ncbi.nlm.nih.gov/geo/query/acc.cgi?acc=GSE31559
GSE34671,Two-cell developmental block is due to the lack of cytoplasmic lattices in mouse antral oocytes,exclude,-3,第一阶段未同时发现皮肤对象和老化概念,exclude,第一阶段未同时发现皮肤对象和老化概念,two_stage_rule,False,intrinsic_skin_aging,,,,,,,reproductive,0,2013/02/04,https://www.ncbi.nlm.nih.gov/geo/query/acc.cgi?acc=GSE34671
GSE35620,Evolution of human-specific microRNA miR-941 [miRNA transfection],exclude,0,第一阶段未同时发现皮肤对象和老化概念,exclude,第一阶段未同时发现皮肤对象和老化概念,two_stage_rule,False,intrinsic_skin_aging,,,,,,,,0,2012/12/20,https://www.ncbi.nlm.nih.gov/geo/query/acc.cgi?acc=GSE35620
GSE42889,Expression data from adult mouse ovaries exposed to cigarette smoke in vivo,exclude,0,第一阶段未同时发现皮肤对象和老化概念,exclude,第一阶段未同时发现皮肤对象和老化概念,two_stage_rule,False,intrinsic_skin_aging,,senescence,,,,,,0,2012/12/13,https://www.ncbi.nlm.nih.gov/geo/query/acc.cgi?acc=GSE42889
GSE41751,"Correlated alterations in genome organization, histone methylation, and DNA-lamina interactions in Hutchinson-Gilford progeria syndrome (expression)",exclude,-3,第一阶段未同时发现皮肤对象和老化概念,exclude,第一阶段未同时发现皮肤对象和老化概念,two_stage_rule,False,intrinsic_skin_aging,,aging_generic; premature_aging,,,,,systemic_premature_aging,0,2012/10/30,https://www.ncbi.nlm.nih.gov/geo/query/acc.cgi?acc=GSE41751
GSE41757,"Correlated alterations in genome organization, histone methylation, and DNA-lamina interactions in Hutchinson-Gilford progeria syndrome (ChIP-seq)",exclude,-3,第一阶段未同时发现皮肤对象和老化概念,exclude,第一阶段未同时发现皮肤对象和老化概念,two_stage_rule,False,intrinsic_skin_aging,,aging_generic; premature_aging,,,,,systemic_premature_aging,0,2012/10/30,https://www.ncbi.nlm.nih.gov/geo/query/acc.cgi?acc=GSE41757
GSE41763,"Correlated alterations in genome organization, histone methylation, and DNA-lamina interactions in Hutchinson-Gilford progeria syndrome (Hi-C)",exclude,-3,第一阶段未同时发现皮肤对象和老化概念,exclude,第一阶段未同时发现皮肤对象和老化概念,two_stage_rule,False,intrinsic_skin_aging,,aging_generic; premature_aging,,,,,systemic_premature_aging,0,2012/10/30,https://www.ncbi.nlm.nih.gov/geo/query/acc.cgi?acc=GSE41763
GSE17966,oocyte miRNA profiling by array,exclude,-3,第一阶段未同时发现皮肤对象和老化概念,exclude,第一阶段未同时发现皮肤对象和老化概念,two_stage_rule,False,intrinsic_skin_aging,,aged; young_vs_old,,,,,reproductive,0,2012/09/04,https://www.ncbi.nlm.nih.gov/geo/query/acc.cgi?acc=GSE17966
GSE39170,Molecular Rejuvenation of Gene Expression Pattern of Photoaged and Intrinsically Aged Human Skin by Broadband Light Treatment,include,23,明确包含皮肤样本，并设置年龄、衰老或光老化对照,include,明确包含皮肤样本，并设置年龄、衰老或光老化对照,two_stage_rule,True,photoaging,skin,skin_aging; aged_skin; photoaging; chronological_aging; aging_generic; aged; young_vs_old; rejuvenation,skin_direct,young_vs_old; photoaging_model,aged_skin_treatment,,,4,2012/07/30,https://www.ncbi.nlm.nih.gov/geo/query/acc.cgi?acc=GSE39170
GSE30473,Myc and Miz-1 control melanocyte senescence by regulating intracellular cystathionase levels,include,10,明确包含皮肤样本，并设置年龄、衰老或光老化对照,include,明确包含皮肤样本，并设置年龄、衰老或光老化对照,two_stage_rule,True,cellular_senescence,melanocyte,senescence,melanocyte_sample,senescent_control,,,,0,2012/07/03,https://www.ncbi.nlm.nih.gov/geo/query/acc.cgi?acc=GSE30473
GSE29661,Cellular aging can be monitored by DNA-methylation changes at specific CpG sites,exclude,2,第一阶段未同时发现皮肤对象和老化概念,exclude,第一阶段未同时发现皮肤对象和老化概念,two_stage_rule,False,intrinsic_skin_aging,,aging_generic,,,,,,0,2012/05/22,https://www.ncbi.nlm.nih.gov/geo/query/acc.cgi?acc=GSE29661
GSE37655,Gene expression alteration by macrophage depletion in IKKα mutant mice,exclude,0,第一阶段未同时发现皮肤对象和老化概念,exclude,第一阶段未同时发现皮肤对象和老化概念,two_stage_rule,False,intrinsic_skin_aging,skin,,,,,,,0,2012/05/01,https://www.ncbi.nlm.nih.gov/geo/query/acc.cgi?acc=GSE37655
GSE28477,Expression data from mouse skin,exclude,5,第一阶段未同时发现皮肤对象和老化概念,exclude,第一阶段未同时发现皮肤对象和老化概念,two_stage_rule,False,intrinsic_skin_aging,skin,,skin_direct,,,,,0,2012/03/22,https://www.ncbi.nlm.nih.gov/geo/query/acc.cgi?acc=GSE28477
GSE35322,Expression data from tail skin in young (5 months) and old (30 months) CB6F1 mice,include,14,明确包含皮肤样本，并设置年龄、衰老或光老化对照,include,明确包含皮肤样本，并设置年龄、衰老或光老化对照,two_stage_rule,True,intrinsic_skin_aging,skin,skin_aging; age_related; aging_generic; young_vs_old,skin_direct,young_vs_old,,,,5,2012/03/15,https://www.ncbi.nlm.nih.gov/geo/query/acc.cgi?acc=GSE35322
GSE35836,Expression data from mouse neonatal ovarian 3MC culture experiments,exclude,-3,第一阶段未同时发现皮肤对象和老化概念,exclude,第一阶段未同时发现皮肤对象和老化概念,two_stage_rule,False,intrinsic_skin_aging,,senescence,,,,,reproductive,0,2012/02/16,https://www.ncbi.nlm.nih.gov/geo/query/acc.cgi?acc=GSE35836
GSE22595,Methylation Pattern of Human Dermal Fibroblasts,include,9,实验设计和摘要共同表明皮肤老化是组学研究对象,include,实验设计和摘要共同表明皮肤老化是组学研究对象,two_stage_rule,True,intrinsic_skin_aging,skin; epidermis; dermis; dermal_fibroblast,aging_generic,skin_tissue,,,,,1,2012/02/14,https://www.ncbi.nlm.nih.gov/geo/query/acc.cgi?acc=GSE22595
GSE35239,Open Chromatin by FAIRE from ENCODE/OpenChrom(UNC Chapel Hill),exclude,0,第一阶段未同时发现皮肤对象和老化概念,exclude,第一阶段未同时发现皮肤对象和老化概念,two_stage_rule,False,intrinsic_skin_aging,,,,,,,,0,2012/01/24,https://www.ncbi.nlm.nih.gov/geo/query/acc.cgi?acc=GSE35239
GSE27424,NOTCH3 knockdown in non-transformed human esophageal cells,exclude,0,第一阶段未同时发现皮肤对象和老化概念,exclude,第一阶段未同时发现皮肤对象和老化概念,two_stage_rule,False,intrinsic_skin_aging,,senescence,,,,,,0,2011/12/01,https://www.ncbi.nlm.nih.gov/geo/query/acc.cgi?acc=GSE27424
GSE33536,Expression data from human keratinocyte and PBMC-derived iPS cells,exclude,2,第一阶段未同时发现皮肤对象和老化概念,exclude,第一阶段未同时发现皮肤对象和老化概念,two_stage_rule,False,intrinsic_skin_aging,keratinocyte,,keratinocyte_sample,,,,blood,0,2011/11/09,https://www.ncbi.nlm.nih.gov/geo/query/acc.cgi?acc=GSE33536
GSE18876,Transcriptional Profile of Aging in Healthy Human Skin,include,8,标题明确以皮肤老化为研究主问题，实验设计未发现相反证据,include,标题明确以皮肤老化为研究主问题，实验设计未发现相反证据,two_stage_rule,True,intrinsic_skin_aging,skin; skin_appendage,aging_generic; aged,,,,,,2,2011/11/01,https://www.ncbi.nlm.nih.gov/geo/query/acc.cgi?acc=GSE18876
GSE32552,To better understand the molecular basis for modulation of glycosaminoglycans (GAGs) and proteoglycans post-UV exposure,exclude,3,同时命中皮肤和老化词，但缺少主研究问题与样本证据,exclude,同时命中皮肤和老化词，但缺少主研究问题与样本证据,two_stage_rule,True,intrinsic_skin_aging,skin; cutaneous; dermis; keratinocyte,aging_generic,keratinocyte_sample,,,,,0,2011/10/03,https://www.ncbi.nlm.nih.gov/geo/query/acc.cgi?acc=GSE32552
GSE31093,Knockdown and Overexpression of Cbx4 wild type and of a Cbx4 chromodomain mutant in human epidermal stem cells,exclude,7,同时命中皮肤和老化词，但缺少主研究问题与样本证据,exclude,同时命中皮肤和老化词，但缺少主研究问题与样本证据,two_stage_rule,True,intrinsic_skin_aging,epidermis; keratinocyte; skin_stem_cell,senescence,keratinocyte_sample,,,,,0,2011/08/02,https://www.ncbi.nlm.nih.gov/geo/query/acc.cgi?acc=GSE31093
GSE31094,Overexpression of Cbx4 wild type and of a Cbx4 sumoylation mutant in human epidermal stem cells,exclude,7,同时命中皮肤和老化词，但缺少主研究问题与样本证据,exclude,同时命中皮肤和老化词，但缺少主研究问题与样本证据,two_stage_rule,True,intrinsic_skin_aging,epidermis; keratinocyte; skin_stem_cell,senescence,keratinocyte_sample,,,,,0,2011/08/02,https://www.ncbi.nlm.nih.gov/geo/query/acc.cgi?acc=GSE31094
GSE29692,DNaseI Hypersensitivity by Digital DNaseI from ENCODE/University of Washington,exclude,0,第一阶段未同时发现皮肤对象和老化概念,exclude,第一阶段未同时发现皮肤对象和老化概念,two_stage_rule,False,intrinsic_skin_aging,,,,,,,,0,2011/06/03,https://www.ncbi.nlm.nih.gov/geo/query/acc.cgi?acc=GSE29692
GSE29263,Expression data from mouse neonatal ovarian DMBA and BaP culture experiments,exclude,-3,第一阶段未同时发现皮肤对象和老化概念,exclude,第一阶段未同时发现皮肤对象和老化概念,two_stage_rule,False,intrinsic_skin_aging,,senescence,,,,,reproductive,0,2011/05/13,https://www.ncbi.nlm.nih.gov/geo/query/acc.cgi?acc=GSE29263
GSE28300,Microarray-based identification of age-dependent differences in gene expression of human dermal fibroblasts,include,9,摘要将皮肤老化作为组学实验的直接研究问题,include,摘要将皮肤老化作为组学实验的直接研究问题,two_stage_rule,True,intrinsic_skin_aging,skin; dermis; dermal_fibroblast,young_vs_old,dermal_sample,,,,,1,2011/04/01,https://www.ncbi.nlm.nih.gov/geo/query/acc.cgi?acc=GSE28300
GSE14277,Cancer genomics identifies regulatory gene networks associated with the transition from dysplasia to adenocarcinomas,exclude,-3,第一阶段未同时发现皮肤对象和老化概念,exclude,第一阶段未同时发现皮肤对象和老化概念,two_stage_rule,False,intrinsic_skin_aging,epidermis,,,,,,cancer,0,2011/03/07,https://www.ncbi.nlm.nih.gov/geo/query/acc.cgi?acc=GSE14277
GSE22151,Responsiveness of genes to manipulation of transcription factors in ES cells is associated with chromatin structure and tissue specificity,exclude,0,第一阶段未同时发现皮肤对象和老化概念,exclude,第一阶段未同时发现皮肤对象和老化概念,two_stage_rule,False,intrinsic_skin_aging,,,,,,,,0,2011/02/14,https://www.ncbi.nlm.nih.gov/geo/query/acc.cgi?acc=GSE22151
GSE19806,Responsiveness of genes to manipulation of transcription factors in ES cells is associated with histone modifications and tissue specificity (1 of 2),exclude,0,第一阶段未同时发现皮肤对象和老化概念,exclude,第一阶段未同时发现皮肤对象和老化概念,two_stage_rule,False,intrinsic_skin_aging,,,,,,,,0,2011/02/11,https://www.ncbi.nlm.nih.gov/geo/query/acc.cgi?acc=GSE19806
GSE16715,Expression profiling in Williams-Beuren Syndrome patient fibroblast cell lines,exclude,0,第一阶段未同时发现皮肤对象和老化概念,exclude,第一阶段未同时发现皮肤对象和老化概念,two_stage_rule,False,intrinsic_skin_aging,,,,,,,,0,2011/01/31,https://www.ncbi.nlm.nih.gov/geo/query/acc.cgi?acc=GSE16715
GSE26475,Microarray expression data from whole murine knee joints at early time points post surgery in the destabilization of medial meniscus (DMM) model of OA,exclude,0,SuperSeries 的实际子研究指向非皮肤细胞，皮肤老化仅为背景,exclude,SuperSeries 的实际子研究指向非皮肤细胞，皮肤老化仅为背景,two_stage_rule,True,intrinsic_skin_aging,skin,aging_generic,,,,,,0,2011/01/13,https://www.ncbi.nlm.nih.gov/geo/query/acc.cgi?acc=GSE26475
GSE21648,Gene expression in human oral mucosal fibroblasts and patient-matched skin fibroblasts,include,4,摘要将皮肤老化作为组学实验的直接研究问题,exclude,主要比较口腔黏膜与皮肤成纤维细胞的创伤反应，未设置 young-old 或细胞衰老对照。,evidence_adjudication,True,intrinsic_skin_aging,skin,aging_generic,skin_fibroblast,,,,oral_mucosa,1,2011/01/01,https://www.ncbi.nlm.nih.gov/geo/query/acc.cgi?acc=GSE21648
GSE26328,DNaseI Digital Genomic Footprinting from ENCODE/University of Washington [Human],exclude,0,第一阶段未同时发现皮肤对象和老化概念,exclude,第一阶段未同时发现皮肤对象和老化概念,two_stage_rule,False,intrinsic_skin_aging,,,,,,,,0,2010/12/29,https://www.ncbi.nlm.nih.gov/geo/query/acc.cgi?acc=GSE26328
GSE20624,Breast Carcinomas arising at a Young Age: A Unique Biology or a Surrogate for Aggressive Intrinsic Subtypes.,exclude,-3,第一阶段未同时发现皮肤对象和老化概念,exclude,第一阶段未同时发现皮肤对象和老化概念,two_stage_rule,False,intrinsic_skin_aging,,aged,,,,,cancer,0,2010/09/01,https://www.ncbi.nlm.nih.gov/geo/query/acc.cgi?acc=GSE20624
GSE23914,Gene expression study identifies important protective pathways utilized by appendicitis and appendectomy for ameliorating colitis,exclude,0,第一阶段未同时发现皮肤对象和老化概念,exclude,第一阶段未同时发现皮肤对象和老化概念,two_stage_rule,False,intrinsic_skin_aging,,,,,,,,0,2010/09/01,https://www.ncbi.nlm.nih.gov/geo/query/acc.cgi?acc=GSE23914
GSE23725,Expression data from mouse neonatal ovarian xenobiotic culture experiments,exclude,-3,第一阶段未同时发现皮肤对象和老化概念,exclude,第一阶段未同时发现皮肤对象和老化概念,two_stage_rule,False,intrinsic_skin_aging,,senescence,,,,,reproductive,0,2010/08/21,https://www.ncbi.nlm.nih.gov/geo/query/acc.cgi?acc=GSE23725
GSE17551,Genes regulated after transient knock-down of Pirin in WM-266 cells,exclude,0,SuperSeries 的实际子研究指向非皮肤细胞，皮肤老化仅为背景,exclude,SuperSeries 的实际子研究指向非皮肤细胞，皮肤老化仅为背景,two_stage_rule,True,intrinsic_skin_aging,melanocyte,senescence,,,,,,0,2010/08/04,https://www.ncbi.nlm.nih.gov/geo/query/acc.cgi?acc=GSE17551
GSE17046,Analysis of the Infrared-A radiation induced transcriptom of human skin fibroblasts.,include,7,摘要将皮肤老化作为组学实验的直接研究问题,include,摘要将皮肤老化作为组学实验的直接研究问题,two_stage_rule,True,intrinsic_skin_aging,skin; dermis; dermal_fibroblast,skin_aging; photoaging; aging_generic,dermal_sample,,,,,1,2010/07/10,https://www.ncbi.nlm.nih.gov/geo/query/acc.cgi?acc=GSE17046
GSE22331,Expression data from ejaculated spermatozoa of normozoospermic and asthenozoospermic men,exclude,-3,第一阶段未同时发现皮肤对象和老化概念,exclude,第一阶段未同时发现皮肤对象和老化概念,two_stage_rule,False,intrinsic_skin_aging,,,,,,,reproductive,0,2010/06/25,https://www.ncbi.nlm.nih.gov/geo/query/acc.cgi?acc=GSE22331
GSE20735,Expression data from effector CD4 T cells isolated from MRL/Faslpr mice.,exclude,0,SuperSeries 的实际子研究指向非皮肤细胞，皮肤老化仅为背景,exclude,SuperSeries 的实际子研究指向非皮肤细胞，皮肤老化仅为背景,two_stage_rule,True,intrinsic_skin_aging,skin,young_vs_old,,,,,,0,2010/03/18,https://www.ncbi.nlm.nih.gov/geo/query/acc.cgi?acc=GSE20735
GSE15829,Aging of Human Fibroblast,exclude,4,同时命中皮肤和老化词，但缺少主研究问题与样本证据,exclude,同时命中皮肤和老化词，但缺少主研究问题与样本证据,two_stage_rule,True,intrinsic_skin_aging,skin,aging_generic; young_vs_old,,,,,,1,2010/02/26,https://www.ncbi.nlm.nih.gov/geo/query/acc.cgi?acc=GSE15829
GSE19090,"Exon arrays of ENCODE tier 1, tier 2 and tier 3 cell types",exclude,0,第一阶段未同时发现皮肤对象和老化概念,exclude,第一阶段未同时发现皮肤对象和老化概念,two_stage_rule,False,intrinsic_skin_aging,,,,,,,,0,2009/11/19,https://www.ncbi.nlm.nih.gov/geo/query/acc.cgi?acc=GSE19090
GSE12631,Molecular profiling of the of conjunctival epithelial side population cells,exclude,0,第一阶段未同时发现皮肤对象和老化概念,exclude,第一阶段未同时发现皮肤对象和老化概念,two_stage_rule,False,intrinsic_skin_aging,,,,,,,,0,2009/10/30,https://www.ncbi.nlm.nih.gov/geo/query/acc.cgi?acc=GSE12631
GSE15618,The alternative complement pathway appears to be a UVA sensor that leads to systemic immunosuppression,exclude,0,第一阶段未同时发现皮肤对象和老化概念,exclude,第一阶段未同时发现皮肤对象和老化概念,two_stage_rule,False,intrinsic_skin_aging,skin,,,,,,,0,2009/06/29,https://www.ncbi.nlm.nih.gov/geo/query/acc.cgi?acc=GSE15618
GSE16524,Expression data from skin fibroblasts derived from Setleis Syndrome patients and normal controls,exclude,5,同时命中皮肤和老化词，但缺少主研究问题与样本证据,exclude,同时命中皮肤和老化词，但缺少主研究问题与样本证据,two_stage_rule,True,intrinsic_skin_aging,skin; dermis,aged,skin_fibroblast,,,,,0,2009/06/11,https://www.ncbi.nlm.nih.gov/geo/query/acc.cgi?acc=GSE16524
GSE15228,"Gene expression differences between TAF4b-KO, Het and WT ovaries at 3 weeks of age",exclude,0,第一阶段未同时发现皮肤对象和老化概念,exclude,第一阶段未同时发现皮肤对象和老化概念,two_stage_rule,False,intrinsic_skin_aging,,aging_generic,,,,,,0,2009/06/01,https://www.ncbi.nlm.nih.gov/geo/query/acc.cgi?acc=GSE15228
GSE15907,ImmGen Microarray Phase 1,exclude,0,第一阶段未同时发现皮肤对象和老化概念,exclude,第一阶段未同时发现皮肤对象和老化概念,two_stage_rule,False,intrinsic_skin_aging,,,,,,,,0,2009/05/02,https://www.ncbi.nlm.nih.gov/geo/query/acc.cgi?acc=GSE15907
GSE11663,Human cleavage stage embryos are chromosomally unstable,exclude,0,第一阶段未同时发现皮肤对象和老化概念,exclude,第一阶段未同时发现皮肤对象和老化概念,two_stage_rule,False,intrinsic_skin_aging,,,,,,,,0,2009/04/26,https://www.ncbi.nlm.nih.gov/geo/query/acc.cgi?acc=GSE11663
GSE15488,Human Cell Toxicogenomic Analysis of Bromoacetic Acid: A Regulated Drinking Water Disinfection By-product,exclude,0,第一阶段未同时发现皮肤对象和老化概念,exclude,第一阶段未同时发现皮肤对象和老化概念,two_stage_rule,False,intrinsic_skin_aging,,,,,,,,0,2009/04/08,https://www.ncbi.nlm.nih.gov/geo/query/acc.cgi?acc=GSE15488
GSE15309,Cancer Genome Anatomy Project (CGAP) Human SAGE,exclude,-3,第一阶段未同时发现皮肤对象和老化概念,exclude,第一阶段未同时发现皮肤对象和老化概念,two_stage_rule,False,cellular_senescence,,,,,,,cancer,0,2009/03/20,https://www.ncbi.nlm.nih.gov/geo/query/acc.cgi?acc=GSE15309
GSE13208,Mouse Sirt6-/- tissues,exclude,0,第一阶段未同时发现皮肤对象和老化概念,exclude,第一阶段未同时发现皮肤对象和老化概念,two_stage_rule,False,intrinsic_skin_aging,skin,,,,,,,0,2009/01/09,https://www.ncbi.nlm.nih.gov/geo/query/acc.cgi?acc=GSE13208
GSE13272,Sirt6 study,exclude,0,第一阶段未同时发现皮肤对象和老化概念,exclude,第一阶段未同时发现皮肤对象和老化概念,two_stage_rule,False,intrinsic_skin_aging,,,,,,,,0,2009/01/09,https://www.ncbi.nlm.nih.gov/geo/query/acc.cgi?acc=GSE13272
GSE10702,Gene expression profile of cervical and skin tissues from HPV 16 E6 transgenic mice,exclude,5,第一阶段未同时发现皮肤对象和老化概念,exclude,第一阶段未同时发现皮肤对象和老化概念,two_stage_rule,False,intrinsic_skin_aging,skin; epidermis; keratinocyte,,skin_tissue,,,,,0,2008/09/01,https://www.ncbi.nlm.nih.gov/geo/query/acc.cgi?acc=GSE10702
GSE12034,The transcriptome of human oocytes,exclude,-3,第一阶段未同时发现皮肤对象和老化概念,exclude,第一阶段未同时发现皮肤对象和老化概念,two_stage_rule,False,intrinsic_skin_aging,,,,,,,reproductive,0,2008/07/09,https://www.ncbi.nlm.nih.gov/geo/query/acc.cgi?acc=GSE12034
GSE10123,Progerin-induced changes in gene expression,exclude,0,SuperSeries 的实际子研究指向非皮肤细胞，皮肤老化仅为背景,exclude,SuperSeries 的实际子研究指向非皮肤细胞，皮肤老化仅为背景,two_stage_rule,True,intrinsic_skin_aging,skin,aging_generic; premature_aging,,,,,,0,2008/02/09,https://www.ncbi.nlm.nih.gov/geo/query/acc.cgi?acc=GSE10123
GSE6799,Endogenous genes regulated by telomere length,exclude,0,SuperSeries 的实际子研究指向非皮肤细胞，皮肤老化仅为背景,exclude,SuperSeries 的实际子研究指向非皮肤细胞，皮肤老化仅为背景,two_stage_rule,True,intrinsic_skin_aging,skin,aging_generic; aged; senescence,,,,,,0,2007/12/07,https://www.ncbi.nlm.nih.gov/geo/query/acc.cgi?acc=GSE6799
GSE3845,Role of NF-kB in aging,exclude,2,SuperSeries 的实际子研究指向非皮肤细胞，皮肤老化仅为背景,exclude,SuperSeries 的实际子研究指向非皮肤细胞，皮肤老化仅为背景,two_stage_rule,True,intrinsic_skin_aging,skin; epidermis,age_related; aging_generic; aged; young_vs_old,,,,,,0,2007/12/01,https://www.ncbi.nlm.nih.gov/geo/query/acc.cgi?acc=GSE3845
GSE6555,Mesenchymal stem Cells vs. Fibroblasts,exclude,0,第一阶段未同时发现皮肤对象和老化概念,exclude,第一阶段未同时发现皮肤对象和老化概念,two_stage_rule,False,intrinsic_skin_aging,,,,,,,,0,2007/05/31,https://www.ncbi.nlm.nih.gov/geo/query/acc.cgi?acc=GSE6555
GSE6475,Acne lesion vs. normal skin. Also includes non-acne patients' normal skin samples.,exclude,5,第一阶段未同时发现皮肤对象和老化概念,exclude,第一阶段未同时发现皮肤对象和老化概念,two_stage_rule,False,intrinsic_skin_aging,skin,,skin_tissue,,,,,0,2006/12/12,https://www.ncbi.nlm.nih.gov/geo/query/acc.cgi?acc=GSE6475
GSE4695,Changes in gene expression in dermal fibroblasts following exposure to Et1 peptide,exclude,7,第一阶段未同时发现皮肤对象和老化概念,exclude,第一阶段未同时发现皮肤对象和老化概念,two_stage_rule,False,intrinsic_skin_aging,dermis; dermal_fibroblast,,dermal_sample,,,,,0,2006/04/25,https://www.ncbi.nlm.nih.gov/geo/query/acc.cgi?acc=GSE4695
GSE3551,"Diversity, Topographic Differentiation, and Positional Memory in Human Fibroblasts",exclude,3,第一阶段未同时发现皮肤对象和老化概念,exclude,第一阶段未同时发现皮肤对象和老化概念,two_stage_rule,False,intrinsic_skin_aging,skin,,skin_fibroblast,,,,,0,2005/11/03,https://www.ncbi.nlm.nih.gov/geo/query/acc.cgi?acc=GSE3551
GSE1144,aging of cultured human myotubes,exclude,-1,第一阶段未同时发现皮肤对象和老化概念,exclude,第一阶段未同时发现皮肤对象和老化概念,two_stage_rule,False,intrinsic_skin_aging,,aging_generic,,,,,muscle,0,2004/05/31,https://www.ncbi.nlm.nih.gov/geo/query/acc.cgi?acc=GSE1144
GSE1133,tissue-specific pattern of mRNA expression,exclude,0,第一阶段未同时发现皮肤对象和老化概念,exclude,第一阶段未同时发现皮肤对象和老化概念,two_stage_rule,False,intrinsic_skin_aging,,,,,,,,0,2004/03/19,https://www.ncbi.nlm.nih.gov/geo/query/acc.cgi?acc=GSE1133
GSE953,Effect of TERT and ATM on Gene Expression Profiles in Human Fibroblasts,exclude,3,第一阶段未同时发现皮肤对象和老化概念,exclude,第一阶段未同时发现皮肤对象和老化概念,two_stage_rule,False,intrinsic_skin_aging,skin,,dermal_sample,,,,,0,2004/01/17,https://www.ncbi.nlm.nih.gov/geo/query/acc.cgi?acc=GSE953
GSE14,Cancer Genome Anatomy Project (CGAP) SAGE Libraries,exclude,-3,第一阶段未同时发现皮肤对象和老化概念,exclude,第一阶段未同时发现皮肤对象和老化概念,two_stage_rule,False,cellular_senescence,,,,,,,cancer,0,2001/11/29,https://www.ncbi.nlm.nih.gov/geo/query/acc.cgi?acc=GSE14
